age,education,black,hispanic,married,nodegree,re74,re75,t,y
43.0,8.0,1.0,0.0,1.0,1.0,11755.601,12532.258,0.0,10797.93
54.0,3.0,1.0,0.0,1.0,1.0,0.0,0.0,1.0,6519.6533
21.0,12.0,0.0,0.0,1.0,0.0,14694.501,15217.742,0.0,17623.607
18.0,6.0,1.0,0.0,0.0,1.0,0.0,0.0,0.0,3653.7708
26.0,11.0,1.0,0.0,1.0,1.0,13714.868,13248.387,0.0,0.0
40.0,8.0,0.0,0.0,1.0,1.0,25862.322,26138.71,0.0,20445.664
27.0,12.0,1.0,0.0,1.0,0.0,9067.486,5370.968,0.0,15557.009
48.0,15.0,0.0,0.0,1.0,0.0,73472.51,71612.91,0.0,77343.195
34.0,17.0,0.0,0.0,1.0,0.0,32327.902,34016.13,0.0,36578.36
42.0,11.0,0.0,0.0,1.0,1.0,33307.535,44758.066,0.0,42982.707
31.0,12.0,0.0,0.0,1.0,0.0,22531.568,25064.516,0.0,30764.236
39.0,7.0,0.0,0.0,1.0,1.0,10580.041,17545.16,0.0,8357.585
48.0,8.0,1.0,0.0,1.0,1.0,37226.07,26854.84,0.0,23420.945
42.0,17.0,0.0,0.0,1.0,0.0,68574.336,64451.613,0.0,74369.21
49.0,14.0,0.0,0.0,1.0,0.0,33307.535,30435.484,0.0,26855.723
22.0,12.0,1.0,0.0,0.0,0.0,5891.515,10367.758,1.0,9825.469
26.0,12.0,0.0,0.0,1.0,0.0,15674.134,13427.419,0.0,15552.324
32.0,12.0,0.0,0.0,1.0,0.0,30564.562,35806.453,0.0,37321.477
43.0,16.0,0.0,0.0,1.0,0.0,49961.305,50129.03,0.0,46059.63
46.0,11.0,1.0,0.0,1.0,1.0,17868.514,17903.227,0.0,23390.625
19.0,11.0,0.0,0.0,0.0,1.0,3221.0347,12532.258,0.0,10651.894
20.0,12.0,0.0,0.0,1.0,0.0,25294.135,18798.387,0.0,26974.125
27.0,8.0,0.0,0.0,1.0,1.0,8424.848,7698.387,0.0,16987.611
26.0,12.0,1.0,0.0,1.0,0.0,15478.208,18175.355,0.0,45282.26
35.0,12.0,1.0,0.0,1.0,0.0,16065.988,16086.048,0.0,28365.875
50.0,7.0,1.0,0.0,1.0,1.0,20384.213,17008.064,0.0,26519.902
46.0,12.0,0.0,0.0,1.0,0.0,29389.002,27033.871,0.0,30801.586
34.0,10.0,0.0,0.0,1.0,1.0,11755.601,12174.194,0.0,13225.023
33.0,17.0,1.0,0.0,1.0,0.0,33307.535,29540.322,0.0,29223.434
49.0,17.0,0.0,0.0,1.0,0.0,47022.402,48338.71,0.0,44808.246
26.0,11.0,1.0,0.0,1.0,1.0,0.0,2754.646,0.0,5312.5376
42.0,17.0,0.0,0.0,1.0,0.0,26841.955,31330.645,0.0,33761.11
50.0,17.0,0.0,0.0,1.0,0.0,33307.535,30435.484,0.0,28479.484
36.0,12.0,0.0,0.0,1.0,0.0,33307.535,30435.484,0.0,31129.19
33.0,14.0,0.0,0.0,1.0,0.0,14106.721,14322.581,0.0,18025.05
26.0,16.0,0.0,0.0,1.0,0.0,16457.842,21483.871,0.0,27321.617
42.0,8.0,0.0,0.0,1.0,1.0,1763.3401,0.0,1.0,19973.092
33.0,17.0,0.0,0.0,1.0,0.0,33307.535,31867.742,0.0,31558.332
41.0,9.0,0.0,0.0,1.0,1.0,19592.668,21483.871,0.0,27057.742
26.0,14.0,1.0,0.0,1.0,0.0,14506.411,17187.098,0.0,16978.77
31.0,11.0,0.0,0.0,1.0,1.0,15870.061,15602.661,0.0,26050.205
26.0,14.0,0.0,0.0,1.0,0.0,18613.035,19693.549,0.0,17875.674
49.0,13.0,0.0,0.0,1.0,0.0,18221.182,17903.227,0.0,16823.57
29.0,13.0,0.0,0.0,0.0,0.0,7958.542,0.0,0.0,11866.151
41.0,5.0,1.0,0.0,1.0,1.0,8424.848,10741.935,0.0,10666.393
33.0,10.0,0.0,0.0,1.0,1.0,19592.668,10741.935,0.0,27240.113
27.0,16.0,0.0,0.0,1.0,0.0,26841.955,22200.0,0.0,26602.52
31.0,9.0,1.0,0.0,0.0,1.0,10717.03,5517.841,0.0,11696.575
50.0,12.0,0.0,0.0,1.0,0.0,15282.281,14322.581,0.0,12932.495
32.0,12.0,0.0,1.0,1.0,0.0,43103.87,37596.773,0.0,25572.51
48.0,16.0,0.0,0.0,1.0,0.0,24663.252,18082.258,0.0,18634.656
25.0,11.0,1.0,0.0,0.0,1.0,0.0,0.0,0.0,0.0
39.0,9.0,1.0,0.0,1.0,1.0,10580.041,9667.742,0.0,12703.757
38.0,14.0,0.0,0.0,1.0,0.0,37226.07,50129.03,0.0,47090.223
31.0,12.0,1.0,0.0,1.0,0.0,19592.668,19466.178,0.0,31695.375
27.0,17.0,0.0,0.0,1.0,0.0,22594.266,18261.29,0.0,19415.215
25.0,17.0,0.0,0.0,1.0,0.0,20180.447,21036.29,0.0,16203.968
33.0,17.0,0.0,0.0,1.0,0.0,50940.938,39387.098,0.0,51817.676
34.0,10.0,1.0,0.0,1.0,1.0,21551.936,10083.097,0.0,11617.152
42.0,10.0,1.0,0.0,0.0,1.0,7837.0674,1718.7097,0.0,23304.123
43.0,12.0,1.0,0.0,1.0,0.0,26450.102,14322.581,0.0,6873.531
19.0,9.0,0.0,0.0,0.0,1.0,0.0,0.0,0.0,0.0
25.0,12.0,0.0,0.0,1.0,0.0,27429.734,21483.871,0.0,24176.16
49.0,8.0,0.0,0.0,1.0,1.0,25862.322,22916.129,0.0,33268.855
45.0,9.0,0.0,0.0,1.0,1.0,0.0,0.0,0.0,7221.5127
48.0,11.0,0.0,0.0,1.0,1.0,0.0,0.0,0.0,0.0
45.0,11.0,0.0,0.0,1.0,1.0,12382.566,21483.871,0.0,22322.377
27.0,14.0,0.0,0.0,1.0,0.0,12419.792,16829.031,0.0,18828.996
28.0,14.0,0.0,0.0,1.0,0.0,21649.898,26854.84,0.0,0.0
17.0,10.0,1.0,0.0,0.0,1.0,0.0,0.0,0.0,2682.7227
28.0,12.0,0.0,0.0,1.0,0.0,7837.0674,4475.8066,0.0,0.0
43.0,9.0,0.0,0.0,1.0,1.0,11755.601,10741.935,0.0,20402.746
29.0,12.0,0.0,0.0,0.0,0.0,43103.87,37596.773,0.0,45245.01
21.0,14.0,1.0,0.0,0.0,0.0,9420.155,5370.968,0.0,5193.7964
38.0,12.0,0.0,0.0,1.0,0.0,23511.201,26854.84,0.0,27302.117
26.0,14.0,1.0,0.0,1.0,0.0,24490.836,25717.984,0.0,34462.76
52.0,5.0,1.0,0.0,1.0,1.0,7523.5845,4296.7744,0.0,0.0
55.0,12.0,0.0,0.0,1.0,0.0,26450.102,23990.322,0.0,15230.663
26.0,17.0,0.0,0.0,0.0,0.0,24490.836,26854.84,0.0,30877.314
37.0,12.0,0.0,0.0,1.0,0.0,0.0,0.0,0.0,0.0
23.0,12.0,1.0,0.0,1.0,0.0,11167.821,7812.968,0.0,13305.971
22.0,12.0,0.0,0.0,0.0,0.0,9951.116,14322.581,0.0,18695.666
50.0,14.0,0.0,0.0,1.0,0.0,70533.6,29540.322,0.0,45135.69
35.0,16.0,0.0,0.0,1.0,0.0,23511.201,22737.098,0.0,23345.453
24.0,13.0,0.0,1.0,1.0,0.0,21922.236,24742.258,0.0,31663.781
23.0,16.0,0.0,0.0,1.0,0.0,14694.501,19693.549,0.0,19190.28
32.0,16.0,1.0,0.0,1.0,0.0,15282.281,19693.549,0.0,1994.2505
18.0,10.0,0.0,0.0,1.0,1.0,15674.134,21483.871,0.0,24673.49
42.0,14.0,1.0,0.0,1.0,0.0,0.0,0.0,0.0,0.0
24.0,12.0,0.0,0.0,1.0,0.0,13029.124,13964.516,0.0,14606.361
28.0,12.0,0.0,0.0,1.0,0.0,22727.494,20051.613,0.0,53906.887
47.0,4.0,1.0,0.0,0.0,1.0,9796.334,10741.935,0.0,13380.262
19.0,12.0,0.0,0.0,0.0,0.0,11755.601,19335.484,0.0,15946.126
30.0,16.0,0.0,0.0,1.0,0.0,24490.836,26854.84,0.0,30387.764
25.0,12.0,0.0,0.0,1.0,0.0,26450.102,26836.936,0.0,24901.492
50.0,7.0,0.0,0.0,1.0,1.0,15160.807,15933.871,0.0,20966.436
24.0,13.0,1.0,0.0,1.0,0.0,18881.453,16112.903,0.0,24089.326
55.0,10.0,0.0,0.0,1.0,1.0,21551.936,19693.549,0.0,29077.625
47.0,14.0,1.0,0.0,1.0,0.0,23511.201,25565.807,0.0,23825.992
26.0,16.0,0.0,0.0,1.0,0.0,18025.256,23274.193,0.0,15277.171
27.0,16.0,0.0,0.0,1.0,0.0,24098.982,7161.2905,0.0,0.0
49.0,8.0,0.0,0.0,1.0,1.0,31348.27,37596.773,0.0,50290.11
26.0,8.0,1.0,0.0,1.0,1.0,25470.469,23274.193,0.0,33714.098
54.0,15.0,0.0,0.0,1.0,0.0,39185.336,37471.453,0.0,39151.35
40.0,12.0,0.0,0.0,1.0,0.0,45063.137,48338.71,0.0,51730.125
29.0,17.0,0.0,0.0,1.0,0.0,21943.787,21752.42,0.0,27283.271
49.0,5.0,1.0,0.0,1.0,1.0,7944.8267,7698.387,0.0,22738.123
24.0,12.0,1.0,0.0,1.0,0.0,14694.501,11816.129,0.0,23624.328
51.0,17.0,0.0,0.0,1.0,0.0,74452.14,0.0,0.0,33928.66
35.0,17.0,0.0,0.0,1.0,0.0,19592.668,44758.066,0.0,35692.816
27.0,17.0,0.0,0.0,0.0,0.0,15674.134,0.0,0.0,0.0
41.0,3.0,1.0,0.0,1.0,1.0,6990.664,3222.5806,0.0,6582.1807
52.0,9.0,0.0,0.0,1.0,1.0,19592.668,16112.903,0.0,14484.302
27.0,12.0,1.0,0.0,1.0,0.0,9796.334,14322.581,0.0,25177.717
18.0,12.0,1.0,0.0,0.0,0.0,0.0,0.0,0.0,0.0
30.0,11.0,0.0,0.0,1.0,1.0,16065.988,17989.16,0.0,11985.047
43.0,12.0,1.0,0.0,1.0,0.0,24490.836,29355.92,0.0,29008.53
21.0,12.0,0.0,0.0,1.0,0.0,18417.107,19693.549,0.0,26420.143
29.0,12.0,0.0,0.0,1.0,0.0,26841.955,20588.71,0.0,14137.053
55.0,6.0,1.0,0.0,1.0,1.0,19962.969,26854.84,0.0,19246.535
29.0,12.0,0.0,0.0,1.0,0.0,21551.936,20588.71,0.0,32188.844
28.0,10.0,1.0,0.0,0.0,1.0,0.0,2836.506,0.0,12519.798
23.0,12.0,1.0,0.0,1.0,0.0,15674.134,16202.419,0.0,22446.836
26.0,15.0,0.0,0.0,0.0,0.0,979.6334,1879.8387,1.0,3239.4387
23.0,12.0,1.0,0.0,0.0,0.0,0.0,0.0,0.0,0.0
27.0,12.0,1.0,0.0,1.0,0.0,19004.889,19693.549,0.0,27768.85
20.0,11.0,0.0,0.0,1.0,1.0,6661.5073,5370.968,0.0,13203.158
31.0,12.0,1.0,0.0,0.0,0.0,15282.281,17903.227,0.0,20711.656
21.0,13.0,0.0,0.0,1.0,0.0,18417.107,8951.613,0.0,0.0
22.0,12.0,0.0,0.0,1.0,0.0,8816.7,10741.935,0.0,27874.746
25.0,14.0,1.0,0.0,1.0,0.0,35040.07,11536.57,0.0,32604.127
29.0,12.0,1.0,0.0,0.0,0.0,9748.387,4878.937,0.0,10789.258
22.0,16.0,0.0,0.0,1.0,0.0,7837.0674,16112.903,0.0,4528.1597
34.0,12.0,0.0,0.0,1.0,0.0,9404.48,9166.451,0.0,13770.64
31.0,14.0,0.0,0.0,1.0,0.0,31348.27,34016.13,0.0,29454.193
26.0,14.0,1.0,0.0,1.0,0.0,21943.787,25959.678,0.0,23762.576
45.0,12.0,0.0,0.0,1.0,0.0,24686.762,15217.742,0.0,19782.326
40.0,10.0,0.0,1.0,1.0,1.0,0.0,0.0,0.0,0.0
23.0,12.0,0.0,0.0,1.0,0.0,21551.936,21483.871,0.0,19536.426
54.0,3.0,0.0,0.0,1.0,1.0,24530.02,19514.516,0.0,21021.105
49.0,12.0,0.0,0.0,1.0,0.0,27429.734,26854.84,0.0,0.0
38.0,12.0,0.0,0.0,1.0,0.0,29389.002,26496.773,0.0,47531.01
47.0,12.0,0.0,0.0,1.0,0.0,35266.8,40103.227,0.0,38963.95
27.0,10.0,0.0,0.0,1.0,1.0,9404.48,11812.548,0.0,25899.547
46.0,8.0,0.0,0.0,1.0,1.0,14498.574,10741.935,0.0,19766.75
52.0,12.0,0.0,0.0,1.0,0.0,37226.07,35831.516,0.0,45780.453
32.0,11.0,1.0,0.0,1.0,1.0,6524.3584,0.0,1.0,10946.864
41.0,8.0,0.0,0.0,1.0,1.0,0.0,0.0,1.0,0.0
52.0,10.0,0.0,0.0,1.0,1.0,35266.8,17187.098,0.0,79709.18
22.0,13.0,0.0,0.0,0.0,0.0,783.7067,0.0,1.0,0.0
32.0,12.0,1.0,0.0,1.0,0.0,7837.0674,5370.968,0.0,0.0
37.0,13.0,0.0,0.0,1.0,0.0,45063.137,35806.453,0.0,25638.39
39.0,14.0,0.0,0.0,1.0,0.0,31348.27,27750.0,0.0,29822.996
30.0,14.0,0.0,0.0,1.0,0.0,16653.768,17545.16,0.0,21406.959
28.0,9.0,1.0,0.0,1.0,1.0,7837.0674,8235.484,0.0,0.0
43.0,6.0,1.0,0.0,1.0,1.0,19912.03,16112.903,0.0,15204.758
28.0,17.0,0.0,0.0,1.0,0.0,27037.883,27750.0,0.0,15513.172
28.0,16.0,1.0,0.0,1.0,0.0,23511.201,16112.903,0.0,10791.461
46.0,12.0,0.0,0.0,1.0,0.0,29389.002,24214.113,0.0,29018.637
23.0,8.0,0.0,1.0,0.0,1.0,0.0,0.0,0.0,0.0
31.0,12.0,0.0,1.0,1.0,0.0,26841.955,6982.2583,0.0,19334.186
47.0,10.0,1.0,0.0,1.0,1.0,29389.002,26854.84,0.0,34288.715
29.0,16.0,1.0,0.0,1.0,0.0,28409.37,32225.807,0.0,33315.926
26.0,17.0,0.0,0.0,1.0,0.0,15674.134,16829.031,0.0,20292.951
53.0,13.0,0.0,0.0,1.0,0.0,35658.656,35806.453,0.0,26343.568
30.0,11.0,1.0,0.0,1.0,1.0,0.0,0.0,1.0,6344.5146
41.0,4.0,1.0,0.0,0.0,1.0,7494.1953,5370.968,0.0,7440.7324
34.0,12.0,0.0,0.0,1.0,0.0,24486.916,22200.0,0.0,31481.016
47.0,8.0,0.0,0.0,0.0,1.0,0.0,0.0,0.0,0.0
22.0,11.0,0.0,0.0,1.0,1.0,6442.0693,5818.5483,0.0,0.0
32.0,12.0,0.0,0.0,1.0,0.0,23511.201,25064.516,0.0,30950.89
18.0,11.0,1.0,0.0,0.0,1.0,858.2543,214.5636,1.0,2350.8735
31.0,9.0,0.0,0.0,1.0,1.0,22531.568,21483.871,0.0,25380.395
24.0,16.0,0.0,0.0,0.0,0.0,19592.668,17903.227,0.0,40522.965
21.0,12.0,1.0,0.0,1.0,0.0,9796.334,4296.7744,0.0,8636.042
40.0,5.0,1.0,0.0,1.0,1.0,10188.187,12174.194,0.0,5351.075
23.0,13.0,0.0,0.0,1.0,0.0,19592.668,21483.871,0.0,21473.639
25.0,13.0,0.0,0.0,0.0,0.0,23511.201,14322.581,0.0,31351.283
42.0,16.0,0.0,0.0,1.0,0.0,26450.102,27499.355,0.0,36399.375
22.0,13.0,1.0,0.0,1.0,0.0,11755.601,15217.742,0.0,19923.457
43.0,12.0,0.0,0.0,1.0,0.0,15674.134,14680.645,0.0,19605.047
23.0,10.0,1.0,0.0,0.0,1.0,0.0,0.0,0.0,6855.988
24.0,16.0,0.0,0.0,1.0,0.0,20200.041,17903.227,0.0,0.0
27.0,17.0,0.0,0.0,1.0,0.0,27429.734,27750.0,0.0,31007.49
44.0,7.0,1.0,0.0,1.0,1.0,10775.967,10741.935,0.0,8288.372
21.0,15.0,0.0,0.0,0.0,0.0,0.0,3222.5806,0.0,0.0
37.0,9.0,1.0,0.0,1.0,1.0,15674.134,16112.903,0.0,23492.83
26.0,12.0,0.0,0.0,1.0,0.0,7406.0283,0.0,0.0,0.0
25.0,16.0,0.0,0.0,0.0,0.0,25078.615,25601.613,0.0,41679.195
43.0,12.0,0.0,0.0,1.0,0.0,30564.562,23811.29,0.0,8344.866
35.0,12.0,0.0,0.0,0.0,0.0,13714.868,15038.71,0.0,0.0
48.0,4.0,1.0,0.0,0.0,1.0,0.0,0.0,0.0,0.0
23.0,12.0,0.0,1.0,1.0,0.0,25470.469,21483.871,0.0,23459.062
23.0,16.0,0.0,0.0,1.0,0.0,14694.501,23274.193,0.0,29924.49
29.0,14.0,0.0,0.0,1.0,0.0,19200.814,21483.871,0.0,24170.693
20.0,10.0,0.0,0.0,0.0,1.0,2938.9001,8951.613,0.0,21708.545
34.0,12.0,0.0,0.0,1.0,0.0,0.0,0.0,1.0,16666.764
38.0,9.0,1.0,0.0,1.0,1.0,4228.0977,7941.871,0.0,0.0
27.0,16.0,0.0,0.0,1.0,0.0,22531.568,21483.871,0.0,16222.886
24.0,12.0,1.0,0.0,0.0,0.0,783.7067,0.0,0.0,0.0
37.0,12.0,0.0,0.0,1.0,0.0,11430.363,11372.129,0.0,17779.521
53.0,12.0,0.0,0.0,1.0,0.0,26450.102,25064.516,0.0,30481.164
46.0,17.0,0.0,0.0,0.0,0.0,21258.045,24094.16,0.0,30080.639
25.0,9.0,1.0,0.0,1.0,1.0,5877.8003,6266.129,0.0,24330.762
53.0,13.0,0.0,0.0,1.0,0.0,1567.4135,3938.7097,0.0,0.0
27.0,11.0,1.0,0.0,0.0,1.0,2206.94,2666.274,0.0,0.0
25.0,9.0,0.0,0.0,0.0,1.0,5877.8003,13427.419,0.0,0.0
28.0,8.0,0.0,0.0,1.0,1.0,9404.48,14322.581,0.0,11979.554
26.0,16.0,0.0,0.0,1.0,0.0,21551.936,20588.71,0.0,16680.363
51.0,12.0,0.0,0.0,1.0,0.0,16849.695,19693.549,0.0,25545.53
21.0,12.0,1.0,0.0,0.0,0.0,19592.668,716.129,0.0,14453.633
25.0,14.0,1.0,0.0,1.0,0.0,20768.229,23274.193,0.0,23307.701
19.0,10.0,0.0,0.0,1.0,1.0,10775.967,14322.581,0.0,20539.426
25.0,13.0,1.0,0.0,0.0,0.0,12362.93,3090.732,0.0,0.0
27.0,9.0,0.0,0.0,1.0,1.0,11749.723,2327.4194,0.0,7785.7495
33.0,13.0,0.0,0.0,1.0,0.0,48981.67,32225.807,0.0,39519.95
26.0,12.0,0.0,0.0,1.0,0.0,19592.668,21125.807,0.0,19347.998
31.0,9.0,1.0,0.0,1.0,1.0,6024.7456,5621.613,0.0,4081.867
53.0,8.0,0.0,0.0,1.0,1.0,12235.621,0.0,0.0,6365.3774
22.0,12.0,0.0,1.0,1.0,0.0,492.2305,7055.702,0.0,13189.225
37.0,8.0,0.0,0.0,1.0,1.0,15674.134,26317.742,0.0,17601.775
34.0,12.0,0.0,0.0,1.0,0.0,29389.002,30793.549,0.0,25244.703
28.0,11.0,0.0,0.0,1.0,1.0,23511.201,5370.968,0.0,0.0
38.0,12.0,0.0,0.0,1.0,0.0,23511.201,16112.903,0.0,15716.48
47.0,17.0,0.0,0.0,1.0,0.0,52900.203,49233.87,0.0,42491.547
49.0,9.0,0.0,0.0,1.0,1.0,22727.494,30435.484,0.0,46476.164
51.0,8.0,0.0,0.0,1.0,1.0,23511.201,27019.549,0.0,21640.209
46.0,14.0,0.0,0.0,1.0,0.0,35266.8,33120.97,0.0,38197.844
19.0,11.0,0.0,0.0,0.0,1.0,4114.4604,4654.839,0.0,2901.0823
25.0,15.0,0.0,0.0,1.0,0.0,17633.4,16112.903,0.0,12252.477
23.0,9.0,1.0,0.0,1.0,1.0,17633.4,12532.258,0.0,18926.537
42.0,12.0,0.0,0.0,1.0,0.0,18879.494,17008.064,0.0,11715.283
43.0,11.0,1.0,0.0,1.0,1.0,17633.4,14322.581,0.0,16228.994
29.0,15.0,0.0,0.0,0.0,0.0,30368.635,28645.16,0.0,8040.425
21.0,12.0,1.0,0.0,0.0,0.0,1959.2668,5460.484,0.0,8768.202
55.0,10.0,0.0,0.0,1.0,1.0,28330.998,28602.193,0.0,27288.846
52.0,8.0,1.0,0.0,1.0,1.0,35266.8,33120.97,0.0,27690.06
43.0,12.0,0.0,0.0,0.0,0.0,32327.902,33479.03,0.0,35591.203
20.0,12.0,0.0,0.0,0.0,0.0,4811.9595,716.129,0.0,0.0
40.0,16.0,0.0,0.0,1.0,0.0,43103.87,39387.098,0.0,38840.113
24.0,10.0,1.0,0.0,0.0,1.0,3152.4602,3902.9033,0.0,0.0
48.0,12.0,0.0,0.0,1.0,0.0,0.0,0.0,0.0,0.0
48.0,11.0,0.0,0.0,1.0,1.0,22178.9,19693.549,0.0,19259.115
24.0,12.0,0.0,0.0,1.0,0.0,18808.96,18798.387,0.0,9347.027
35.0,10.0,0.0,0.0,1.0,1.0,15921.002,16148.71,0.0,12789.776
22.0,16.0,0.0,0.0,0.0,0.0,0.0,22558.064,0.0,20646.402
38.0,14.0,0.0,0.0,1.0,0.0,27429.734,68032.26,0.0,53014.523
47.0,10.0,1.0,0.0,1.0,1.0,29389.002,26854.84,0.0,27240.328
47.0,17.0,0.0,0.0,1.0,0.0,37343.625,28906.549,0.0,40198.812
26.0,12.0,1.0,0.0,1.0,0.0,25088.41,23274.193,0.0,18318.766
24.0,13.0,1.0,0.0,1.0,0.0,19592.668,11637.097,0.0,16083.784
36.0,16.0,0.0,0.0,0.0,0.0,27429.734,30256.451,0.0,34581.88
20.0,12.0,1.0,0.0,1.0,0.0,13714.868,12532.258,0.0,20679.45
24.0,12.0,0.0,0.0,1.0,0.0,18808.96,17903.227,0.0,20440.395
20.0,12.0,1.0,0.0,0.0,0.0,3730.444,8951.613,0.0,9481.119
28.0,14.0,1.0,0.0,1.0,0.0,11755.601,0.0,0.0,13071.274
25.0,12.0,0.0,0.0,1.0,0.0,19641.65,8736.774,0.0,18694.602
23.0,15.0,0.0,0.0,1.0,0.0,16653.768,13427.419,0.0,19799.166
34.0,12.0,1.0,0.0,1.0,0.0,19592.668,17366.129,0.0,23830.0
32.0,11.0,1.0,0.0,0.0,1.0,9796.334,14322.581,0.0,0.0
32.0,12.0,0.0,0.0,0.0,0.0,35070.875,32225.807,0.0,39091.48
25.0,9.0,0.0,0.0,1.0,1.0,14263.462,12890.323,0.0,17904.55
40.0,8.0,0.0,0.0,1.0,1.0,0.0,0.0,0.0,4745.021
24.0,12.0,0.0,1.0,1.0,0.0,16457.842,8951.613,0.0,0.0
30.0,17.0,0.0,0.0,1.0,0.0,27429.734,25064.516,0.0,22555.797
20.0,14.0,0.0,0.0,0.0,0.0,15674.134,17008.064,0.0,13845.396
39.0,17.0,0.0,0.0,1.0,0.0,24823.91,25064.516,0.0,25381.746
50.0,12.0,0.0,0.0,1.0,0.0,37226.07,39029.03,0.0,30270.883
38.0,9.0,0.0,0.0,1.0,1.0,25470.469,21483.871,0.0,31184.53
27.0,16.0,0.0,0.0,1.0,0.0,20572.3,18619.355,0.0,24801.643
47.0,7.0,0.0,0.0,1.0,1.0,27821.59,27929.031,0.0,28748.328
32.0,12.0,0.0,0.0,1.0,0.0,19592.668,21483.871,0.0,22999.262
27.0,12.0,0.0,0.0,1.0,0.0,26646.03,29540.322,0.0,18851.7
40.0,7.0,0.0,0.0,1.0,1.0,0.0,0.0,0.0,0.0
35.0,11.0,1.0,0.0,1.0,1.0,11755.601,8951.613,0.0,12902.783
41.0,8.0,1.0,0.0,1.0,1.0,1716.3177,8378.71,1.0,7322.527
22.0,12.0,1.0,0.0,0.0,0.0,5605.852,936.1773,0.0,11131.056
55.0,14.0,0.0,0.0,1.0,0.0,17633.4,19693.549,0.0,24336.27
49.0,10.0,1.0,0.0,1.0,1.0,10775.967,0.0,0.0,0.0
27.0,15.0,1.0,0.0,0.0,0.0,25470.469,24169.355,0.0,19838.043
31.0,12.0,0.0,0.0,1.0,0.0,19592.668,21483.871,0.0,27766.465
19.0,12.0,0.0,0.0,1.0,0.0,2547.0469,10741.935,0.0,3121.7625
23.0,12.0,0.0,0.0,1.0,0.0,19592.668,21215.322,0.0,27284.02
34.0,16.0,0.0,0.0,1.0,0.0,28409.37,32583.871,0.0,28084.172
27.0,14.0,1.0,0.0,0.0,0.0,13812.831,17036.71,0.0,2733.9758
38.0,14.0,0.0,0.0,1.0,0.0,16653.768,16112.903,0.0,22621.283
54.0,7.0,0.0,0.0,1.0,1.0,15674.134,16112.903,0.0,26397.006
27.0,12.0,1.0,0.0,1.0,0.0,19592.668,17724.193,0.0,29627.504
55.0,12.0,0.0,0.0,1.0,0.0,23511.201,22916.129,0.0,25479.395
39.0,7.0,0.0,0.0,1.0,1.0,13714.868,6624.1934,0.0,16540.158
24.0,9.0,1.0,0.0,0.0,1.0,9154.7,2288.675,0.0,10037.293
40.0,17.0,0.0,0.0,1.0,0.0,0.0,0.0,0.0,0.0
28.0,9.0,0.0,0.0,0.0,1.0,15086.354,13248.387,0.0,18946.639
24.0,9.0,1.0,0.0,0.0,1.0,5877.8003,5370.968,0.0,5417.6606
48.0,8.0,1.0,0.0,1.0,1.0,16261.914,11637.097,0.0,17644.318
25.0,11.0,1.0,0.0,0.0,1.0,0.0,0.0,1.0,5194.1753
41.0,10.0,1.0,0.0,1.0,1.0,21551.936,20767.742,0.0,10554.167
38.0,9.0,0.0,0.0,0.0,1.0,0.0,0.0,1.0,13125.057
28.0,12.0,1.0,0.0,1.0,0.0,14694.501,14859.677,0.0,19087.438
25.0,12.0,0.0,1.0,1.0,0.0,22335.643,24169.355,0.0,34460.902
50.0,7.0,1.0,0.0,1.0,1.0,13714.868,12532.258,0.0,24918.15
27.0,14.0,1.0,0.0,1.0,0.0,17633.4,16112.903,0.0,21513.027
29.0,12.0,0.0,1.0,1.0,0.0,34287.168,26541.531,0.0,31751.736
19.0,9.0,1.0,0.0,0.0,1.0,0.0,0.0,0.0,0.0
43.0,3.0,1.0,0.0,1.0,1.0,17.633402,0.0,0.0,10653.017
42.0,6.0,0.0,0.0,1.0,1.0,23511.201,17903.227,0.0,34819.78
46.0,9.0,0.0,1.0,1.0,1.0,0.0,0.0,0.0,9541.958
54.0,16.0,0.0,0.0,1.0,0.0,24686.762,26854.84,0.0,36904.97
27.0,12.0,0.0,0.0,1.0,0.0,15674.134,12532.258,0.0,15699.037
26.0,17.0,0.0,0.0,1.0,0.0,12735.234,25064.516,0.0,20387.316
54.0,10.0,0.0,0.0,1.0,1.0,0.0,0.0,0.0,0.0
37.0,17.0,0.0,0.0,1.0,0.0,34287.168,35806.453,0.0,31099.432
20.0,11.0,1.0,0.0,0.0,1.0,3637.498,1220.836,0.0,0.0
23.0,12.0,1.0,0.0,1.0,0.0,16708.627,10491.29,0.0,2844.5117
44.0,12.0,0.0,0.0,1.0,0.0,0.0,71612.91,0.0,49855.953
46.0,9.0,0.0,1.0,1.0,1.0,0.0,0.0,1.0,14803.589
34.0,12.0,0.0,0.0,1.0,0.0,33307.535,34016.13,0.0,25032.33
23.0,12.0,0.0,0.0,1.0,0.0,24098.982,26854.84,0.0,29331.408
42.0,9.0,0.0,0.0,1.0,1.0,28017.516,23453.227,0.0,25366.654
17.0,7.0,1.0,0.0,0.0,1.0,0.0,0.0,0.0,4245.1406
23.0,12.0,0.0,0.0,1.0,0.0,19096.975,20683.598,0.0,14375.488
31.0,14.0,0.0,0.0,1.0,0.0,0.0,0.0,1.0,13049.294
37.0,17.0,0.0,0.0,1.0,0.0,50940.938,44758.066,0.0,61894.977
40.0,8.0,1.0,0.0,1.0,1.0,8816.7,8056.4517,0.0,0.0
26.0,12.0,0.0,0.0,1.0,0.0,22727.494,21483.871,0.0,31478.23
41.0,17.0,0.0,0.0,1.0,0.0,59385.38,59438.71,0.0,73125.1
53.0,12.0,0.0,0.0,1.0,0.0,41144.6,42967.742,0.0,39408.73
23.0,12.0,0.0,0.0,1.0,0.0,17633.4,0.0,0.0,12014.849
52.0,12.0,0.0,0.0,1.0,0.0,33307.535,34171.887,0.0,36029.01
21.0,13.0,0.0,0.0,0.0,0.0,9796.334,16112.903,0.0,25831.701
27.0,16.0,0.0,0.0,1.0,0.0,29976.781,30793.549,0.0,44115.39
31.0,16.0,0.0,0.0,1.0,0.0,11784.99,9846.774,0.0,18827.686
23.0,12.0,1.0,0.0,0.0,0.0,0.0,0.0,1.0,10843.535
46.0,12.0,0.0,0.0,0.0,0.0,23918.729,12532.258,0.0,17122.037
25.0,12.0,0.0,0.0,1.0,0.0,0.0,5729.032,0.0,4951.0537
27.0,12.0,0.0,0.0,0.0,0.0,19200.814,19514.516,0.0,15461.239
31.0,10.0,0.0,0.0,1.0,1.0,23315.275,2467.0645,0.0,22612.262
50.0,7.0,1.0,0.0,1.0,1.0,13714.868,12532.258,0.0,19726.002
52.0,9.0,0.0,0.0,1.0,1.0,24627.984,25064.516,0.0,22196.086
41.0,17.0,0.0,0.0,1.0,0.0,21551.936,23274.193,0.0,22414.281
37.0,17.0,0.0,0.0,1.0,0.0,42712.016,43862.902,0.0,63238.656
26.0,12.0,1.0,0.0,1.0,0.0,11167.821,1074.1935,0.0,17658.43
18.0,9.0,1.0,0.0,0.0,1.0,0.0,3287.375,1.0,6523.406
27.0,13.0,1.0,0.0,1.0,0.0,6857.4336,4096.2583,0.0,20757.16
37.0,12.0,0.0,0.0,1.0,0.0,18613.035,21483.871,0.0,0.0
48.0,16.0,0.0,0.0,1.0,0.0,54859.47,53709.676,0.0,55164.793
21.0,12.0,0.0,0.0,1.0,0.0,8867.642,14995.742,0.0,10773.774
54.0,15.0,0.0,0.0,1.0,0.0,48981.67,35806.453,0.0,42139.9
47.0,17.0,0.0,0.0,1.0,0.0,68574.336,38670.97,0.0,52410.758
38.0,16.0,0.0,0.0,1.0,0.0,58778.004,53709.676,0.0,57177.71
42.0,12.0,0.0,0.0,1.0,0.0,29389.002,30437.273,0.0,25579.816
26.0,13.0,1.0,0.0,1.0,0.0,28105.682,37596.773,0.0,27133.465
19.0,12.0,0.0,0.0,1.0,0.0,11201.128,14143.548,0.0,11980.329
28.0,12.0,0.0,0.0,1.0,0.0,23511.201,16112.903,0.0,20054.01
30.0,17.0,0.0,0.0,1.0,0.0,4898.167,12084.677,0.0,7298.701
28.0,12.0,0.0,0.0,1.0,0.0,11755.601,12532.258,0.0,17941.936
44.0,12.0,0.0,0.0,1.0,0.0,34091.242,32046.773,0.0,24011.996
38.0,11.0,0.0,0.0,1.0,1.0,20572.3,21483.871,0.0,25571.443
48.0,14.0,0.0,0.0,1.0,0.0,56818.74,57290.324,0.0,66848.484
41.0,10.0,1.0,0.0,1.0,1.0,18025.256,17366.129,0.0,23714.283
36.0,13.0,0.0,0.0,1.0,0.0,33307.535,28645.16,0.0,36019.945
20.0,12.0,0.0,0.0,0.0,0.0,16497.025,19604.031,0.0,16024.408
52.0,7.0,1.0,0.0,0.0,1.0,25470.469,17903.227,0.0,29788.385
43.0,12.0,0.0,0.0,1.0,0.0,19592.668,21483.871,0.0,25859.594
30.0,16.0,0.0,0.0,1.0,0.0,23511.201,25243.549,0.0,26866.115
52.0,16.0,0.0,0.0,1.0,0.0,53879.836,53709.676,0.0,56047.883
21.0,12.0,1.0,0.0,0.0,0.0,13714.868,13339.694,0.0,20537.86
30.0,11.0,0.0,0.0,1.0,1.0,16065.988,17989.16,0.0,23379.205
24.0,10.0,1.0,0.0,0.0,1.0,4250.402,2421.947,0.0,0.0
43.0,3.0,0.0,0.0,1.0,1.0,15086.354,15933.871,0.0,6300.625
20.0,12.0,0.0,0.0,1.0,0.0,20376.375,18655.16,0.0,23222.744
23.0,16.0,0.0,0.0,1.0,0.0,6857.4336,14143.548,0.0,14511.868
53.0,15.0,0.0,0.0,1.0,0.0,33307.535,37596.773,0.0,42078.746
28.0,12.0,1.0,0.0,1.0,0.0,15987.617,19693.549,0.0,28447.092
40.0,11.0,0.0,0.0,1.0,1.0,8072.179,0.0,0.0,7066.065
22.0,13.0,0.0,0.0,0.0,0.0,12735.234,12532.258,0.0,14858.629
29.0,12.0,0.0,0.0,1.0,0.0,24686.762,27750.0,0.0,20699.027
36.0,12.0,1.0,0.0,1.0,0.0,0.0,8951.613,0.0,0.0
25.0,17.0,0.0,0.0,1.0,0.0,5877.8003,10562.903,0.0,10127.634
21.0,12.0,0.0,0.0,0.0,0.0,0.0,0.0,0.0,0.0
30.0,9.0,1.0,0.0,1.0,1.0,10775.967,8951.613,0.0,9661.346
54.0,11.0,0.0,0.0,1.0,1.0,33158.633,32225.807,0.0,39176.6
28.0,11.0,1.0,0.0,0.0,1.0,0.0,1284.079,1.0,1478.5349
50.0,17.0,0.0,0.0,1.0,0.0,42907.94,44758.066,0.0,41237.223
33.0,16.0,0.0,0.0,1.0,0.0,41144.6,42967.742,0.0,56305.418
47.0,16.0,0.0,0.0,1.0,0.0,78370.67,78774.195,0.0,73676.06
31.0,12.0,0.0,1.0,1.0,0.0,26841.955,6982.2583,0.0,27151.152
22.0,11.0,1.0,0.0,0.0,1.0,10971.894,7161.2905,0.0,3973.7937
36.0,7.0,1.0,0.0,1.0,1.0,14694.501,15754.839,0.0,0.0
30.0,16.0,0.0,0.0,1.0,0.0,22923.422,23274.193,0.0,20604.082
22.0,12.0,1.0,0.0,1.0,0.0,14790.505,14680.645,0.0,46335.645
26.0,16.0,0.0,0.0,1.0,0.0,24686.762,25422.58,0.0,43148.71
22.0,9.0,1.0,0.0,0.0,1.0,3134.827,4345.113,0.0,0.0
54.0,12.0,0.0,0.0,1.0,0.0,0.0,0.0,0.0,0.0
40.0,10.0,0.0,0.0,1.0,1.0,3918.5337,4833.871,0.0,13724.772
46.0,10.0,0.0,0.0,1.0,1.0,11755.601,7161.2905,0.0,16971.875
26.0,16.0,0.0,0.0,0.0,0.0,25862.322,31790.758,0.0,38194.844
39.0,6.0,1.0,0.0,1.0,1.0,14694.501,16470.969,0.0,12623.722
47.0,17.0,0.0,0.0,1.0,0.0,18613.035,10025.806,0.0,5129.823
41.0,13.0,0.0,0.0,1.0,0.0,48981.67,48338.71,0.0,38658.645
22.0,12.0,0.0,0.0,1.0,0.0,24765.133,21594.871,0.0,34731.387
50.0,7.0,1.0,0.0,1.0,1.0,13714.868,17903.227,0.0,11162.132
40.0,8.0,0.0,0.0,1.0,1.0,25470.469,21483.871,0.0,16821.734
22.0,12.0,0.0,0.0,1.0,0.0,11755.601,14465.806,0.0,14285.669
19.0,10.0,0.0,0.0,0.0,1.0,5094.0938,4296.7744,0.0,10002.7295
48.0,6.0,0.0,1.0,1.0,1.0,38670.05,42967.742,0.0,48524.863
31.0,12.0,1.0,0.0,1.0,0.0,3918.5337,18440.322,0.0,20341.057
48.0,16.0,0.0,0.0,1.0,0.0,1240.216,1466.2742,0.0,8163.802
18.0,11.0,0.0,0.0,0.0,1.0,4351.5317,32270.564,0.0,18449.686
30.0,11.0,0.0,0.0,1.0,1.0,23119.348,20051.613,0.0,18970.3
44.0,13.0,0.0,0.0,1.0,0.0,31348.27,35806.453,0.0,44017.32
25.0,14.0,0.0,0.0,1.0,0.0,21551.936,22916.129,0.0,15358.591
28.0,16.0,0.0,0.0,1.0,0.0,43103.87,32225.807,0.0,35045.387
55.0,17.0,1.0,0.0,1.0,0.0,27429.734,26854.84,0.0,22822.111
31.0,16.0,0.0,0.0,1.0,0.0,39185.336,42967.742,0.0,34855.027
33.0,12.0,0.0,0.0,1.0,0.0,18417.107,12890.323,0.0,0.0
28.0,14.0,0.0,0.0,1.0,0.0,15674.134,16757.42,0.0,36708.402
29.0,11.0,1.0,0.0,1.0,1.0,783.7067,0.0,0.0,0.0
35.0,15.0,0.0,0.0,1.0,0.0,979.6334,537.09674,0.0,0.0
49.0,6.0,0.0,1.0,1.0,1.0,12539.308,16470.969,0.0,13636.985
32.0,12.0,1.0,0.0,1.0,0.0,25470.469,22379.031,0.0,25252.02
30.0,14.0,0.0,0.0,1.0,0.0,0.0,32225.807,0.0,26764.658
43.0,14.0,0.0,0.0,1.0,0.0,32327.902,31420.16,0.0,35986.992
26.0,14.0,0.0,0.0,1.0,0.0,33503.46,36032.03,0.0,22181.555
28.0,7.0,1.0,0.0,1.0,1.0,10487.955,8260.549,0.0,19430.637
18.0,8.0,1.0,0.0,0.0,1.0,0.0,0.0,0.0,3415.5974
28.0,12.0,0.0,0.0,0.0,0.0,17829.328,5012.9033,0.0,11472.226
26.0,12.0,1.0,0.0,1.0,0.0,8408.762,5794.831,1.0,4108.3384
26.0,16.0,0.0,0.0,1.0,0.0,34287.168,32225.807,0.0,39123.473
54.0,12.0,0.0,0.0,1.0,0.0,0.0,0.0,1.0,0.0
45.0,2.0,0.0,1.0,1.0,1.0,6857.4336,7161.2905,0.0,14026.207
23.0,12.0,0.0,0.0,1.0,0.0,14063.617,11100.0,0.0,18073.992
25.0,14.0,0.0,0.0,1.0,0.0,17939.047,14322.581,0.0,24535.93
33.0,8.0,1.0,0.0,1.0,1.0,21551.936,22379.031,0.0,19421.46
54.0,13.0,0.0,0.0,1.0,0.0,0.0,0.0,1.0,0.0
28.0,14.0,0.0,0.0,0.0,0.0,16849.695,12174.194,0.0,28472.387
27.0,7.0,0.0,0.0,1.0,1.0,19984.521,20409.678,0.0,20525.055
29.0,12.0,1.0,0.0,0.0,0.0,10881.94,1817.284,0.0,5508.5957
37.0,17.0,0.0,0.0,1.0,0.0,30956.414,30435.484,0.0,35920.047
37.0,14.0,0.0,0.0,1.0,0.0,0.0,32225.807,0.0,22970.715
21.0,12.0,0.0,0.0,1.0,0.0,13714.868,3222.5806,0.0,16639.656
51.0,8.0,1.0,0.0,1.0,1.0,33299.7,25064.516,0.0,22080.31
37.0,11.0,1.0,0.0,1.0,1.0,0.0,0.0,0.0,5532.554
21.0,12.0,0.0,0.0,0.0,0.0,11363.747,9667.742,0.0,13231.311
26.0,11.0,0.0,0.0,0.0,1.0,0.0,2226.266,0.0,1821.2306
20.0,12.0,1.0,0.0,0.0,0.0,989.2678,165.2077,0.0,0.0
21.0,12.0,0.0,0.0,1.0,0.0,10580.041,8056.4517,0.0,0.0
48.0,12.0,0.0,0.0,1.0,0.0,0.0,0.0,0.0,0.0
20.0,12.0,0.0,0.0,1.0,0.0,14694.501,26854.84,0.0,13984.799
44.0,10.0,1.0,0.0,1.0,1.0,20993.545,19190.469,0.0,19403.787
46.0,10.0,1.0,0.0,1.0,1.0,13714.868,16112.903,0.0,24258.719
26.0,15.0,0.0,0.0,1.0,0.0,27429.734,25064.516,0.0,32131.152
43.0,12.0,1.0,0.0,1.0,0.0,715.1324,1879.8387,0.0,0.0
40.0,10.0,0.0,0.0,0.0,1.0,13616.904,10741.935,0.0,25933.334
32.0,16.0,0.0,0.0,1.0,0.0,24980.652,25064.516,0.0,12246.746
34.0,9.0,1.0,0.0,1.0,1.0,9796.334,8951.613,0.0,10424.205
33.0,13.0,0.0,0.0,1.0,0.0,27429.734,41177.418,0.0,41227.926
44.0,11.0,1.0,0.0,1.0,1.0,24294.908,35806.453,0.0,21406.248
50.0,9.0,1.0,0.0,1.0,1.0,17633.4,16112.903,0.0,26709.496
22.0,13.0,0.0,0.0,1.0,0.0,14694.501,16112.903,0.0,17742.56
30.0,12.0,0.0,0.0,1.0,0.0,16849.695,17366.129,0.0,28763.771
44.0,12.0,0.0,0.0,1.0,0.0,0.0,0.0,1.0,889.70337
26.0,17.0,0.0,0.0,1.0,0.0,27843.14,28645.16,0.0,18620.195
21.0,12.0,0.0,0.0,1.0,0.0,11755.601,10741.935,0.0,9352.677
26.0,12.0,0.0,1.0,1.0,0.0,19055.828,0.0,0.0,0.0
33.0,12.0,1.0,0.0,0.0,0.0,9796.334,8951.613,0.0,0.0
50.0,14.0,0.0,0.0,1.0,0.0,32602.2,27889.645,0.0,34572.074
52.0,8.0,0.0,0.0,1.0,1.0,5290.0205,0.0,0.0,8166.182
20.0,12.0,1.0,0.0,0.0,0.0,0.0,377.5686,0.0,0.0
24.0,12.0,0.0,1.0,1.0,0.0,13493.47,16470.969,0.0,16251.862
27.0,11.0,1.0,0.0,0.0,1.0,0.0,0.0,0.0,1667.217
30.0,6.0,1.0,0.0,1.0,1.0,3918.5337,3401.6128,0.0,0.0
35.0,17.0,0.0,0.0,1.0,0.0,39185.336,30435.484,0.0,33410.51
22.0,12.0,0.0,0.0,1.0,0.0,8816.7,9939.871,0.0,30973.588
46.0,12.0,0.0,0.0,1.0,0.0,25470.469,23274.193,0.0,29773.145
22.0,9.0,1.0,0.0,0.0,1.0,0.0,0.0,0.0,0.0
29.0,13.0,0.0,0.0,1.0,0.0,23511.201,25064.516,0.0,34092.89
28.0,12.0,1.0,0.0,0.0,0.0,18613.035,17008.064,0.0,28074.824
23.0,12.0,0.0,0.0,1.0,0.0,10971.894,10204.839,0.0,17917.451
31.0,12.0,0.0,0.0,1.0,0.0,0.0,0.0,1.0,0.0
32.0,13.0,0.0,0.0,1.0,0.0,20572.3,25064.516,0.0,41966.69
20.0,12.0,1.0,0.0,0.0,0.0,10775.967,16372.5,0.0,15951.359
47.0,14.0,0.0,0.0,1.0,0.0,0.0,0.0,0.0,0.0
28.0,12.0,0.0,0.0,1.0,0.0,17829.328,11100.0,0.0,0.0
41.0,7.0,1.0,0.0,1.0,1.0,15674.134,32225.807,0.0,0.0
29.0,12.0,1.0,0.0,1.0,0.0,22531.568,18619.355,0.0,40425.594
21.0,12.0,1.0,0.0,1.0,0.0,16653.768,9846.774,0.0,3420.9045
48.0,8.0,0.0,0.0,1.0,1.0,11755.601,8844.193,0.0,16897.73
30.0,9.0,0.0,0.0,1.0,1.0,12178.802,11493.871,0.0,17333.084
55.0,8.0,0.0,0.0,1.0,1.0,0.0,0.0,1.0,7198.132
24.0,11.0,1.0,0.0,1.0,1.0,5427.169,0.0,0.0,0.0
26.0,14.0,1.0,0.0,0.0,0.0,16667.482,21483.871,0.0,14185.737
30.0,16.0,0.0,0.0,1.0,0.0,26058.248,28645.16,0.0,44442.883
28.0,9.0,0.0,0.0,1.0,1.0,12735.234,12532.258,0.0,28956.488
39.0,5.0,1.0,0.0,1.0,1.0,4051.7637,13427.419,0.0,15258.042
34.0,17.0,0.0,0.0,1.0,0.0,29389.002,31330.645,0.0,16739.662
35.0,14.0,0.0,0.0,1.0,0.0,31348.27,36630.0,0.0,41709.707
46.0,11.0,0.0,0.0,1.0,1.0,21551.936,16112.903,0.0,20868.781
54.0,13.0,0.0,0.0,1.0,0.0,0.0,0.0,1.0,0.0
26.0,12.0,1.0,0.0,1.0,0.0,13714.868,12532.258,0.0,16427.63
55.0,2.0,1.0,0.0,1.0,1.0,33307.535,20946.773,0.0,3949.8826
30.0,8.0,0.0,0.0,1.0,1.0,13303.422,17903.227,0.0,34775.78
42.0,6.0,0.0,0.0,1.0,1.0,23511.201,17903.227,0.0,23540.205
42.0,14.0,0.0,0.0,1.0,0.0,39185.336,36701.613,0.0,56744.215
26.0,8.0,1.0,0.0,1.0,1.0,6857.4336,3580.6453,0.0,0.0
29.0,17.0,0.0,0.0,1.0,0.0,0.0,25959.678,0.0,9803.665
34.0,14.0,0.0,0.0,1.0,0.0,28017.516,26854.84,0.0,19576.871
53.0,16.0,0.0,0.0,1.0,0.0,39185.336,35806.453,0.0,37681.945
24.0,12.0,0.0,0.0,1.0,0.0,25470.469,22737.098,0.0,91890.195
22.0,13.0,0.0,0.0,1.0,0.0,24490.836,26854.84,0.0,26957.945
23.0,16.0,0.0,0.0,0.0,0.0,14106.721,6266.129,0.0,15240.928
35.0,15.0,1.0,0.0,1.0,0.0,29477.17,34098.484,0.0,32815.723
28.0,16.0,0.0,0.0,1.0,0.0,12572.615,21483.871,0.0,27428.123
21.0,14.0,0.0,0.0,1.0,0.0,6974.9897,11407.935,0.0,0.0
51.0,17.0,0.0,1.0,1.0,0.0,31348.27,0.0,0.0,12564.873
38.0,14.0,0.0,0.0,0.0,0.0,11755.601,21483.871,0.0,5515.031
49.0,6.0,0.0,0.0,1.0,1.0,35266.8,33120.97,0.0,35633.945
28.0,12.0,0.0,0.0,1.0,0.0,26450.102,26858.42,0.0,15307.533
33.0,11.0,1.0,0.0,1.0,1.0,17370.86,15844.355,0.0,18362.611
54.0,12.0,0.0,0.0,1.0,0.0,12735.234,17894.273,0.0,20947.484
20.0,12.0,1.0,0.0,0.0,0.0,0.0,0.0,1.0,0.0
24.0,12.0,0.0,0.0,1.0,0.0,29193.074,21304.84,0.0,76287.14
44.0,12.0,0.0,0.0,1.0,0.0,50940.938,44758.066,0.0,47994.953
33.0,12.0,0.0,0.0,1.0,0.0,0.0,0.0,0.0,7487.669
41.0,8.0,0.0,0.0,1.0,1.0,0.0,0.0,1.0,3081.2808
43.0,14.0,0.0,0.0,1.0,0.0,22531.568,23274.193,0.0,19231.928
30.0,11.0,1.0,0.0,0.0,1.0,0.0,0.0,0.0,8093.9634
23.0,11.0,1.0,0.0,0.0,1.0,0.0,0.0,1.0,10894.445
27.0,11.0,1.0,0.0,0.0,1.0,0.0,0.0,1.0,0.0
52.0,12.0,0.0,0.0,1.0,0.0,27220.094,24706.451,0.0,27986.682
25.0,11.0,1.0,0.0,1.0,1.0,17633.4,21483.871,0.0,29777.627
18.0,10.0,1.0,0.0,0.0,1.0,0.0,0.0,1.0,4007.8303
42.0,16.0,0.0,1.0,1.0,0.0,23511.201,23274.193,0.0,26951.145
46.0,10.0,0.0,0.0,1.0,1.0,11755.601,7161.2905,0.0,14802.285
31.0,12.0,0.0,0.0,0.0,0.0,0.0,2611.218,0.0,4087.3887
27.0,12.0,1.0,0.0,1.0,0.0,10775.967,8951.613,0.0,0.0
21.0,12.0,0.0,0.0,1.0,0.0,16306.978,18529.84,0.0,20952.92
21.0,11.0,1.0,0.0,0.0,1.0,0.0,9846.774,0.0,11951.445
28.0,17.0,0.0,0.0,1.0,0.0,29389.002,21483.871,0.0,19619.918
38.0,11.0,1.0,0.0,0.0,1.0,0.0,0.0,0.0,0.0
35.0,14.0,0.0,0.0,1.0,0.0,23511.201,26496.773,0.0,28454.207
25.0,9.0,1.0,0.0,0.0,1.0,11755.601,7161.2905,0.0,13582.467
29.0,8.0,0.0,0.0,1.0,1.0,10775.967,8951.613,0.0,9305.093
38.0,10.0,1.0,0.0,1.0,1.0,5877.8003,0.0,0.0,0.0
37.0,17.0,0.0,0.0,1.0,0.0,82289.2,85040.32,0.0,78553.81
19.0,12.0,0.0,0.0,1.0,0.0,9208.554,5550.0,0.0,0.0
36.0,12.0,0.0,0.0,1.0,0.0,33307.535,33120.97,0.0,25794.871
21.0,11.0,0.0,0.0,1.0,1.0,16653.768,13427.419,0.0,25124.406
49.0,6.0,0.0,0.0,1.0,1.0,25274.543,21841.936,0.0,38441.83
26.0,12.0,1.0,0.0,1.0,0.0,15411.593,8951.613,0.0,2713.7935
19.0,6.0,1.0,0.0,0.0,1.0,3526.6802,0.0,0.0,0.0
23.0,11.0,1.0,0.0,1.0,1.0,15674.134,8414.516,0.0,24044.555
42.0,9.0,0.0,0.0,1.0,1.0,33221.33,32225.807,0.0,42295.055
52.0,7.0,1.0,0.0,0.0,1.0,293.89,5012.9033,0.0,0.0
40.0,17.0,0.0,1.0,1.0,0.0,39185.336,41177.418,0.0,30377.729
18.0,12.0,0.0,0.0,1.0,0.0,3134.827,11100.0,0.0,0.0
37.0,12.0,0.0,0.0,1.0,0.0,15674.134,8951.613,0.0,0.0
55.0,11.0,0.0,0.0,1.0,1.0,36638.29,37417.742,0.0,32679.098
27.0,16.0,0.0,0.0,1.0,0.0,33307.535,30435.484,0.0,24425.82
22.0,14.0,0.0,0.0,1.0,0.0,19727.857,20141.129,0.0,13760.528
34.0,12.0,1.0,0.0,1.0,0.0,19788.596,23274.193,0.0,34201.75
24.0,12.0,0.0,0.0,1.0,0.0,17633.4,18440.322,0.0,19433.293
25.0,13.0,0.0,0.0,1.0,0.0,25470.469,18798.387,0.0,32898.586
31.0,8.0,0.0,0.0,1.0,1.0,11167.821,19335.484,0.0,20586.45
49.0,16.0,0.0,0.0,1.0,0.0,94044.805,98467.74,0.0,84611.1
28.0,17.0,0.0,0.0,1.0,0.0,13714.868,13427.419,0.0,33973.027
24.0,12.0,1.0,0.0,0.0,0.0,3330.7537,4654.839,0.0,9166.9795
21.0,10.0,0.0,0.0,1.0,1.0,15674.134,16112.903,0.0,21169.291
48.0,16.0,0.0,0.0,1.0,0.0,23511.201,23274.193,0.0,32133.152
21.0,9.0,1.0,0.0,0.0,1.0,0.0,0.0,0.0,0.0
27.0,10.0,0.0,1.0,0.0,1.0,0.0,0.0,0.0,1778.4181
25.0,12.0,0.0,0.0,1.0,0.0,8816.7,16112.903,0.0,7950.118
49.0,12.0,0.0,0.0,1.0,0.0,10231.291,11082.097,0.0,0.0
24.0,12.0,0.0,0.0,1.0,0.0,14890.428,719.70966,0.0,21019.738
17.0,10.0,1.0,0.0,0.0,1.0,0.0,0.0,1.0,0.0
20.0,12.0,0.0,0.0,1.0,0.0,13244.644,8772.581,0.0,2222.227
31.0,12.0,0.0,0.0,1.0,0.0,0.0,17903.227,0.0,4140.3955
27.0,12.0,0.0,1.0,1.0,0.0,14694.501,16829.031,0.0,17598.992
48.0,8.0,1.0,0.0,1.0,1.0,16261.914,11637.097,0.0,30055.95
31.0,17.0,0.0,0.0,1.0,0.0,23903.055,25601.613,0.0,32728.186
46.0,7.0,0.0,0.0,1.0,1.0,15674.134,14680.645,0.0,20997.89
28.0,12.0,1.0,0.0,1.0,0.0,12735.234,19693.549,0.0,0.0
32.0,11.0,1.0,0.0,0.0,1.0,0.0,0.0,1.0,0.0
27.0,17.0,0.0,0.0,1.0,0.0,24098.982,22200.0,0.0,35724.05
23.0,12.0,0.0,0.0,1.0,0.0,16065.988,4833.871,0.0,0.0
24.0,14.0,0.0,0.0,0.0,0.0,20572.3,11637.097,0.0,8859.28
20.0,12.0,1.0,0.0,0.0,0.0,1367.5682,12532.258,0.0,19445.012
52.0,12.0,0.0,0.0,0.0,0.0,31348.27,32225.807,0.0,23748.092
17.0,9.0,1.0,0.0,0.0,1.0,0.0,0.0,0.0,0.0
40.0,10.0,0.0,0.0,1.0,1.0,14302.648,24169.355,0.0,17531.037
27.0,13.0,1.0,0.0,0.0,0.0,0.0,0.0,1.0,15277.432
22.0,12.0,1.0,0.0,1.0,0.0,2006.2892,2470.6453,0.0,7891.7495
39.0,12.0,0.0,0.0,1.0,0.0,21138.53,20366.71,0.0,20862.717
45.0,12.0,0.0,0.0,1.0,0.0,0.0,0.0,1.0,6694.093
32.0,16.0,0.0,0.0,1.0,0.0,0.0,0.0,0.0,0.0
26.0,13.0,0.0,1.0,1.0,0.0,21953.586,5671.7417,0.0,13718.989
19.0,8.0,0.0,0.0,1.0,1.0,14694.501,12532.258,0.0,21159.074
25.0,10.0,1.0,0.0,0.0,1.0,2838.9775,5370.968,1.0,10874.121
22.0,13.0,0.0,0.0,1.0,0.0,15870.061,15826.452,0.0,21078.965
26.0,12.0,0.0,0.0,1.0,0.0,21551.936,15217.742,0.0,35707.406
53.0,12.0,0.0,0.0,1.0,0.0,47649.367,47894.71,0.0,37739.348
39.0,12.0,0.0,0.0,1.0,0.0,39185.336,24169.355,0.0,27386.15
31.0,16.0,0.0,0.0,1.0,0.0,21551.936,18798.387,0.0,25362.488
28.0,11.0,0.0,0.0,1.0,1.0,0.0,62661.29,0.0,40731.08
47.0,8.0,1.0,0.0,1.0,1.0,16301.1,17129.807,0.0,16544.842
30.0,12.0,0.0,0.0,1.0,0.0,1959.2668,1790.3226,1.0,11704.702
31.0,12.0,1.0,0.0,1.0,0.0,10188.187,8951.613,0.0,0.0
30.0,17.0,0.0,0.0,1.0,0.0,0.0,0.0,0.0,3854.7354
26.0,16.0,1.0,0.0,1.0,0.0,13323.014,19693.549,0.0,13280.322
28.0,12.0,0.0,0.0,1.0,0.0,29389.002,41177.418,0.0,40636.25
29.0,9.0,0.0,0.0,1.0,1.0,14890.428,19693.549,0.0,31932.594
31.0,12.0,0.0,0.0,1.0,0.0,27429.734,22379.031,0.0,30089.346
23.0,12.0,0.0,0.0,1.0,0.0,10775.967,5370.968,0.0,13196.514
40.0,7.0,1.0,0.0,1.0,1.0,8816.7,8951.613,0.0,16100.97
53.0,9.0,1.0,0.0,1.0,1.0,14945.287,13697.758,0.0,13326.599
33.0,12.0,0.0,0.0,1.0,0.0,12147.454,16112.903,0.0,23276.287
55.0,12.0,0.0,0.0,1.0,0.0,29100.99,26409.049,0.0,39542.19
22.0,11.0,0.0,0.0,1.0,1.0,6802.574,1790.3226,0.0,4073.39
51.0,12.0,0.0,0.0,1.0,0.0,43103.87,41356.453,0.0,43472.76
29.0,14.0,0.0,0.0,1.0,0.0,27429.734,22099.742,0.0,0.0
27.0,12.0,0.0,0.0,0.0,0.0,20964.154,18440.322,0.0,25867.844
49.0,10.0,1.0,0.0,1.0,1.0,10775.967,0.0,0.0,0.0
17.0,8.0,1.0,0.0,0.0,1.0,0.0,0.0,1.0,2592.6396
23.0,12.0,0.0,0.0,1.0,0.0,13714.868,15754.839,0.0,18632.506
25.0,11.0,1.0,0.0,0.0,1.0,0.0,0.0,1.0,0.0
24.0,12.0,0.0,0.0,1.0,0.0,13714.868,13427.419,0.0,19936.982
33.0,11.0,0.0,0.0,1.0,1.0,0.0,0.0,1.0,1564.327
39.0,14.0,0.0,0.0,1.0,0.0,58778.004,57290.324,0.0,53087.207
29.0,8.0,0.0,0.0,1.0,1.0,17633.4,16112.903,0.0,18893.812
50.0,12.0,0.0,0.0,1.0,0.0,0.0,0.0,0.0,0.0
47.0,17.0,0.0,0.0,1.0,0.0,36246.438,34016.13,0.0,33910.008
53.0,9.0,0.0,0.0,1.0,1.0,0.0,0.0,0.0,0.0
28.0,12.0,1.0,0.0,0.0,0.0,2938.9001,2864.516,0.0,0.0
40.0,5.0,1.0,0.0,1.0,1.0,5877.8003,5370.968,0.0,1310.4335
24.0,12.0,0.0,0.0,1.0,0.0,29780.855,30883.064,0.0,44319.355
48.0,9.0,0.0,0.0,1.0,1.0,0.0,0.0,0.0,3146.4932
30.0,16.0,0.0,0.0,1.0,0.0,26450.102,28197.58,0.0,13734.707
44.0,11.0,1.0,0.0,0.0,1.0,0.0,0.0,1.0,0.0
24.0,12.0,0.0,0.0,1.0,0.0,16849.695,18619.355,0.0,11980.343
43.0,12.0,1.0,0.0,1.0,0.0,23511.201,19421.42,0.0,16883.607
54.0,2.0,1.0,0.0,1.0,1.0,15674.134,16990.16,0.0,15569.835
29.0,17.0,0.0,0.0,1.0,0.0,15674.134,14143.548,0.0,26455.213
20.0,9.0,1.0,0.0,0.0,1.0,6083.994,0.0,1.0,8879.908
34.0,6.0,0.0,1.0,1.0,1.0,15478.208,16112.903,0.0,4466.9043
45.0,14.0,0.0,0.0,1.0,0.0,39185.336,42538.066,0.0,46304.14
17.0,8.0,1.0,0.0,0.0,1.0,0.0,0.0,1.0,3263.922
29.0,13.0,1.0,0.0,1.0,0.0,39185.336,37596.773,0.0,38403.445
27.0,9.0,1.0,0.0,1.0,1.0,0.0,934.4454,1.0,0.0
21.0,12.0,0.0,0.0,0.0,0.0,0.0,0.0,0.0,0.0
53.0,12.0,0.0,0.0,1.0,0.0,28213.441,26854.84,0.0,20091.084
18.0,11.0,1.0,0.0,0.0,1.0,0.0,0.0,1.0,0.0
48.0,12.0,0.0,0.0,1.0,0.0,42124.234,42967.742,0.0,41247.75
26.0,17.0,0.0,0.0,1.0,0.0,10775.967,29182.258,0.0,30819.42
45.0,5.0,1.0,0.0,1.0,1.0,0.0,0.0,1.0,3965.8982
30.0,9.0,1.0,0.0,0.0,1.0,1959.2668,162.91936,0.0,6750.738
41.0,17.0,0.0,0.0,1.0,0.0,54859.47,52993.547,0.0,39558.402
30.0,11.0,1.0,0.0,1.0,1.0,9228.146,8808.387,0.0,14200.051
53.0,6.0,1.0,0.0,1.0,1.0,15674.134,16112.903,0.0,13960.255
22.0,11.0,0.0,0.0,1.0,1.0,7837.0674,13964.516,0.0,19155.38
44.0,12.0,1.0,0.0,1.0,0.0,27429.734,21483.871,0.0,33662.297
35.0,8.0,1.0,0.0,1.0,1.0,13732.07,17976.15,0.0,26156.404
18.0,10.0,1.0,0.0,0.0,1.0,2143.411,1784.274,0.0,0.0
21.0,12.0,0.0,0.0,0.0,0.0,17829.328,12945.823,0.0,23734.521
21.0,13.0,0.0,0.0,1.0,0.0,15960.187,21483.871,0.0,30220.227
26.0,11.0,1.0,0.0,1.0,1.0,0.0,1392.853,0.0,18951.96
25.0,12.0,1.0,0.0,0.0,0.0,0.0,0.0,0.0,0.0
26.0,16.0,0.0,0.0,1.0,0.0,31348.27,28645.16,0.0,32813.074
20.0,11.0,0.0,0.0,1.0,1.0,14694.501,17008.064,0.0,25271.688
33.0,14.0,0.0,0.0,1.0,0.0,15674.134,13427.419,0.0,0.0
18.0,12.0,0.0,0.0,0.0,0.0,10775.967,14322.581,0.0,23034.771
27.0,14.0,1.0,0.0,0.0,0.0,19592.668,25064.516,0.0,43965.504
52.0,0.0,0.0,0.0,1.0,1.0,3134.827,0.0,0.0,0.0
23.0,12.0,1.0,0.0,1.0,0.0,19592.668,17366.129,0.0,22822.924
23.0,11.0,0.0,0.0,1.0,1.0,17045.621,11986.21,0.0,20440.098
19.0,10.0,0.0,0.0,0.0,1.0,0.0,5324.109,0.0,0.0
46.0,12.0,0.0,0.0,1.0,0.0,0.0,0.0,0.0,0.0
26.0,16.0,0.0,0.0,1.0,0.0,25078.615,30793.549,0.0,26783.139
23.0,12.0,0.0,0.0,1.0,0.0,7837.0674,8951.613,1.0,0.0
43.0,10.0,1.0,0.0,1.0,1.0,3918.5337,2148.3872,0.0,10241.12
27.0,16.0,0.0,0.0,1.0,0.0,17241.549,24885.484,0.0,23261.076
26.0,17.0,0.0,0.0,1.0,0.0,25470.469,26854.84,0.0,28674.285
20.0,10.0,1.0,0.0,1.0,1.0,6857.4336,6831.871,0.0,15273.84
32.0,12.0,0.0,0.0,1.0,0.0,54859.47,39387.098,0.0,49610.543
42.0,12.0,1.0,0.0,0.0,0.0,0.0,0.0,1.0,0.0
35.0,12.0,0.0,0.0,1.0,0.0,25078.615,26854.84,0.0,28990.98
25.0,14.0,0.0,0.0,1.0,0.0,16065.988,15217.742,0.0,15984.888
22.0,13.0,1.0,0.0,1.0,0.0,15403.756,14320.79,0.0,30818.56
40.0,11.0,0.0,0.0,1.0,1.0,28409.37,12532.258,0.0,24885.262
44.0,17.0,0.0,0.0,1.0,0.0,37226.07,32075.42,0.0,26835.812
50.0,11.0,1.0,0.0,0.0,1.0,10188.187,17903.227,0.0,12808.947
25.0,11.0,1.0,0.0,0.0,1.0,0.0,0.0,1.0,0.0
53.0,14.0,1.0,0.0,1.0,0.0,7641.1406,8421.678,0.0,6184.892
28.0,15.0,1.0,0.0,0.0,0.0,0.0,0.0,1.0,17210.135
28.0,12.0,0.0,0.0,1.0,0.0,11755.601,12532.258,0.0,13559.017
45.0,9.0,1.0,0.0,1.0,1.0,0.0,0.0,0.0,0.0
26.0,10.0,0.0,0.0,0.0,1.0,12000.509,14322.581,0.0,0.0
29.0,10.0,1.0,0.0,1.0,1.0,8464.032,8325.0,0.0,20188.867
28.0,12.0,0.0,0.0,1.0,0.0,23511.201,22379.031,0.0,26247.178
32.0,12.0,1.0,0.0,1.0,0.0,18613.035,16112.903,0.0,22035.625
26.0,12.0,0.0,0.0,1.0,0.0,25078.615,23274.193,0.0,15978.971
46.0,10.0,0.0,0.0,1.0,1.0,20944.562,21338.855,0.0,25696.95
36.0,8.0,0.0,1.0,1.0,1.0,19592.668,11995.161,0.0,17469.545
43.0,11.0,1.0,0.0,1.0,1.0,17633.4,14322.581,0.0,21906.89
48.0,16.0,0.0,0.0,1.0,0.0,48981.67,50129.03,0.0,61311.594
25.0,14.0,0.0,1.0,1.0,0.0,15674.134,14322.581,0.0,0.0
49.0,8.0,0.0,0.0,0.0,1.0,21551.936,36316.695,0.0,25085.578
31.0,16.0,0.0,0.0,1.0,0.0,19592.668,17903.227,0.0,18433.445
21.0,14.0,0.0,0.0,1.0,0.0,4898.167,7161.2905,0.0,20179.576
27.0,16.0,0.0,0.0,1.0,0.0,0.0,0.0,0.0,0.0
50.0,11.0,0.0,0.0,1.0,1.0,36205.29,38563.547,0.0,32346.27
46.0,8.0,0.0,0.0,1.0,1.0,0.0,8951.613,0.0,6884.384
48.0,17.0,0.0,0.0,1.0,0.0,0.0,0.0,1.0,10265.381
26.0,12.0,1.0,0.0,1.0,0.0,15674.134,15217.742,0.0,19097.225
27.0,16.0,0.0,0.0,0.0,0.0,7837.0674,0.0,0.0,9145.398
24.0,12.0,0.0,0.0,1.0,0.0,13714.868,16112.903,0.0,19071.342
29.0,16.0,0.0,0.0,1.0,0.0,0.0,0.0,1.0,0.0
49.0,17.0,0.0,0.0,1.0,0.0,30956.414,31867.742,0.0,24198.062
34.0,11.0,0.0,0.0,1.0,1.0,15184.318,0.0,0.0,19893.371
52.0,5.0,0.0,0.0,1.0,1.0,13714.868,14322.581,0.0,22840.762
20.0,7.0,1.0,0.0,1.0,1.0,19592.668,11637.097,0.0,17303.592
23.0,12.0,1.0,0.0,1.0,0.0,7837.0674,12532.258,0.0,0.0
25.0,12.0,0.0,0.0,1.0,0.0,28017.516,31062.098,0.0,26941.756
24.0,16.0,0.0,0.0,1.0,0.0,14694.501,16470.969,0.0,27828.818
48.0,6.0,0.0,1.0,1.0,1.0,38670.05,42967.742,0.0,38617.453
41.0,8.0,1.0,0.0,1.0,1.0,36691.188,32888.227,0.0,30660.955
19.0,10.0,1.0,0.0,0.0,1.0,4702.24,3437.4194,0.0,9810.235
47.0,16.0,0.0,0.0,1.0,0.0,68574.336,71612.91,0.0,71394.03
20.0,12.0,0.0,0.0,1.0,0.0,22531.568,23274.193,0.0,23104.664
38.0,12.0,0.0,0.0,0.0,0.0,0.0,0.0,0.0,0.0
39.0,7.0,0.0,0.0,1.0,1.0,21712.596,24065.516,0.0,13750.231
32.0,16.0,0.0,0.0,1.0,0.0,27625.662,29540.322,0.0,39226.37
52.0,17.0,0.0,0.0,1.0,0.0,63676.17,60870.97,0.0,65134.812
35.0,16.0,0.0,0.0,1.0,0.0,34091.242,26854.84,0.0,32370.174
23.0,10.0,1.0,0.0,0.0,1.0,1469.4501,5370.968,0.0,10867.252
27.0,12.0,0.0,0.0,1.0,0.0,8816.7,44758.066,0.0,45376.664
25.0,12.0,1.0,0.0,1.0,0.0,9796.334,21483.871,0.0,19161.367
26.0,14.0,0.0,0.0,1.0,0.0,5877.8003,13427.419,0.0,2787.0354
29.0,16.0,0.0,0.0,1.0,0.0,4800.2036,17187.098,0.0,22815.791
39.0,11.0,1.0,0.0,1.0,1.0,9992.261,11637.097,0.0,0.0
47.0,12.0,0.0,0.0,1.0,0.0,32915.684,27750.0,0.0,44566.74
47.0,7.0,0.0,0.0,1.0,1.0,24784.725,23811.29,0.0,27644.38
27.0,12.0,0.0,0.0,1.0,0.0,13910.794,14859.677,0.0,12940.36
48.0,16.0,0.0,0.0,1.0,0.0,23511.201,23274.193,0.0,20459.373
35.0,10.0,1.0,0.0,0.0,1.0,0.0,0.0,0.0,0.0
23.0,15.0,0.0,0.0,1.0,0.0,16955.494,20844.727,0.0,18796.66
53.0,7.0,0.0,0.0,1.0,1.0,19592.668,19693.549,0.0,35335.51
39.0,12.0,0.0,0.0,0.0,0.0,23511.201,31509.678,0.0,38844.812
50.0,17.0,0.0,0.0,0.0,0.0,0.0,0.0,0.0,10376.639
23.0,12.0,1.0,0.0,1.0,0.0,3918.5337,11637.097,0.0,0.0
37.0,15.0,0.0,1.0,1.0,0.0,45063.137,39387.098,0.0,42369.27
50.0,6.0,1.0,0.0,1.0,1.0,13033.043,4092.6775,0.0,12292.662
49.0,11.0,0.0,0.0,1.0,1.0,25470.469,19693.549,0.0,20370.816
36.0,11.0,1.0,0.0,0.0,1.0,29389.002,25982.951,0.0,22908.31
23.0,11.0,1.0,0.0,1.0,1.0,17116.154,10741.935,0.0,25217.375
33.0,12.0,0.0,0.0,1.0,0.0,0.0,0.0,1.0,0.0
41.0,11.0,0.0,0.0,1.0,1.0,0.0,0.0,0.0,7986.399
54.0,15.0,0.0,0.0,1.0,0.0,48981.67,35806.453,0.0,45371.98
27.0,12.0,1.0,0.0,1.0,0.0,14694.501,13427.419,0.0,0.0
42.0,13.0,0.0,0.0,1.0,0.0,0.0,0.0,0.0,0.0
26.0,16.0,0.0,0.0,1.0,0.0,32327.902,27750.0,0.0,16849.785
24.0,16.0,0.0,0.0,0.0,0.0,4898.167,8951.613,0.0,223.79973
45.0,12.0,0.0,0.0,1.0,0.0,31348.27,27391.936,0.0,23852.873
44.0,12.0,1.0,0.0,1.0,0.0,18613.035,23632.258,0.0,20122.658
23.0,10.0,1.0,0.0,0.0,1.0,3918.5337,7161.2905,0.0,6360.13
24.0,10.0,1.0,0.0,1.0,1.0,9012.627,6624.1934,0.0,0.0
24.0,12.0,0.0,1.0,1.0,0.0,23511.201,21483.871,0.0,33009.02
23.0,11.0,1.0,0.0,0.0,1.0,0.0,0.0,0.0,0.0
22.0,12.0,0.0,0.0,1.0,0.0,15478.208,8951.613,0.0,16318.345
21.0,12.0,1.0,0.0,0.0,0.0,0.0,0.0,1.0,7453.6206
28.0,14.0,1.0,0.0,1.0,0.0,17633.4,12532.258,0.0,28053.816
29.0,12.0,0.0,0.0,1.0,0.0,10775.967,12532.258,0.0,15644.008
51.0,8.0,0.0,0.0,1.0,1.0,11986.794,1546.8387,0.0,0.0
49.0,12.0,0.0,0.0,1.0,0.0,25862.322,28645.16,0.0,27826.107
23.0,14.0,0.0,0.0,0.0,0.0,22139.715,18798.387,0.0,21416.799
28.0,14.0,0.0,0.0,1.0,0.0,19984.521,12532.258,0.0,15175.832
23.0,12.0,1.0,0.0,1.0,0.0,3918.5337,2864.516,1.0,11747.14
28.0,12.0,0.0,0.0,1.0,0.0,13714.868,13606.452,0.0,12039.044
43.0,14.0,0.0,0.0,1.0,0.0,2645.0103,0.0,1.0,11962.536
25.0,12.0,1.0,0.0,1.0,0.0,19592.668,5370.968,0.0,24449.305
30.0,12.0,0.0,0.0,1.0,0.0,25470.469,25959.678,0.0,30191.81
24.0,14.0,0.0,0.0,1.0,0.0,20141.264,0.0,0.0,20580.746
18.0,12.0,0.0,0.0,0.0,0.0,8816.7,14322.581,0.0,25075.998
39.0,12.0,0.0,0.0,1.0,0.0,26450.102,27750.0,0.0,30484.7
30.0,9.0,0.0,0.0,1.0,1.0,15478.208,7877.4194,0.0,15914.777
22.0,14.0,0.0,0.0,1.0,0.0,30368.635,20588.71,0.0,26721.223
55.0,12.0,0.0,0.0,1.0,0.0,23511.201,26854.84,0.0,38526.434
33.0,11.0,1.0,0.0,1.0,1.0,6857.4336,11637.097,0.0,3519.525
37.0,14.0,0.0,0.0,1.0,0.0,30368.635,44758.066,0.0,38945.902
24.0,10.0,1.0,0.0,1.0,1.0,14482.9,10741.935,0.0,0.0
51.0,12.0,1.0,0.0,1.0,0.0,23511.201,25601.613,0.0,18590.95
45.0,12.0,0.0,0.0,1.0,0.0,35266.8,38366.613,0.0,31275.14
32.0,16.0,0.0,0.0,1.0,0.0,23511.201,25959.678,0.0,22153.56
44.0,10.0,1.0,0.0,1.0,1.0,20993.545,19190.469,0.0,12525.238
22.0,11.0,1.0,0.0,0.0,1.0,0.0,0.0,0.0,0.0
33.0,12.0,0.0,0.0,1.0,0.0,22531.568,26496.773,0.0,32054.865
30.0,12.0,0.0,0.0,0.0,0.0,16457.842,14680.645,0.0,17058.309
34.0,16.0,0.0,0.0,1.0,0.0,48981.67,62661.29,0.0,63287.887
31.0,11.0,1.0,0.0,0.0,1.0,15674.134,4316.468,0.0,15553.181
29.0,10.0,1.0,0.0,1.0,1.0,7641.1406,8122.6934,0.0,9086.159
20.0,11.0,1.0,0.0,0.0,1.0,16318.62,1484.994,0.0,11225.7
34.0,12.0,0.0,0.0,1.0,0.0,21943.787,20409.678,0.0,23533.516
43.0,12.0,0.0,0.0,1.0,0.0,18808.96,17903.227,0.0,36208.184
23.0,14.0,0.0,0.0,1.0,0.0,18722.754,21662.902,0.0,28564.666
25.0,12.0,0.0,0.0,1.0,0.0,16653.768,12181.355,0.0,0.0
36.0,17.0,0.0,0.0,1.0,0.0,29389.002,34911.29,0.0,35347.453
28.0,12.0,0.0,0.0,1.0,0.0,23511.201,21483.871,0.0,32755.871
19.0,12.0,0.0,0.0,1.0,0.0,9796.334,9846.774,0.0,10380.978
46.0,11.0,0.0,0.0,1.0,1.0,34287.168,30077.42,0.0,28156.725
37.0,9.0,0.0,0.0,0.0,1.0,940.44806,3544.8386,0.0,0.0
52.0,7.0,0.0,0.0,1.0,1.0,0.0,0.0,0.0,6513.5044
44.0,12.0,0.0,0.0,1.0,0.0,26450.102,25959.678,0.0,25016.424
23.0,12.0,1.0,0.0,1.0,0.0,17672.588,14322.581,0.0,24708.305
29.0,17.0,0.0,0.0,1.0,0.0,16653.768,16112.903,0.0,16058.02
37.0,11.0,1.0,0.0,1.0,1.0,29389.002,21483.871,0.0,2787.3335
38.0,12.0,1.0,0.0,1.0,0.0,35266.8,25064.516,0.0,31726.498
37.0,8.0,0.0,0.0,1.0,1.0,21481.4,14322.581,0.0,18490.482
52.0,10.0,0.0,0.0,1.0,1.0,13714.868,12174.194,0.0,21466.195
53.0,4.0,0.0,0.0,1.0,1.0,12039.695,2660.4194,0.0,6670.7993
26.0,12.0,0.0,0.0,1.0,0.0,13714.868,716.129,1.0,0.0
20.0,9.0,0.0,1.0,0.0,1.0,12260.78,5875.049,0.0,15289.616
46.0,8.0,1.0,0.0,1.0,1.0,0.0,0.0,1.0,0.0
30.0,11.0,0.0,0.0,1.0,1.0,24882.688,26854.84,0.0,28687.3
28.0,12.0,0.0,0.0,1.0,0.0,14694.501,15933.871,0.0,30244.371
31.0,11.0,1.0,0.0,1.0,1.0,0.0,0.0,1.0,7880.7075
28.0,12.0,0.0,0.0,1.0,0.0,23511.201,18798.387,0.0,23288.398
40.0,10.0,0.0,0.0,1.0,1.0,14302.648,24169.355,0.0,31977.742
46.0,17.0,0.0,0.0,1.0,0.0,45063.137,57290.324,0.0,42049.31
48.0,12.0,0.0,0.0,1.0,0.0,22321.928,23881.113,0.0,22215.18
27.0,17.0,0.0,0.0,1.0,0.0,25078.615,19693.549,0.0,22024.758
39.0,17.0,0.0,1.0,1.0,0.0,0.0,0.0,0.0,4627.7075
23.0,12.0,1.0,0.0,1.0,0.0,9796.334,12532.258,0.0,19851.922
32.0,14.0,0.0,0.0,1.0,0.0,34874.95,35788.547,0.0,33248.42
27.0,12.0,1.0,0.0,1.0,0.0,9796.334,0.0,1.0,0.0
22.0,9.0,1.0,0.0,1.0,1.0,11708.578,10419.677,0.0,25105.66
43.0,17.0,0.0,0.0,1.0,0.0,49961.305,48338.71,0.0,39468.027
31.0,15.0,1.0,0.0,0.0,0.0,26450.102,26854.84,0.0,29302.055
43.0,14.0,0.0,0.0,0.0,0.0,29389.002,30435.484,0.0,27847.725
44.0,8.0,0.0,0.0,1.0,1.0,18025.256,18798.387,0.0,36413.895
52.0,4.0,1.0,0.0,1.0,1.0,5877.8003,11637.097,0.0,15863.987
35.0,15.0,1.0,0.0,1.0,0.0,29477.17,34098.484,0.0,36099.043
42.0,12.0,1.0,0.0,0.0,0.0,23511.201,21483.871,0.0,35365.312
33.0,17.0,0.0,0.0,1.0,0.0,27037.883,31867.742,0.0,30694.967
48.0,5.0,1.0,0.0,1.0,1.0,12343.381,13606.452,0.0,19163.863
27.0,17.0,0.0,0.0,1.0,0.0,34287.168,37596.773,0.0,35523.418
50.0,16.0,0.0,0.0,0.0,0.0,23511.201,14322.581,0.0,13021.238
31.0,12.0,0.0,0.0,1.0,0.0,29584.93,26854.84,0.0,32791.5
26.0,12.0,0.0,0.0,1.0,0.0,19263.512,13024.597,0.0,19636.94
37.0,12.0,0.0,0.0,1.0,0.0,15674.134,8951.613,0.0,5791.9805
30.0,12.0,0.0,0.0,1.0,0.0,0.0,0.0,0.0,0.0
28.0,13.0,0.0,0.0,1.0,0.0,15282.281,14322.581,0.0,2298.768
29.0,10.0,0.0,0.0,1.0,1.0,41144.6,8951.613,0.0,35078.324
24.0,16.0,0.0,0.0,1.0,0.0,22335.643,22880.322,0.0,35131.73
28.0,6.0,0.0,0.0,1.0,1.0,13734.46,6395.032,0.0,19738.955
23.0,12.0,0.0,0.0,1.0,0.0,23511.201,19854.678,0.0,28591.465
46.0,12.0,1.0,0.0,1.0,0.0,20572.3,32225.807,0.0,25817.623
44.0,5.0,1.0,0.0,1.0,1.0,9796.334,8951.613,0.0,0.0
40.0,12.0,0.0,0.0,1.0,0.0,20572.3,24772.693,0.0,30798.617
34.0,12.0,0.0,0.0,1.0,0.0,22531.568,22379.031,0.0,25280.215
50.0,12.0,1.0,0.0,1.0,0.0,29193.074,17903.227,0.0,21159.582
23.0,9.0,0.0,0.0,1.0,1.0,11167.821,11995.161,0.0,3785.6458
26.0,12.0,1.0,0.0,1.0,0.0,17633.4,18798.387,0.0,27406.594
46.0,8.0,1.0,0.0,0.0,1.0,3165.658,2594.723,0.0,0.0
45.0,5.0,0.0,0.0,1.0,1.0,31348.27,37596.773,0.0,30387.688
22.0,14.0,1.0,0.0,1.0,0.0,16849.695,21125.807,0.0,16735.084
22.0,12.0,0.0,0.0,1.0,0.0,14694.501,16829.031,0.0,16248.918
30.0,10.0,0.0,0.0,1.0,1.0,23511.201,28645.16,0.0,36958.32
54.0,12.0,0.0,0.0,1.0,0.0,0.0,0.0,0.0,15736.308
25.0,11.0,0.0,0.0,0.0,1.0,0.0,0.0,0.0,9585.061
36.0,16.0,0.0,0.0,0.0,0.0,5290.0205,4833.871,0.0,0.0
44.0,9.0,1.0,0.0,1.0,1.0,13366.118,14644.839,0.0,34735.3
47.0,10.0,0.0,1.0,1.0,1.0,21943.787,18977.42,0.0,3406.7258
19.0,12.0,1.0,0.0,0.0,0.0,5387.984,8056.4517,0.0,4907.3984
40.0,12.0,0.0,0.0,1.0,0.0,25707.54,20409.678,0.0,20228.574
39.0,10.0,1.0,0.0,0.0,1.0,11755.601,12532.258,0.0,97500.29
49.0,12.0,0.0,0.0,1.0,0.0,72492.875,71433.87,0.0,65740.234
45.0,12.0,0.0,0.0,1.0,0.0,11771.275,11270.081,0.0,62827.7
42.0,5.0,1.0,0.0,1.0,1.0,7837.0674,7161.2905,0.0,8143.7153
28.0,13.0,0.0,0.0,1.0,0.0,24490.836,23868.58,0.0,23531.373
42.0,12.0,0.0,0.0,1.0,0.0,44475.355,47232.29,0.0,46584.625
53.0,12.0,0.0,0.0,1.0,0.0,17633.4,16112.903,0.0,14329.609
37.0,14.0,0.0,1.0,1.0,0.0,30108.053,26854.84,0.0,26138.807
25.0,5.0,1.0,0.0,0.0,1.0,0.0,0.0,0.0,5373.684
37.0,11.0,0.0,0.0,1.0,1.0,12735.234,0.0,1.0,0.0
47.0,4.0,0.0,0.0,1.0,1.0,9355.499,20884.113,0.0,8560.902
34.0,7.0,0.0,0.0,0.0,1.0,17619.686,20481.29,0.0,24938.465
20.0,12.0,1.0,0.0,1.0,0.0,19592.668,16709.08,0.0,21440.346
48.0,12.0,0.0,0.0,1.0,0.0,30860.41,29269.984,0.0,28976.312
34.0,14.0,0.0,0.0,1.0,0.0,21551.936,23274.193,0.0,33653.555
30.0,13.0,0.0,0.0,1.0,0.0,62696.54,75193.55,0.0,51081.723
33.0,12.0,0.0,0.0,1.0,0.0,13714.868,18082.258,0.0,47475.36
28.0,15.0,0.0,0.0,1.0,0.0,15082.436,18619.355,0.0,24366.83
22.0,12.0,1.0,0.0,0.0,0.0,6583.1367,4475.8066,0.0,19389.994
26.0,16.0,0.0,0.0,1.0,0.0,29389.002,28645.16,0.0,45070.016
25.0,14.0,0.0,0.0,1.0,0.0,33307.535,31330.645,0.0,36293.676
25.0,12.0,1.0,0.0,0.0,0.0,16653.768,14859.677,0.0,16001.27
23.0,17.0,0.0,0.0,0.0,0.0,12735.234,14322.581,0.0,13884.822
27.0,12.0,1.0,0.0,1.0,0.0,3670.872,334.0493,0.0,11878.341
25.0,14.0,0.0,0.0,0.0,0.0,6857.4336,1790.3226,0.0,19561.621
38.0,17.0,0.0,0.0,0.0,0.0,32327.902,32225.807,0.0,51546.777
42.0,6.0,1.0,0.0,1.0,1.0,31348.27,28645.16,0.0,32809.086
25.0,8.0,1.0,0.0,0.0,1.0,0.0,0.0,0.0,0.0
27.0,8.0,1.0,0.0,0.0,1.0,6269.654,6624.1934,0.0,24672.244
22.0,12.0,0.0,0.0,0.0,0.0,15674.134,11637.097,0.0,34578.332
44.0,14.0,0.0,0.0,1.0,0.0,32719.756,29540.322,0.0,37196.008
21.0,13.0,1.0,0.0,0.0,0.0,0.0,0.0,1.0,1684.7386
23.0,16.0,0.0,0.0,1.0,0.0,0.0,1521.7742,0.0,0.0
31.0,13.0,0.0,0.0,1.0,0.0,20572.3,33658.066,0.0,38634.418
25.0,12.0,0.0,0.0,1.0,0.0,23119.348,24074.469,0.0,27229.824
44.0,13.0,0.0,0.0,1.0,0.0,27429.734,26774.273,0.0,34286.227
51.0,10.0,0.0,0.0,1.0,1.0,21943.787,23274.193,0.0,19555.73
51.0,10.0,0.0,0.0,1.0,1.0,21943.787,23274.193,0.0,26500.576
40.0,2.0,1.0,0.0,1.0,1.0,17645.156,13427.419,0.0,10123.899
28.0,12.0,0.0,0.0,1.0,0.0,30760.488,28824.193,0.0,24205.648
28.0,11.0,0.0,0.0,1.0,1.0,14106.721,10741.935,0.0,16741.803
31.0,17.0,0.0,0.0,1.0,0.0,35266.8,31806.871,0.0,47884.82
24.0,12.0,0.0,0.0,1.0,0.0,16884.96,9311.468,0.0,15076.36
35.0,8.0,0.0,0.0,1.0,1.0,11167.821,18796.598,0.0,28958.777
22.0,12.0,0.0,0.0,1.0,0.0,17703.936,12532.258,0.0,25256.643
23.0,13.0,0.0,0.0,1.0,0.0,9698.371,8593.549,0.0,11946.392
38.0,12.0,1.0,0.0,1.0,0.0,40570.54,10741.935,0.0,0.0
22.0,12.0,1.0,0.0,1.0,0.0,1269.6049,0.0,1.0,0.0
24.0,17.0,0.0,0.0,0.0,0.0,9796.334,16112.903,0.0,12115.134
51.0,16.0,0.0,0.0,0.0,0.0,25470.469,24169.355,0.0,33824.89
43.0,12.0,0.0,0.0,1.0,0.0,19592.668,21739.887,0.0,19957.326
49.0,10.0,0.0,0.0,1.0,1.0,22727.494,23095.16,0.0,24257.754
27.0,17.0,0.0,0.0,0.0,0.0,40164.97,41177.418,0.0,44506.047
25.0,17.0,0.0,0.0,1.0,0.0,41144.6,35806.453,0.0,0.0
55.0,3.0,1.0,0.0,1.0,1.0,5877.8003,5370.968,0.0,0.0
22.0,15.0,0.0,0.0,1.0,0.0,2547.0469,17187.098,0.0,20967.83
44.0,11.0,1.0,0.0,1.0,1.0,24294.908,35806.453,0.0,33169.31
27.0,12.0,1.0,0.0,1.0,0.0,24686.762,22558.064,0.0,22711.264
41.0,16.0,1.0,0.0,1.0,0.0,33307.535,23274.193,0.0,26427.531
46.0,12.0,0.0,0.0,1.0,0.0,11167.821,7161.2905,0.0,18826.686
21.0,9.0,1.0,0.0,0.0,1.0,13127.088,16327.742,0.0,19233.512
42.0,17.0,0.0,0.0,1.0,0.0,23511.201,22379.031,0.0,16912.309
47.0,11.0,0.0,0.0,1.0,1.0,16928.064,15409.306,0.0,17736.502
33.0,17.0,0.0,0.0,0.0,0.0,19396.74,0.0,0.0,11317.774
40.0,17.0,0.0,1.0,1.0,0.0,39185.336,41177.418,0.0,47739.19
20.0,10.0,0.0,1.0,1.0,1.0,9208.554,8951.613,0.0,20494.674
23.0,12.0,0.0,0.0,1.0,0.0,19592.668,21483.871,0.0,20768.08
28.0,12.0,0.0,0.0,1.0,0.0,21551.936,10562.903,0.0,5674.1587
46.0,8.0,0.0,0.0,1.0,1.0,16457.842,16112.903,0.0,22313.49
40.0,12.0,0.0,0.0,1.0,0.0,19592.668,19335.484,0.0,13885.459
34.0,12.0,0.0,0.0,1.0,0.0,34731.92,30435.484,0.0,34004.71
23.0,12.0,1.0,0.0,0.0,0.0,6269.341,3039.96,0.0,0.0
23.0,13.0,0.0,0.0,1.0,0.0,11755.601,13427.419,0.0,12823.761
28.0,17.0,0.0,0.0,1.0,0.0,28017.516,31151.613,0.0,98209.31
41.0,12.0,0.0,0.0,1.0,0.0,14684.705,23274.193,0.0,18151.994
28.0,17.0,0.0,0.0,1.0,0.0,23511.201,20946.773,0.0,29327.379
30.0,12.0,1.0,0.0,1.0,0.0,17760.754,17366.129,0.0,19586.473
20.0,13.0,0.0,1.0,0.0,0.0,9404.48,0.0,1.0,5764.59
27.0,12.0,0.0,0.0,1.0,0.0,11363.747,12532.258,0.0,0.0
27.0,12.0,0.0,0.0,1.0,0.0,21943.787,20588.71,0.0,15616.59
27.0,16.0,0.0,0.0,1.0,0.0,21551.936,23274.193,0.0,27445.268
20.0,12.0,0.0,0.0,1.0,0.0,9796.334,13427.419,0.0,5815.107
27.0,17.0,0.0,0.0,1.0,0.0,13127.088,10741.935,0.0,4743.9136
54.0,8.0,0.0,1.0,1.0,1.0,14302.648,0.0,0.0,0.0
28.0,12.0,1.0,0.0,1.0,0.0,33503.46,26854.84,0.0,81458.984
53.0,12.0,1.0,0.0,1.0,0.0,19592.668,21483.871,0.0,41901.465
41.0,8.0,0.0,0.0,1.0,1.0,0.0,0.0,1.0,5015.8643
27.0,14.0,0.0,0.0,1.0,0.0,22218.086,23306.42,0.0,32676.105
30.0,10.0,1.0,0.0,1.0,1.0,22335.643,0.0,0.0,0.0
27.0,12.0,1.0,0.0,0.0,0.0,2143.413,357.9499,0.0,17959.027
29.0,12.0,0.0,0.0,0.0,0.0,15478.208,14370.919,0.0,29572.062
53.0,10.0,0.0,0.0,1.0,1.0,19984.521,21483.871,0.0,17622.732
42.0,8.0,0.0,0.0,1.0,1.0,0.0,0.0,0.0,0.0
31.0,14.0,0.0,0.0,1.0,0.0,21140.488,20141.129,0.0,23605.656
44.0,15.0,0.0,0.0,1.0,0.0,43103.87,39387.098,0.0,48198.727
25.0,16.0,1.0,0.0,1.0,0.0,16653.768,17008.064,0.0,23884.324
23.0,12.0,1.0,0.0,0.0,0.0,5506.308,501.0741,0.0,0.0
23.0,12.0,0.0,0.0,0.0,0.0,13714.868,10741.935,0.0,27000.88
47.0,10.0,0.0,0.0,1.0,1.0,19004.889,17903.227,0.0,32763.518
21.0,9.0,0.0,0.0,1.0,1.0,17633.4,3202.8872,0.0,10046.625
38.0,9.0,0.0,0.0,1.0,1.0,29976.781,25064.516,0.0,25940.068
27.0,12.0,1.0,0.0,1.0,0.0,13127.088,12353.226,0.0,0.0
27.0,15.0,0.0,0.0,1.0,0.0,3722.607,4654.839,0.0,22246.717
44.0,12.0,0.0,0.0,1.0,0.0,0.0,0.0,0.0,6602.248
17.0,8.0,1.0,0.0,0.0,1.0,0.0,0.0,0.0,0.0
27.0,12.0,0.0,0.0,1.0,0.0,19592.668,18082.258,0.0,35175.918
29.0,14.0,0.0,0.0,1.0,0.0,17633.4,17187.098,0.0,4684.6895
21.0,12.0,1.0,0.0,1.0,0.0,15674.134,16112.903,0.0,19689.66
27.0,13.0,0.0,0.0,0.0,0.0,23511.201,21483.871,0.0,21223.58
23.0,12.0,0.0,0.0,1.0,0.0,21551.936,25959.678,0.0,19651.066
33.0,8.0,1.0,0.0,0.0,1.0,0.0,0.0,0.0,0.0
40.0,12.0,0.0,0.0,1.0,0.0,31348.27,31330.645,0.0,30386.62
55.0,3.0,1.0,0.0,1.0,1.0,14547.556,13463.226,0.0,9491.918
25.0,16.0,0.0,0.0,1.0,0.0,20964.154,24706.451,0.0,33952.65
22.0,16.0,0.0,0.0,0.0,0.0,16653.768,22737.098,0.0,17363.762
26.0,17.0,0.0,0.0,1.0,0.0,13714.868,29540.322,0.0,16721.016
27.0,16.0,0.0,0.0,1.0,0.0,36246.438,0.0,0.0,25184.5
42.0,6.0,0.0,1.0,1.0,1.0,10775.967,22558.064,0.0,33131.82
30.0,17.0,1.0,0.0,1.0,0.0,22139.715,27929.031,0.0,27632.328
24.0,12.0,0.0,0.0,1.0,0.0,11755.601,11074.935,0.0,13557.996
28.0,8.0,1.0,0.0,0.0,1.0,0.0,0.0,0.0,0.0
26.0,14.0,0.0,0.0,1.0,0.0,17045.621,25064.516,0.0,29281.38
21.0,8.0,1.0,0.0,0.0,1.0,0.0,895.1613,0.0,4069.9846
29.0,17.0,0.0,0.0,1.0,0.0,45063.137,35806.453,0.0,40702.117
21.0,12.0,0.0,0.0,0.0,0.0,16653.768,17903.227,0.0,21713.586
33.0,12.0,0.0,0.0,1.0,0.0,21551.936,21483.871,0.0,27492.127
26.0,13.0,0.0,0.0,1.0,0.0,22531.568,22379.031,0.0,27084.22
32.0,17.0,0.0,0.0,1.0,0.0,76411.41,64451.613,0.0,73664.68
27.0,16.0,0.0,0.0,1.0,0.0,19592.668,12532.258,0.0,19642.67
24.0,16.0,0.0,0.0,1.0,0.0,5877.8003,4833.871,0.0,0.0
26.0,12.0,1.0,0.0,0.0,0.0,0.0,0.0,0.0,0.0
20.0,12.0,0.0,0.0,1.0,0.0,13902.957,14322.581,0.0,8860.831
42.0,14.0,1.0,0.0,0.0,0.0,0.0,0.0,0.0,0.0
54.0,8.0,0.0,0.0,1.0,1.0,23511.201,21483.871,0.0,35914.508
35.0,12.0,0.0,0.0,1.0,0.0,10188.187,9309.678,0.0,16515.25
35.0,14.0,0.0,0.0,1.0,0.0,18613.035,19693.549,0.0,27222.553
37.0,17.0,0.0,0.0,1.0,0.0,48981.67,44758.066,0.0,37033.16
47.0,16.0,0.0,0.0,1.0,0.0,60737.27,60870.97,0.0,46228.66
24.0,12.0,1.0,0.0,0.0,0.0,10775.967,9309.678,0.0,19239.33
40.0,16.0,0.0,0.0,1.0,0.0,35266.8,44758.066,0.0,40117.453
19.0,11.0,1.0,0.0,0.0,1.0,29725.996,8806.597,0.0,4914.88
43.0,12.0,0.0,0.0,1.0,0.0,0.0,0.0,0.0,9788.734
22.0,12.0,0.0,0.0,1.0,0.0,15674.134,22916.129,0.0,26442.447
48.0,12.0,1.0,0.0,1.0,0.0,26908.57,22558.064,0.0,21404.783
42.0,9.0,1.0,0.0,1.0,1.0,0.0,3058.531,0.0,5548.206
35.0,12.0,0.0,0.0,1.0,0.0,35266.8,26854.84,0.0,20743.418
19.0,13.0,0.0,0.0,1.0,0.0,12735.234,19693.549,0.0,15393.926
44.0,3.0,1.0,0.0,1.0,1.0,25470.469,21483.871,0.0,30033.79
31.0,12.0,0.0,0.0,1.0,0.0,25470.469,23274.193,0.0,32889.523
29.0,12.0,1.0,0.0,1.0,0.0,11755.601,9846.774,0.0,12906.57
52.0,15.0,0.0,0.0,1.0,0.0,39185.336,35806.453,0.0,37327.215
45.0,16.0,0.0,0.0,1.0,0.0,43103.87,48338.71,0.0,48694.992
26.0,8.0,1.0,0.0,1.0,1.0,5681.8735,4296.7744,0.0,0.0
23.0,10.0,1.0,0.0,1.0,1.0,0.0,936.4386,0.0,3415.6362
50.0,11.0,0.0,0.0,1.0,1.0,36205.29,38563.547,0.0,43974.004
41.0,8.0,1.0,0.0,1.0,1.0,1716.3177,8378.71,0.0,0.0
24.0,13.0,0.0,0.0,1.0,0.0,19592.668,17187.098,0.0,26078.398
48.0,10.0,0.0,0.0,1.0,1.0,35266.8,34911.29,0.0,24255.266
55.0,12.0,0.0,1.0,1.0,0.0,0.0,0.0,0.0,12436.246
51.0,12.0,0.0,0.0,1.0,0.0,21943.787,19156.451,0.0,28851.152
20.0,12.0,1.0,0.0,1.0,0.0,19592.668,18619.355,0.0,20777.553
44.0,12.0,0.0,0.0,1.0,0.0,14498.574,14424.629,0.0,23688.533
46.0,12.0,0.0,0.0,1.0,0.0,12343.381,11637.097,0.0,15602.926
33.0,12.0,1.0,0.0,1.0,0.0,20279.95,10941.35,0.0,35130.82
45.0,17.0,0.0,0.0,1.0,0.0,0.0,16112.903,0.0,0.0
41.0,8.0,0.0,0.0,1.0,1.0,20572.3,22379.031,0.0,16469.36
41.0,12.0,0.0,0.0,1.0,0.0,20572.3,21483.871,0.0,24460.559
52.0,8.0,1.0,0.0,0.0,1.0,23511.201,15217.742,0.0,17729.041
40.0,10.0,1.0,0.0,0.0,1.0,25470.469,23274.193,0.0,29828.578
25.0,14.0,0.0,0.0,0.0,0.0,20768.229,14322.581,0.0,21942.787
21.0,11.0,0.0,0.0,0.0,1.0,11167.821,5370.968,1.0,0.0
31.0,16.0,0.0,0.0,1.0,0.0,23511.201,24706.451,0.0,15057.906
27.0,13.0,1.0,0.0,0.0,0.0,0.0,0.0,1.0,355.40903
37.0,10.0,0.0,0.0,1.0,1.0,36246.438,17545.16,0.0,22069.236
24.0,12.0,0.0,0.0,0.0,0.0,10873.931,15754.839,0.0,16841.432
55.0,16.0,1.0,0.0,1.0,0.0,13714.868,11995.161,0.0,15770.046
34.0,6.0,0.0,0.0,1.0,1.0,17633.4,17903.227,0.0,20709.8
35.0,9.0,0.0,0.0,1.0,1.0,19200.814,17706.29,0.0,25878.146
29.0,12.0,0.0,0.0,1.0,0.0,29389.002,25959.678,0.0,29783.16
23.0,12.0,0.0,0.0,1.0,0.0,19396.74,12532.258,0.0,9768.461
50.0,7.0,0.0,0.0,1.0,1.0,15160.807,15933.871,0.0,20923.367
21.0,12.0,0.0,0.0,1.0,0.0,15987.617,16291.935,0.0,22318.21
45.0,16.0,0.0,0.0,1.0,0.0,0.0,0.0,0.0,0.0
18.0,11.0,1.0,0.0,0.0,1.0,5877.8003,6932.129,0.0,19323.72
48.0,17.0,0.0,0.0,1.0,0.0,42294.69,41177.418,0.0,45064.523
35.0,7.0,0.0,0.0,1.0,1.0,34091.242,28287.098,0.0,44341.02
37.0,11.0,0.0,0.0,1.0,1.0,13714.868,9259.549,0.0,0.0
49.0,5.0,1.0,0.0,0.0,1.0,6583.1367,5729.032,0.0,0.0
34.0,16.0,0.0,0.0,1.0,0.0,35266.8,34016.13,0.0,28135.672
28.0,12.0,0.0,0.0,1.0,0.0,20376.375,17903.227,0.0,16726.47
23.0,12.0,1.0,0.0,1.0,0.0,8816.7,12174.194,0.0,0.0
22.0,14.0,0.0,0.0,1.0,0.0,19279.186,17616.773,0.0,25051.494
42.0,11.0,0.0,0.0,1.0,1.0,35266.8,44758.066,0.0,33264.812
25.0,12.0,0.0,0.0,1.0,0.0,13291.666,14202.629,0.0,6734.489
53.0,8.0,0.0,0.0,1.0,1.0,20964.154,22033.5,0.0,18425.105
35.0,12.0,0.0,0.0,1.0,0.0,23511.201,21483.871,0.0,13670.255
37.0,12.0,0.0,0.0,1.0,0.0,22441.441,16385.031,0.0,19322.383
29.0,17.0,0.0,0.0,0.0,0.0,27037.883,29182.258,0.0,42026.914
38.0,9.0,0.0,0.0,1.0,1.0,17829.328,7877.4194,0.0,15642.488
37.0,17.0,0.0,0.0,1.0,0.0,29389.002,31330.645,0.0,34163.21
28.0,10.0,0.0,0.0,1.0,1.0,29389.002,23274.193,0.0,0.0
29.0,12.0,0.0,0.0,1.0,0.0,24490.836,25064.516,0.0,27905.176
51.0,8.0,1.0,0.0,1.0,1.0,35266.8,25064.516,0.0,25599.043
51.0,16.0,0.0,0.0,1.0,0.0,31348.27,35448.387,0.0,30102.36
22.0,9.0,1.0,0.0,0.0,1.0,2192.877,3836.986,0.0,12999.301
51.0,12.0,0.0,0.0,1.0,0.0,35266.8,44758.066,0.0,42523.633
46.0,12.0,0.0,0.0,1.0,0.0,19394.781,19201.21,0.0,25643.535
45.0,9.0,1.0,0.0,1.0,1.0,28863.92,26854.84,0.0,30324.098
26.0,12.0,1.0,0.0,1.0,0.0,17633.4,17416.258,0.0,17383.424
53.0,4.0,1.0,0.0,0.0,1.0,0.0,0.0,0.0,0.0
48.0,17.0,1.0,0.0,1.0,0.0,58778.004,51842.37,0.0,66515.21
27.0,11.0,1.0,0.0,1.0,1.0,10897.442,3938.7097,0.0,12840.877
25.0,10.0,1.0,0.0,0.0,1.0,0.0,0.0,0.0,0.0
30.0,9.0,0.0,0.0,1.0,1.0,23511.201,19441.113,0.0,23703.012
48.0,16.0,0.0,0.0,1.0,0.0,0.0,0.0,1.0,0.0
18.0,11.0,1.0,0.0,0.0,1.0,0.0,0.0,1.0,8947.761
30.0,14.0,1.0,0.0,1.0,0.0,27429.734,26892.436,0.0,24956.312
28.0,12.0,0.0,0.0,1.0,0.0,27429.734,26854.84,0.0,32371.5
38.0,12.0,0.0,0.0,1.0,0.0,33307.535,31330.645,0.0,28329.184
25.0,12.0,1.0,0.0,1.0,0.0,11755.601,14322.581,0.0,0.0
28.0,12.0,0.0,0.0,1.0,0.0,12813.605,7161.2905,0.0,18743.621
40.0,16.0,0.0,0.0,1.0,0.0,35266.8,35806.453,0.0,34050.96
36.0,6.0,1.0,0.0,0.0,1.0,7494.1953,7447.7417,0.0,11238.959
48.0,10.0,1.0,0.0,1.0,1.0,10785.764,5370.968,0.0,15283.592
31.0,12.0,1.0,0.0,1.0,0.0,5877.8003,11064.194,0.0,0.0
50.0,12.0,0.0,0.0,1.0,0.0,22306.254,27544.113,0.0,29387.984
20.0,11.0,0.0,0.0,1.0,1.0,12735.234,7161.2905,0.0,24990.527
29.0,14.0,0.0,0.0,1.0,0.0,35266.8,16112.903,0.0,0.0
44.0,11.0,1.0,0.0,0.0,1.0,5172.4644,6266.129,0.0,12676.874
50.0,8.0,1.0,0.0,1.0,1.0,23707.129,28913.71,0.0,28025.648
42.0,12.0,0.0,0.0,1.0,0.0,7837.0674,16112.903,0.0,25588.025
23.0,11.0,0.0,1.0,1.0,1.0,14263.462,8414.516,0.0,14271.382
46.0,12.0,0.0,0.0,1.0,0.0,25078.615,24169.355,0.0,36799.16
25.0,10.0,1.0,0.0,1.0,1.0,4702.24,4282.4517,0.0,0.0
33.0,12.0,0.0,0.0,1.0,0.0,17633.4,17903.227,0.0,8952.623
37.0,10.0,0.0,0.0,1.0,1.0,29369.408,27750.0,0.0,36230.15
25.0,16.0,1.0,0.0,1.0,0.0,12735.234,18261.29,0.0,15851.887
31.0,8.0,0.0,0.0,1.0,1.0,17241.549,15754.839,0.0,22992.713
36.0,10.0,0.0,0.0,1.0,1.0,20572.3,17366.129,0.0,29780.309
35.0,15.0,0.0,0.0,1.0,0.0,41144.6,39387.098,0.0,25970.754
26.0,14.0,0.0,0.0,1.0,0.0,0.0,0.0,1.0,0.0
41.0,16.0,1.0,0.0,1.0,0.0,33307.535,23274.193,0.0,20228.22
33.0,12.0,0.0,0.0,1.0,0.0,27429.734,25959.678,0.0,19020.6
54.0,10.0,0.0,0.0,1.0,1.0,10775.967,32225.807,0.0,28517.938
50.0,8.0,0.0,0.0,1.0,1.0,0.0,0.0,1.0,13471.114
34.0,16.0,0.0,0.0,1.0,0.0,43103.87,21304.84,0.0,27044.072
29.0,16.0,0.0,0.0,1.0,0.0,13323.014,5370.968,0.0,0.0
33.0,10.0,0.0,0.0,1.0,1.0,16653.768,16112.903,0.0,12026.901
42.0,9.0,0.0,0.0,1.0,1.0,23511.201,21841.936,0.0,0.0
43.0,9.0,1.0,0.0,1.0,1.0,0.0,0.0,1.0,0.0
24.0,17.0,0.0,0.0,1.0,0.0,9404.48,5370.968,0.0,0.0
55.0,16.0,0.0,0.0,1.0,0.0,48981.67,46548.387,0.0,52524.246
28.0,17.0,0.0,0.0,1.0,0.0,37226.07,37507.258,0.0,35837.27
19.0,8.0,1.0,0.0,0.0,1.0,0.0,2657.057,0.0,0.0
25.0,14.0,0.0,0.0,1.0,0.0,29389.002,35806.453,0.0,12068.083
53.0,8.0,0.0,0.0,1.0,1.0,0.0,14322.581,0.0,21047.35
46.0,12.0,0.0,0.0,1.0,0.0,25862.322,23274.193,0.0,29505.908
22.0,10.0,0.0,0.0,1.0,1.0,19592.668,15217.742,0.0,20883.828
37.0,11.0,0.0,0.0,1.0,1.0,31250.305,26854.84,0.0,13494.978
47.0,12.0,1.0,0.0,1.0,0.0,13714.868,12433.79,0.0,17954.482
50.0,17.0,0.0,0.0,1.0,0.0,42124.234,0.0,0.0,25096.312
50.0,12.0,1.0,0.0,1.0,0.0,0.0,0.0,1.0,8594.391
27.0,12.0,0.0,0.0,0.0,0.0,22139.715,25422.58,0.0,10497.007
25.0,16.0,0.0,0.0,1.0,0.0,12343.381,13606.452,0.0,27072.785
47.0,6.0,1.0,0.0,1.0,1.0,10775.967,8056.4517,0.0,0.0
53.0,8.0,1.0,0.0,1.0,1.0,0.0,0.0,0.0,5537.393
55.0,14.0,0.0,0.0,1.0,0.0,0.0,0.0,0.0,0.0
45.0,4.0,0.0,0.0,1.0,1.0,15004.065,13586.758,0.0,13930.744
27.0,12.0,0.0,0.0,1.0,0.0,0.0,8235.484,0.0,0.0
27.0,16.0,0.0,0.0,1.0,0.0,15674.134,14322.581,0.0,19853.314
24.0,12.0,1.0,0.0,1.0,0.0,5877.8003,8951.613,0.0,0.0
19.0,9.0,1.0,0.0,0.0,1.0,0.0,798.9079,0.0,14549.808
52.0,15.0,0.0,0.0,1.0,0.0,0.0,0.0,0.0,0.0
34.0,12.0,0.0,0.0,1.0,0.0,16653.768,19532.42,0.0,15059.711
33.0,10.0,1.0,0.0,0.0,1.0,13754.053,13964.516,0.0,20979.77
26.0,12.0,0.0,0.0,1.0,0.0,27429.734,26496.773,0.0,27767.604
36.0,13.0,0.0,0.0,0.0,0.0,37226.07,36150.195,0.0,32255.623
34.0,12.0,0.0,0.0,1.0,0.0,35266.8,35806.453,0.0,46952.695
33.0,16.0,0.0,1.0,1.0,0.0,35266.8,85935.484,0.0,77904.02
46.0,9.0,1.0,0.0,1.0,1.0,28605.295,32225.807,0.0,40961.895
50.0,12.0,0.0,0.0,1.0,0.0,22306.254,27544.113,0.0,28169.025
32.0,13.0,1.0,0.0,1.0,0.0,33307.535,37596.773,0.0,35284.61
36.0,10.0,1.0,0.0,1.0,1.0,18417.107,16112.903,0.0,10692.493
50.0,16.0,0.0,0.0,0.0,0.0,39185.336,35806.453,0.0,48796.082
45.0,12.0,0.0,0.0,1.0,0.0,17104.398,16381.452,0.0,0.0
48.0,17.0,0.0,0.0,1.0,0.0,31348.27,29540.322,0.0,25857.031
40.0,10.0,1.0,0.0,1.0,1.0,13244.644,19693.549,0.0,33140.45
23.0,14.0,0.0,0.0,0.0,0.0,13323.014,12174.194,0.0,7877.6475
22.0,9.0,0.0,1.0,0.0,1.0,0.0,0.0,0.0,0.0
24.0,11.0,1.0,0.0,1.0,1.0,9796.334,10741.935,0.0,19049.146
34.0,12.0,0.0,0.0,1.0,0.0,14498.574,14322.581,0.0,25042.408
41.0,16.0,1.0,0.0,1.0,0.0,33307.535,23274.193,0.0,38974.113
45.0,12.0,1.0,0.0,1.0,0.0,24490.836,21483.871,0.0,29023.115
35.0,9.0,1.0,0.0,1.0,1.0,24686.762,16829.031,0.0,26364.418
42.0,10.0,0.0,0.0,1.0,1.0,21551.936,18798.387,0.0,28138.45
26.0,14.0,0.0,0.0,0.0,0.0,29389.002,30435.484,0.0,38946.02
47.0,16.0,0.0,0.0,1.0,0.0,48981.67,62741.855,0.0,70336.266
23.0,12.0,0.0,0.0,1.0,0.0,21865.418,21483.871,0.0,34751.09
39.0,8.0,1.0,0.0,1.0,1.0,27429.734,26854.84,0.0,30696.871
53.0,12.0,0.0,0.0,1.0,0.0,32868.66,31509.678,0.0,28616.018
20.0,10.0,0.0,0.0,0.0,1.0,1381.2831,3523.3547,0.0,0.0
30.0,12.0,0.0,0.0,1.0,0.0,13714.868,12532.258,0.0,6487.2334
21.0,14.0,0.0,0.0,1.0,0.0,13832.424,8777.951,0.0,0.0
55.0,12.0,0.0,0.0,1.0,0.0,23511.201,26854.84,0.0,21922.188
29.0,16.0,0.0,0.0,1.0,0.0,0.0,26854.84,0.0,25148.291
22.0,12.0,1.0,0.0,1.0,0.0,13665.886,17903.227,0.0,14946.915
28.0,16.0,0.0,0.0,1.0,0.0,27429.734,25064.516,0.0,32192.219
25.0,14.0,0.0,0.0,1.0,0.0,28409.37,30435.484,0.0,43756.67
23.0,13.0,0.0,0.0,1.0,0.0,14694.501,14322.581,0.0,27498.596
29.0,17.0,0.0,0.0,1.0,0.0,24098.982,24527.42,0.0,28175.076
42.0,16.0,0.0,0.0,1.0,0.0,39185.336,37596.773,0.0,35335.984
21.0,12.0,0.0,1.0,1.0,0.0,19592.668,12532.258,0.0,18777.73
22.0,12.0,0.0,0.0,1.0,0.0,24490.836,26854.84,0.0,15710.182
29.0,15.0,0.0,0.0,1.0,0.0,26646.03,19693.549,0.0,18756.354
24.0,12.0,1.0,0.0,1.0,0.0,26841.955,31688.71,0.0,39717.13
44.0,7.0,1.0,0.0,1.0,1.0,11967.202,14566.065,0.0,0.0
47.0,17.0,0.0,0.0,1.0,0.0,29389.002,20230.645,0.0,33855.723
39.0,5.0,1.0,0.0,1.0,1.0,4051.7637,13427.419,0.0,22209.695
37.0,12.0,1.0,0.0,1.0,0.0,29389.002,32225.807,0.0,32305.814
28.0,16.0,0.0,0.0,1.0,0.0,33307.535,39387.098,0.0,28190.479
45.0,12.0,1.0,0.0,1.0,0.0,25470.469,26695.5,0.0,35692.867
44.0,10.0,0.0,0.0,1.0,1.0,29389.002,26854.84,0.0,34792.664
48.0,8.0,0.0,0.0,1.0,1.0,31510.889,35795.71,0.0,43068.707
36.0,12.0,0.0,0.0,1.0,0.0,33307.535,30435.484,0.0,40981.543
27.0,12.0,0.0,0.0,1.0,0.0,20572.3,17545.16,0.0,0.0
36.0,12.0,0.0,0.0,1.0,0.0,15873.98,12727.403,0.0,0.0
53.0,16.0,0.0,0.0,1.0,0.0,31348.27,32225.807,0.0,81365.07
51.0,12.0,0.0,0.0,1.0,0.0,44083.504,41177.418,0.0,40683.246
34.0,14.0,0.0,0.0,1.0,0.0,36834.215,0.0,1.0,6354.385
46.0,12.0,0.0,0.0,1.0,0.0,22727.494,21841.936,0.0,25973.996
24.0,12.0,0.0,0.0,1.0,0.0,20572.3,20767.742,0.0,35165.52
28.0,14.0,0.0,0.0,1.0,0.0,10775.967,13427.419,0.0,29155.174
34.0,13.0,0.0,0.0,1.0,0.0,34483.098,31509.678,0.0,34491.61
44.0,6.0,0.0,1.0,1.0,1.0,26450.102,3580.6453,0.0,22385.777
24.0,10.0,0.0,0.0,1.0,1.0,23511.201,25062.727,0.0,31495.98
31.0,17.0,0.0,0.0,1.0,0.0,39185.336,33120.97,0.0,30426.867
53.0,6.0,0.0,0.0,1.0,1.0,0.0,0.0,1.0,6170.4253
25.0,12.0,0.0,0.0,0.0,0.0,0.0,0.0,1.0,8849.403
46.0,12.0,0.0,0.0,0.0,0.0,19592.668,25064.516,0.0,33483.855
34.0,12.0,0.0,0.0,1.0,0.0,11755.601,0.0,1.0,8629.225
24.0,12.0,0.0,0.0,1.0,0.0,17437.475,22379.031,0.0,17803.38
45.0,12.0,0.0,0.0,1.0,0.0,28589.621,28263.822,0.0,37246.047
47.0,14.0,0.0,0.0,1.0,0.0,58778.004,26854.84,0.0,26939.486
24.0,12.0,0.0,0.0,1.0,0.0,20180.447,19693.549,0.0,26798.809
44.0,12.0,0.0,0.0,1.0,0.0,0.0,0.0,0.0,0.0
21.0,12.0,0.0,0.0,1.0,0.0,5094.0938,6803.2256,0.0,9068.504
23.0,12.0,1.0,0.0,1.0,0.0,17633.4,15217.742,0.0,19552.93
21.0,12.0,1.0,0.0,1.0,0.0,5868.004,3043.5483,0.0,16453.748
44.0,8.0,0.0,0.0,1.0,1.0,25470.469,26854.84,0.0,33895.73
36.0,12.0,1.0,0.0,1.0,0.0,19749.408,25064.516,0.0,34166.387
28.0,12.0,0.0,0.0,1.0,0.0,28605.295,20588.71,0.0,3623.6533
23.0,13.0,0.0,0.0,1.0,0.0,19396.74,17903.227,0.0,28843.156
28.0,15.0,1.0,0.0,1.0,0.0,30768.326,33486.195,0.0,29735.818
51.0,12.0,0.0,0.0,0.0,0.0,67594.7,62661.29,0.0,53240.8
49.0,11.0,0.0,0.0,1.0,1.0,9404.48,11637.097,0.0,23521.873
31.0,12.0,0.0,0.0,1.0,0.0,16065.988,15038.71,0.0,0.0
25.0,16.0,0.0,0.0,0.0,0.0,39185.336,0.0,0.0,24677.574
52.0,8.0,0.0,0.0,1.0,1.0,19592.668,17903.227,0.0,12935.202
21.0,13.0,0.0,0.0,1.0,0.0,9796.334,8593.549,1.0,5490.4434
26.0,12.0,1.0,0.0,1.0,0.0,15674.134,17983.79,0.0,18200.443
42.0,17.0,0.0,0.0,0.0,0.0,50940.938,50129.03,0.0,53824.414
55.0,13.0,0.0,1.0,1.0,0.0,0.0,0.0,0.0,0.0
39.0,9.0,1.0,0.0,1.0,1.0,10580.041,9667.742,0.0,0.0
33.0,8.0,1.0,0.0,1.0,1.0,6661.5073,8579.226,0.0,19728.578
48.0,6.0,1.0,0.0,0.0,1.0,13714.868,11637.097,0.0,11218.909
36.0,14.0,0.0,0.0,1.0,0.0,42124.234,42072.582,0.0,79548.95
30.0,17.0,0.0,0.0,1.0,0.0,4310.387,4296.7744,0.0,14517.541
20.0,9.0,0.0,0.0,1.0,1.0,15282.281,15933.871,0.0,25945.973
30.0,12.0,0.0,0.0,1.0,0.0,6857.4336,3222.5806,0.0,0.0
29.0,14.0,0.0,0.0,1.0,0.0,35266.8,37596.773,0.0,45736.76
25.0,17.0,0.0,0.0,0.0,0.0,4996.1304,17414.469,0.0,20360.434
33.0,17.0,0.0,0.0,1.0,0.0,29389.002,30435.484,0.0,39399.816
41.0,12.0,0.0,1.0,1.0,0.0,22531.568,20946.773,0.0,22656.521
41.0,13.0,0.0,0.0,0.0,0.0,29389.002,0.0,0.0,5746.0874
38.0,3.0,1.0,0.0,1.0,1.0,3722.607,5729.032,1.0,14949.912
50.0,12.0,0.0,0.0,1.0,0.0,22306.254,27544.113,0.0,4001.7979
51.0,12.0,0.0,0.0,1.0,0.0,25862.322,20588.71,0.0,17073.043
51.0,11.0,0.0,0.0,1.0,1.0,25470.469,25064.516,0.0,33649.85
29.0,4.0,1.0,0.0,0.0,1.0,0.0,0.0,0.0,13283.733
30.0,6.0,1.0,0.0,1.0,1.0,5681.8735,0.0,0.0,8604.263
34.0,12.0,0.0,0.0,1.0,0.0,22727.494,18619.355,0.0,31928.072
23.0,12.0,0.0,0.0,0.0,0.0,9404.48,11834.032,0.0,17520.803
42.0,16.0,0.0,0.0,0.0,0.0,4398.554,17903.227,0.0,24915.43
54.0,4.0,1.0,0.0,0.0,1.0,11933.894,10965.726,0.0,19479.932
32.0,12.0,0.0,0.0,1.0,0.0,15674.134,14322.581,0.0,12871.94
31.0,11.0,1.0,0.0,1.0,1.0,13127.088,14859.677,0.0,12455.435
32.0,13.0,0.0,0.0,1.0,0.0,15674.134,30435.484,0.0,27554.113
33.0,16.0,0.0,0.0,1.0,0.0,20964.154,21483.871,0.0,43412.9
55.0,16.0,0.0,0.0,1.0,0.0,17633.4,17903.227,0.0,0.0
24.0,17.0,0.0,0.0,1.0,0.0,1371.4868,0.0,0.0,0.0
25.0,11.0,1.0,0.0,0.0,1.0,15674.134,6982.2583,0.0,0.0
37.0,17.0,0.0,0.0,0.0,0.0,19592.668,23005.645,0.0,22954.156
32.0,12.0,0.0,0.0,1.0,0.0,23903.055,24812.08,0.0,22148.928
23.0,12.0,1.0,0.0,1.0,0.0,7993.8086,13427.419,0.0,10938.014
44.0,12.0,0.0,0.0,1.0,0.0,16457.842,16112.903,0.0,25504.645
49.0,10.0,0.0,0.0,1.0,1.0,14694.501,14322.581,0.0,13200.175
33.0,16.0,0.0,0.0,1.0,0.0,19592.668,19335.484,0.0,23316.453
45.0,9.0,0.0,0.0,1.0,1.0,0.0,313.30646,0.0,9678.431
52.0,12.0,0.0,0.0,1.0,0.0,0.0,0.0,0.0,0.0
31.0,4.0,1.0,0.0,0.0,1.0,8517.589,4023.211,0.0,4535.768
31.0,17.0,0.0,0.0,1.0,0.0,31348.27,26854.84,0.0,44635.656
44.0,6.0,1.0,0.0,1.0,1.0,19592.668,14322.581,0.0,11582.547
51.0,12.0,0.0,0.0,1.0,0.0,14533.841,19245.969,0.0,32289.77
37.0,12.0,1.0,0.0,1.0,0.0,29389.002,22379.031,0.0,32339.336
22.0,12.0,0.0,0.0,1.0,0.0,21551.936,26765.322,0.0,15449.162
48.0,9.0,0.0,0.0,1.0,1.0,29389.002,32225.807,0.0,24985.912
30.0,12.0,1.0,0.0,1.0,0.0,19592.668,26854.84,0.0,19803.092
53.0,17.0,0.0,0.0,1.0,0.0,31348.27,28645.16,0.0,29220.438
38.0,11.0,0.0,0.0,1.0,1.0,0.0,0.0,0.0,0.0
33.0,9.0,0.0,0.0,1.0,1.0,12735.234,6266.129,0.0,12621.344
25.0,12.0,1.0,0.0,0.0,0.0,0.0,0.0,0.0,0.0
26.0,12.0,0.0,0.0,1.0,0.0,15674.134,16470.969,0.0,0.0
32.0,9.0,0.0,0.0,1.0,1.0,25470.469,1432.258,0.0,13094.217
25.0,16.0,0.0,0.0,1.0,0.0,28409.37,29540.322,0.0,43249.8
40.0,16.0,0.0,0.0,1.0,0.0,26450.102,26854.84,0.0,33460.523
23.0,9.0,0.0,0.0,1.0,1.0,9012.627,0.0,0.0,6183.6465
28.0,17.0,0.0,0.0,1.0,0.0,25607.617,18091.21,0.0,39752.902
33.0,10.0,0.0,0.0,1.0,1.0,29389.002,28645.16,0.0,30259.879
25.0,11.0,1.0,0.0,0.0,1.0,4055.6824,11637.097,0.0,22882.93
27.0,17.0,0.0,0.0,1.0,0.0,0.0,0.0,0.0,0.0
22.0,11.0,1.0,0.0,0.0,1.0,5485.947,13427.419,0.0,15635.805
21.0,9.0,0.0,0.0,1.0,1.0,15674.134,19693.549,0.0,24670.23
22.0,12.0,0.0,0.0,1.0,0.0,12051.45,16025.177,0.0,20504.59
27.0,8.0,1.0,0.0,1.0,1.0,18417.107,22916.129,0.0,24488.74
35.0,13.0,0.0,0.0,1.0,0.0,24490.836,23990.322,0.0,20177.951
23.0,11.0,1.0,0.0,1.0,1.0,11755.601,5818.5483,0.0,0.0
25.0,8.0,0.0,0.0,1.0,1.0,5877.8003,0.0,0.0,2450.8037
22.0,12.0,1.0,0.0,1.0,0.0,13518.941,13427.419,0.0,32093.822
34.0,17.0,0.0,0.0,1.0,0.0,29389.002,32225.807,0.0,23694.82
21.0,12.0,0.0,0.0,1.0,0.0,23511.201,50129.03,0.0,37672.043
28.0,15.0,0.0,0.0,1.0,0.0,68574.336,62661.29,0.0,59860.035
38.0,16.0,0.0,0.0,1.0,0.0,11559.674,7877.4194,0.0,15751.906
54.0,12.0,0.0,0.0,1.0,0.0,0.0,0.0,0.0,7895.158
46.0,12.0,0.0,0.0,1.0,0.0,43103.87,35806.453,0.0,37838.52
38.0,12.0,0.0,0.0,1.0,0.0,19592.668,13964.516,0.0,27082.365
22.0,11.0,1.0,0.0,1.0,1.0,4449.495,6187.355,1.0,10897.494
48.0,8.0,0.0,1.0,1.0,1.0,25470.469,16112.903,0.0,30110.55
23.0,13.0,1.0,0.0,1.0,0.0,21160.08,17903.227,0.0,22320.822
21.0,13.0,0.0,0.0,1.0,0.0,8816.7,17903.227,0.0,18626.598
25.0,12.0,1.0,0.0,1.0,0.0,15674.134,3738.1936,0.0,20335.162
52.0,4.0,0.0,0.0,1.0,1.0,14106.721,15074.516,0.0,25088.357
41.0,14.0,0.0,0.0,0.0,0.0,0.0,0.0,0.0,0.0
21.0,16.0,0.0,0.0,0.0,0.0,8228.921,22379.031,0.0,21525.416
27.0,17.0,0.0,0.0,1.0,0.0,22727.494,22379.031,0.0,10080.649
31.0,10.0,0.0,0.0,1.0,1.0,14890.428,12532.258,0.0,34213.613
28.0,12.0,0.0,0.0,1.0,0.0,19298.777,0.0,0.0,12721.878
25.0,12.0,0.0,1.0,1.0,0.0,23511.201,21483.871,0.0,28700.232
40.0,10.0,0.0,0.0,1.0,1.0,18417.107,17903.227,0.0,20216.47
26.0,12.0,0.0,0.0,1.0,0.0,29389.002,28645.16,0.0,37652.703
25.0,7.0,1.0,0.0,0.0,1.0,17045.621,16137.968,0.0,26371.277
25.0,16.0,0.0,0.0,1.0,0.0,15674.134,15217.742,0.0,21610.574
35.0,12.0,0.0,0.0,1.0,0.0,35266.8,26854.84,0.0,34236.67
17.0,9.0,1.0,0.0,0.0,1.0,1716.509,1253.439,0.0,885.03345
49.0,7.0,1.0,0.0,0.0,1.0,8816.7,11270.081,0.0,0.0
27.0,14.0,0.0,0.0,1.0,0.0,28409.37,32225.807,0.0,33159.266
29.0,17.0,0.0,0.0,1.0,0.0,979.6334,8951.613,0.0,28905.506
38.0,12.0,0.0,0.0,1.0,0.0,23511.201,23274.193,0.0,10210.197
25.0,12.0,1.0,0.0,0.0,0.0,8816.7,6266.129,0.0,6027.2573
27.0,6.0,0.0,0.0,1.0,1.0,9992.261,11637.097,0.0,18430.953
48.0,16.0,0.0,0.0,1.0,0.0,33307.535,26058.145,0.0,28531.5
35.0,12.0,1.0,0.0,1.0,0.0,21551.936,14322.581,0.0,20536.023
25.0,17.0,0.0,0.0,1.0,0.0,21551.936,31151.613,0.0,24691.49
35.0,13.0,1.0,0.0,1.0,0.0,24490.836,23274.193,0.0,28689.21
20.0,15.0,0.0,0.0,1.0,0.0,17437.475,8056.4517,0.0,16700.986
