age,education,black,hispanic,married,nodegree,re74,re75,u74,u75,t,y
27,12,1,0,1,0,10775.966796875,8951.61328125,0,0,0,7536.4052734375
21,12,0,0,1,0,16306.9775390625,18529.83984375,0,0,0,11969.5849609375
21,11,1,0,0,1,0.0,9846.7744140625,1,0,0,5615.36083984375
28,17,0,0,1,0,29389.001953125,21483.87109375,0,0,0,19210.4453125
38,11,1,0,0,1,0.0,0.0,1,1,1,0.0
35,14,0,0,1,0,23511.201171875,26496.7734375,0,0,0,29554.53125
25,9,1,0,0,1,11755.6005859375,7161.29052734375,0,0,0,6649.76953125
29,8,0,0,1,1,10775.966796875,8951.61328125,0,0,0,9605.22265625
38,10,1,0,1,1,5877.80029296875,0.0,0,1,0,0.0
37,17,0,0,1,0,82289.203125,85040.3203125,0,0,0,110829.4921875
19,12,0,0,1,0,9208.5537109375,5550.0,0,0,0,11526.2666015625
36,12,0,0,1,0,33307.53515625,33120.96875,0,0,0,33987.7109375
21,11,0,0,1,1,16653.767578125,13427.4189453125,0,0,0,10344.0859375
49,6,0,0,1,1,25274.54296875,21841.935546875,0,0,0,29111.21484375
26,12,1,0,1,0,15411.5927734375,8951.61328125,0,0,0,11082.94921875
19,6,1,0,0,1,3526.68017578125,0.0,0,1,0,0.0
23,11,1,0,1,1,15674.1337890625,8414.515625,0,0,0,8866.359375
42,9,0,0,1,1,33221.328125,32225.806640625,0,0,0,33987.7109375
52,7,1,0,0,1,293.890014648438,5012.9033203125,0,0,0,0.0
40,17,0,1,1,0,39185.3359375,41177.41796875,0,0,0,33987.7109375
18,12,0,0,1,0,3134.82690429688,11100.0,0,0,0,20688.171875
37,12,0,0,1,0,15674.1337890625,8951.61328125,0,0,0,28076.8046875
55,11,0,0,1,1,36638.2890625,37417.7421875,0,0,0,32177.49609375
27,16,0,0,1,0,33307.53515625,30435.484375,0,0,0,0.0
22,14,0,0,1,0,19727.857421875,20141.12890625,0,0,0,22284.1171875
34,12,1,0,1,0,19788.595703125,23274.193359375,0,0,0,31032.2578125
24,12,0,0,1,0,17633.400390625,18440.322265625,0,0,0,19949.30859375
25,13,0,0,1,0,25470.46875,18798.38671875,0,0,0,23643.625
31,8,0,0,1,1,11167.8212890625,19335.484375,0,0,0,20688.171875
49,16,0,0,1,0,94044.8046875,98467.7421875,0,0,0,73886.328125
28,17,0,0,1,0,13714.8681640625,13427.4189453125,0,0,0,6827.0966796875
24,12,1,0,0,0,3330.75366210938,4654.8388671875,0,0,0,11821.8134765625
21,10,0,0,1,1,15674.1337890625,16112.9033203125,0,0,0,20141.412109375
48,16,0,0,1,0,23511.201171875,23274.193359375,0,0,0,39898.6171875
21,9,1,0,0,1,0.0,0.0,1,1,1,0.0
27,10,0,1,0,1,0.0,0.0,1,1,1,11142.8701171875
25,12,0,0,1,0,8816.7001953125,16112.9033203125,0,0,0,26599.078125
49,12,0,0,1,0,10231.291015625,11082.0966796875,0,0,0,6537.46240234375
24,12,0,0,1,0,14890.427734375,719.709655761719,0,0,0,27963.01953125
17,10,1,0,0,1,0.0,0.0,1,1,1,0.0
20,12,0,0,1,0,13244.6435546875,8772.5810546875,0,0,0,17289.400390625
31,12,0,0,1,0,0.0,17903.2265625,1,0,0,0.0
27,12,0,1,1,0,14694.5009765625,16829.03125,0,0,0,37829.80078125
48,8,1,0,1,1,16261.9140625,11637.0966796875,0,0,0,5172.04296875
31,17,0,0,1,0,23903.0546875,25601.61328125,0,0,0,27042.396484375
46,7,0,0,1,1,15674.1337890625,14680.64453125,0,0,0,9605.22265625
28,12,1,0,1,0,12735.234375,19693.548828125,0,0,0,17732.71875
32,11,1,0,0,1,0.0,0.0,1,1,1,8472.158203125
27,17,0,0,1,0,24098.982421875,22200.0,0,0,0,25860.21484375
23,12,0,0,1,0,16065.98828125,4833.87109375,0,0,0,25564.669921875
24,14,0,0,0,0,20572.30078125,11637.0966796875,0,0,0,12412.9033203125
20,12,1,0,0,0,1367.56823730469,12532.2578125,0,0,0,2955.453125
52,12,0,0,0,0,31348.26953125,32225.806640625,0,0,0,32509.984375
17,9,1,0,0,1,0.0,0.0,1,1,1,0.0
40,10,0,0,1,1,14302.6484375,24169.35546875,0,0,0,21427.03515625
27,13,1,0,0,0,0.0,0.0,1,1,1,34099.28125
22,12,1,0,1,0,2006.28918457031,2470.64526367188,0,0,0,0.0
39,12,0,0,1,0,21138.529296875,20366.7109375,0,0,0,15049.1669921875
45,12,0,0,1,0,0.0,0.0,1,1,0,22165.8984375
32,16,0,0,1,0,0.0,0.0,1,1,0,0.0
26,13,0,1,1,0,21953.5859375,5671.74169921875,0,0,0,25860.21484375
19,8,0,0,1,1,14694.5009765625,12532.2578125,0,0,0,18539.55859375
25,10,1,0,0,1,2838.9775390625,5370.9677734375,0,0,0,11437.603515625
22,13,0,0,1,0,15870.060546875,15826.4521484375,0,0,0,35465.4375
26,12,0,0,1,0,21551.935546875,15217.7421875,0,0,0,26599.078125
53,12,0,0,1,0,47649.3671875,47894.7109375,0,0,0,50242.703125
39,12,0,0,1,0,39185.3359375,24169.35546875,0,0,0,23643.625
31,16,0,0,1,0,21551.935546875,18798.38671875,0,0,0,23348.080078125
28,11,0,0,1,1,0.0,62661.2890625,1,0,0,118218.1328125
47,8,1,0,1,1,16301.099609375,17129.806640625,0,0,0,17732.71875
30,12,0,0,1,0,1959.26684570312,1790.32263183594,0,0,0,1477.7265625
31,12,1,0,1,0,10188.1865234375,8951.61328125,0,0,0,9605.22265625
30,17,0,0,1,0,0.0,0.0,1,1,0,0.0
26,16,1,0,1,0,13323.013671875,19693.548828125,0,0,0,19934.53125
28,12,0,0,1,0,29389.001953125,41177.41796875,0,0,0,47287.25
29,9,0,0,1,1,14890.427734375,19693.548828125,0,0,0,25860.21484375
31,12,0,0,1,0,27429.734375,22379.03125,0,0,0,0.0
23,12,0,0,1,0,10775.966796875,5370.9677734375,0,0,0,11821.8134765625
40,7,1,0,1,1,8816.7001953125,8951.61328125,0,0,0,11821.8134765625
53,9,1,0,1,1,14945.287109375,13697.7578125,0,0,0,14186.1748046875
33,12,0,0,1,0,12147.4541015625,16112.9033203125,0,0,0,24382.48828125
55,12,0,0,1,0,29100.990234375,26409.048828125,0,0,0,29369.81640625
22,11,0,0,1,1,6802.57421875,1790.32263183594,0,0,0,7388.6328125
51,12,0,0,1,0,43103.87109375,41356.453125,0,0,0,7388.6328125
29,14,0,0,1,0,27429.734375,22099.7421875,0,0,0,29644.673828125
27,12,0,0,0,0,20964.154296875,18440.322265625,0,0,0,23348.080078125
49,10,1,0,1,1,10775.966796875,0.0,0,1,0,5319.81591796875
17,8,1,0,0,1,0.0,0.0,1,1,1,0.0
23,12,0,0,1,0,13714.8681640625,15754.8388671875,0,0,0,24205.16015625
25,11,1,0,0,1,0.0,0.0,1,1,1,0.0
24,12,0,0,1,0,13714.8681640625,13427.4189453125,0,0,0,17732.71875
33,11,0,0,1,1,0.0,0.0,1,1,0,0.0
39,14,0,0,1,0,58778.00390625,57290.32421875,0,0,0,74625.1953125
29,8,0,0,1,1,17633.400390625,16112.9033203125,0,0,0,11821.8134765625
50,12,0,0,1,0,0.0,0.0,1,1,0,0.0
47,17,0,0,1,0,36246.4375,34016.12890625,0,0,0,35465.4375
53,9,0,0,1,1,0.0,0.0,1,1,0,0.0
28,12,1,0,0,0,2938.90014648438,2864.51611328125,0,0,0,0.0
40,5,1,0,1,1,5877.80029296875,5370.9677734375,0,0,0,22165.8984375
24,12,0,0,1,0,29780.85546875,30883.064453125,0,0,0,32509.984375
48,9,0,0,1,1,0.0,0.0,1,1,0,0.0
30,16,0,0,1,0,26450.1015625,28197.580078125,0,0,0,29554.53125
44,11,1,0,0,1,0.0,0.0,1,1,1,0.0
24,12,0,0,1,0,16849.6953125,18619.35546875,0,0,0,25121.3515625
43,12,1,0,1,0,23511.201171875,19421.419921875,0,0,0,13559.619140625
54,2,1,0,1,1,15674.1337890625,16990.16015625,0,0,0,18096.240234375
29,17,0,0,1,0,15674.1337890625,14143.5478515625,0,0,0,25860.21484375
20,9,1,0,0,1,6083.994140625,0.0,0,1,1,8881.6650390625
34,6,0,1,1,1,15478.2080078125,16112.9033203125,0,0,0,16254.9921875
45,14,0,0,1,0,39185.3359375,42538.06640625,0,0,0,36943.1640625
17,8,1,0,0,1,0.0,0.0,1,1,1,8061.48486328125
29,13,1,0,1,0,39185.3359375,37596.7734375,0,0,0,38420.890625
27,9,1,0,1,1,0.0,934.445373535156,1,0,1,1773.42297363281
21,12,0,0,0,0,0.0,0.0,1,1,0,0.0
53,12,0,0,1,0,28213.44140625,26854.83984375,0,0,0,0.0
18,11,1,0,0,1,0.0,0.0,1,1,1,0.0
48,12,0,0,1,0,42124.234375,42967.7421875,0,0,0,36943.1640625
26,17,0,0,1,0,10775.966796875,29182.2578125,0,0,0,35465.4375
45,5,1,0,1,1,0.0,0.0,1,1,1,8546.71484375
30,9,1,0,0,1,1959.26684570312,162.919357299805,0,0,0,16809.140625
41,17,0,0,1,0,54859.46875,52993.546875,0,0,0,50242.703125
30,11,1,0,1,1,9228.146484375,8808.38671875,0,0,0,17881.96875
53,6,1,0,1,1,15674.1337890625,16112.9033203125,0,0,0,9974.654296875
22,11,0,0,1,1,7837.0673828125,13964.515625,0,0,0,15072.810546875
44,12,1,0,1,0,27429.734375,21483.87109375,0,0,0,22609.216796875
35,8,1,0,1,1,13732.0703125,17976.150390625,0,0,1,3786.6279296875
18,10,1,0,0,1,2143.41088867188,1784.27404785156,0,0,1,11141.3896484375
21,12,0,0,0,0,17829.328125,12945.8232421875,0,0,0,26599.078125
21,13,0,0,1,0,15960.1865234375,21483.87109375,0,0,0,14777.265625
26,11,1,0,1,1,0.0,1392.85302734375,1,0,1,1460.35998535156
25,12,1,0,0,0,0.0,0.0,1,1,1,0.0
26,16,0,0,1,0,31348.26953125,28645.16015625,0,0,0,35465.4375
20,11,0,0,1,1,14694.5009765625,17008.064453125,0,0,0,0.0
33,14,0,0,1,0,15674.1337890625,13427.4189453125,0,0,0,13890.6298828125
18,12,0,0,0,0,10775.966796875,14322.5810546875,0,0,0,21427.03515625
27,14,1,0,0,0,19592.66796875,25064.515625,0,0,0,28815.66796875
52,0,0,0,1,1,3134.82690429688,0.0,0,1,0,295.545318603516
23,12,1,0,1,0,19592.66796875,17366.12890625,0,0,0,14777.265625
23,11,0,0,1,1,17045.62109375,11986.2099609375,0,0,0,5910.90625
19,10,0,0,0,1,0.0,5324.10888671875,1,0,1,13829.6201171875
46,12,0,0,1,0,0.0,0.0,1,1,0,0.0
26,16,0,0,1,0,25078.615234375,30793.548828125,0,0,0,36943.1640625
23,12,0,0,1,0,7837.0673828125,8951.61328125,0,0,0,12058.2490234375
43,10,1,0,1,1,3918.53369140625,2148.38720703125,0,0,0,0.0
27,16,0,0,1,0,17241.548828125,24885.484375,0,0,0,22165.8984375
26,17,0,0,1,0,25470.46875,26854.83984375,0,0,0,44331.796875
20,10,1,0,1,1,6857.43359375,6831.87109375,0,0,0,9457.4501953125
32,12,0,0,1,0,54859.46875,39387.09765625,0,0,0,40878.3515625
42,12,1,0,0,0,0.0,0.0,1,1,1,2456.15307617188
35,12,0,0,1,0,25078.615234375,26854.83984375,0,0,0,29554.53125
25,14,0,0,1,0,16065.98828125,15217.7421875,0,0,0,18471.58203125
22,13,1,0,1,0,15403.755859375,14320.7900390625,0,0,0,18660.73046875
40,11,0,0,1,1,28409.369140625,12532.2578125,0,0,0,13299.5390625
44,17,0,0,1,0,37226.0703125,32075.419921875,0,0,0,37386.48046875
50,11,1,0,0,1,10188.1865234375,17903.2265625,0,0,0,14777.265625
25,11,1,0,0,1,0.0,0.0,1,1,1,485.229797363281
53,14,1,0,1,0,7641.140625,8421.677734375,0,0,0,8127.49609375
28,15,1,0,0,0,0.0,0.0,1,1,1,9598.541015625
28,12,0,0,1,0,11755.6005859375,12532.2578125,0,0,0,0.0
45,9,1,0,1,1,0.0,0.0,1,1,0,0.0
26,10,0,0,0,1,12000.5087890625,14322.5810546875,0,0,0,17732.71875
29,10,1,0,1,1,8464.0322265625,8325.0,0,0,0,23643.625
28,12,0,0,1,0,23511.201171875,22379.03125,0,0,0,29554.53125
32,12,1,0,1,0,18613.03515625,16112.9033203125,0,0,0,17732.71875
26,12,0,0,1,0,25078.615234375,23274.193359375,0,0,0,26599.078125
46,10,0,0,1,1,20944.5625,21338.85546875,0,0,0,21131.490234375
36,8,0,1,1,1,19592.66796875,11995.1611328125,0,0,0,16993.85546875
43,11,1,0,1,1,17633.400390625,14322.5810546875,0,0,0,17732.71875
48,16,0,0,1,0,48981.671875,50129.03125,0,0,0,48764.9765625
25,14,0,1,1,0,15674.1337890625,14322.5810546875,0,0,0,20702.94921875
49,8,0,0,0,1,21551.935546875,36316.6953125,0,0,0,44331.796875
31,16,0,0,1,0,19592.66796875,17903.2265625,0,0,0,17732.71875
21,14,0,0,1,0,4898.1669921875,7161.29052734375,0,0,0,17141.62890625
27,16,0,0,1,0,0.0,0.0,1,1,0,0.0
50,11,0,0,1,1,36205.2890625,38563.546875,0,0,0,31032.2578125
46,8,0,0,1,1,0.0,8951.61328125,1,0,0,0.0
48,17,0,0,1,0,0.0,0.0,1,1,0,0.0
26,12,1,0,1,0,15674.1337890625,15217.7421875,0,0,0,15516.12890625
27,16,0,0,0,0,7837.0673828125,0.0,0,1,0,0.0
24,12,0,0,1,0,13714.8681640625,16112.9033203125,0,0,0,16254.9921875
29,16,0,0,1,0,0.0,0.0,1,1,0,8396.4423828125
49,17,0,0,1,0,30956.4140625,31867.7421875,0,0,0,35465.4375
34,11,0,0,1,1,15184.318359375,0.0,0,1,0,19210.4453125
52,5,0,0,1,1,13714.8681640625,14322.5810546875,0,0,0,14777.265625
20,7,1,0,1,1,19592.66796875,11637.0966796875,0,0,0,14777.265625
23,12,1,0,1,0,7837.0673828125,12532.2578125,0,0,0,21870.353515625
25,12,0,0,1,0,28017.515625,31062.09765625,0,0,0,28076.8046875
24,16,0,0,1,0,14694.5009765625,16470.96875,0,0,0,27337.94140625
48,6,0,1,1,1,38670.05078125,42967.7421875,0,0,0,36943.1640625
41,8,1,0,1,1,36691.1875,32888.2265625,0,0,0,42262.98046875
19,10,1,0,0,1,4702.240234375,3437.41943359375,0,0,0,2364.36254882812
47,16,0,0,1,0,68574.3359375,71612.90625,0,0,0,73886.328125
20,12,0,0,1,0,22531.568359375,23274.193359375,0,0,0,24382.48828125
38,12,0,0,0,0,0.0,0.0,1,1,1,4941.84912109375
39,7,0,0,1,1,21712.595703125,24065.515625,0,0,0,23643.625
32,16,0,0,1,0,27625.662109375,29540.322265625,0,0,0,33987.7109375
52,17,0,0,1,0,63676.171875,60870.96875,0,0,0,59109.0625
35,16,0,0,1,0,34091.2421875,26854.83984375,0,0,0,31032.2578125
23,10,1,0,0,1,1469.45007324219,5370.9677734375,0,0,0,0.0
27,12,0,0,1,0,8816.7001953125,44758.06640625,0,0,0,0.0
25,12,1,0,1,0,9796.333984375,21483.87109375,0,0,0,6649.76953125
26,14,0,0,1,0,5877.80029296875,13427.4189453125,0,0,0,31032.2578125
29,16,0,0,1,0,4800.20361328125,17187.09765625,0,0,0,23643.625
39,11,1,0,1,1,9992.2607421875,11637.0966796875,0,0,0,7260.07080078125
47,12,0,0,1,0,32915.68359375,27750.0,0,0,0,18914.900390625
47,7,0,0,1,1,24784.724609375,23811.2890625,0,0,0,25860.21484375
27,12,0,0,1,0,13910.7939453125,14859.6767578125,0,0,0,15072.810546875
48,16,0,0,1,0,23511.201171875,23274.193359375,0,0,0,39898.6171875
35,10,1,0,0,1,0.0,0.0,1,1,1,4666.23583984375
23,15,0,0,1,0,16955.494140625,20844.7265625,0,0,0,25514.427734375
53,7,0,0,1,1,19592.66796875,19693.548828125,0,0,0,22165.8984375
39,12,0,0,0,0,23511.201171875,31509.677734375,0,0,0,15516.12890625
50,17,0,0,0,0,0.0,0.0,1,1,0,0.0
23,12,1,0,1,0,3918.53369140625,11637.0966796875,0,0,0,9752.9951171875
37,15,0,1,1,0,45063.13671875,39387.09765625,0,0,0,45809.5234375
50,6,1,0,1,1,13033.04296875,4092.67749023438,0,0,0,0.0
49,11,0,0,1,1,25470.46875,19693.548828125,0,0,0,481.738861083984
36,11,1,0,0,1,29389.001953125,25982.951171875,0,0,0,45809.5234375
23,11,1,0,1,1,17116.154296875,10741.9345703125,0,0,0,8866.359375
33,12,0,0,1,0,0.0,0.0,1,1,1,12418.0703125
41,11,0,0,1,1,0.0,0.0,1,1,0,14481.7197265625
54,15,0,0,1,0,48981.671875,35806.453125,0,0,0,88663.59375
27,12,1,0,1,0,14694.5009765625,13427.4189453125,0,0,0,14079.779296875
42,13,0,0,1,0,0.0,0.0,1,1,0,0.0
26,16,0,0,1,0,32327.90234375,27750.0,0,0,0,32509.984375
24,16,0,0,0,0,4898.1669921875,8951.61328125,0,0,0,17732.71875
45,12,0,0,1,0,31348.26953125,27391.935546875,0,0,0,25564.669921875
44,12,1,0,1,0,18613.03515625,23632.2578125,0,0,0,19210.4453125
23,10,1,0,0,1,3918.53369140625,7161.29052734375,0,0,0,6649.76953125
24,10,1,0,1,1,9012.626953125,6624.193359375,0,0,0,8955.0234375
24,12,0,1,1,0,23511.201171875,21483.87109375,0,0,0,23052.53515625
23,11,1,0,0,1,0.0,0.0,1,1,0,0.0
22,12,0,0,1,0,15478.2080078125,8951.61328125,0,0,0,14186.1748046875
21,12,1,0,0,0,0.0,0.0,1,1,1,1254.58203125
28,14,1,0,1,0,17633.400390625,12532.2578125,0,0,0,16254.9921875
29,12,0,0,1,0,10775.966796875,12532.2578125,0,0,0,25860.21484375
51,8,0,0,1,1,11986.7939453125,1546.83874511719,0,0,0,0.0
49,12,0,0,1,0,25862.322265625,28645.16015625,0,0,0,26599.078125
23,14,0,0,0,0,22139.71484375,18798.38671875,0,0,0,41376.34375
28,14,0,0,1,0,19984.521484375,12532.2578125,0,0,0,31032.2578125
23,12,1,0,1,0,3918.53369140625,2864.51611328125,0,0,0,8866.359375
28,12,0,0,1,0,13714.8681640625,13606.4521484375,0,0,0,19210.4453125
43,14,0,0,1,0,2645.01025390625,0.0,0,1,0,6992.60205078125
25,12,1,0,1,0,19592.66796875,5370.9677734375,0,0,0,24642.568359375
30,12,0,0,1,0,25470.46875,25959.677734375,0,0,0,28076.8046875
24,14,0,0,1,0,20141.263671875,0.0,0,1,0,0.0
18,12,0,0,0,0,8816.7001953125,14322.5810546875,0,0,0,22165.8984375
39,12,0,0,1,0,26450.1015625,27750.0,0,0,0,6354.22412109375
30,9,0,0,1,1,15478.2080078125,7877.41943359375,0,0,0,8866.359375
22,14,0,0,1,0,30368.634765625,20588.7109375,0,0,0,27485.71484375
55,12,0,0,1,0,23511.201171875,26854.83984375,0,0,0,26599.078125
33,11,1,0,1,1,6857.43359375,11637.0966796875,0,0,0,0.0
37,14,0,0,1,0,30368.634765625,44758.06640625,0,0,0,81274.9609375
24,10,1,0,1,1,14482.900390625,10741.9345703125,0,0,0,11821.8134765625
51,12,1,0,1,0,23511.201171875,25601.61328125,0,0,0,25121.3515625
45,12,0,0,1,0,35266.80078125,38366.61328125,0,0,0,38420.890625
32,16,0,0,1,0,23511.201171875,25959.677734375,0,0,0,35465.4375
44,10,1,0,1,1,20993.544921875,19190.46875,0,0,0,25068.154296875
22,11,1,0,0,1,0.0,0.0,1,1,1,6456.69677734375
33,12,0,0,1,0,22531.568359375,26496.7734375,0,0,0,24973.578125
30,12,0,0,0,0,16457.841796875,14680.64453125,0,0,0,15146.697265625
34,16,0,0,1,0,48981.671875,62661.2890625,0,0,0,54675.8828125
31,11,1,0,0,1,15674.1337890625,4316.4677734375,0,0,0,7093.08740234375
29,10,1,0,1,1,7641.140625,8122.693359375,0,0,0,5910.90625
20,11,1,0,0,1,16318.6201171875,1484.99401855469,0,0,1,6943.341796875
34,12,0,0,1,0,21943.787109375,20409.677734375,0,0,0,21131.490234375
43,12,0,0,1,0,18808.9609375,17903.2265625,0,0,0,26155.759765625
23,14,0,0,1,0,18722.75390625,21662.90234375,0,0,0,28076.8046875
25,12,0,0,1,0,16653.767578125,12181.35546875,0,0,0,17732.71875
36,17,0,0,1,0,29389.001953125,34911.2890625,0,0,0,32509.984375
28,12,0,0,1,0,23511.201171875,21483.87109375,0,0,0,23643.625
19,12,0,0,1,0,9796.333984375,9846.7744140625,0,0,0,20688.171875
46,11,0,0,1,1,34287.16796875,30077.419921875,0,0,0,39898.6171875
37,9,0,0,0,1,940.448059082031,3544.83862304688,0,0,0,1152.62670898438
52,7,0,0,1,1,0.0,0.0,1,1,0,0.0
44,12,0,0,1,0,26450.1015625,25959.677734375,0,0,0,26746.8515625
23,12,1,0,1,0,17672.587890625,14322.5810546875,0,0,0,12294.6845703125
29,17,0,0,1,0,16653.767578125,16112.9033203125,0,0,0,17732.71875
37,11,1,0,1,1,29389.001953125,21483.87109375,0,0,0,13063.1025390625
38,12,1,0,1,0,35266.80078125,25064.515625,0,0,0,36943.1640625
37,8,0,0,1,1,21481.400390625,14322.5810546875,0,0,0,23643.625
52,10,0,0,1,1,13714.8681640625,12174.1943359375,0,0,0,23643.625
53,4,0,0,1,1,12039.6953125,2660.41943359375,0,0,0,7388.6328125
26,12,0,0,1,0,13714.8681640625,716.129028320312,0,0,0,22904.76171875
20,9,0,1,0,1,12260.7802734375,5875.048828125,0,0,1,1358.64294433594
46,8,1,0,1,1,0.0,0.0,1,1,1,3094.15600585938
30,11,0,0,1,1,24882.6875,26854.83984375,0,0,0,33248.84765625
28,12,0,0,1,0,14694.5009765625,15933.87109375,0,0,0,0.0
31,11,1,0,1,1,0.0,0.0,1,1,1,14509.9296875
28,12,0,0,1,0,23511.201171875,18798.38671875,0,0,0,36943.1640625
40,10,0,0,1,1,14302.6484375,24169.35546875,0,0,0,21427.03515625
46,17,0,0,1,0,45063.13671875,57290.32421875,0,0,0,36943.1640625
48,12,0,0,1,0,22321.927734375,23881.11328125,0,0,0,25399.1640625
27,17,0,0,1,0,25078.615234375,19693.548828125,0,0,0,24530.26171875
39,17,0,1,1,0,0.0,0.0,1,1,0,8866.359375
23,12,1,0,1,0,9796.333984375,12532.2578125,0,0,0,11821.8134765625
32,14,0,0,1,0,34874.94921875,35788.546875,0,0,0,41376.34375
27,12,1,0,1,0,9796.333984375,0.0,0,1,0,11821.8134765625
22,9,1,0,1,1,11708.578125,10419.6767578125,0,0,0,9079.15234375
43,17,0,0,1,0,49961.3046875,48338.7109375,0,0,0,51424.88671875
31,15,1,0,0,0,26450.1015625,26854.83984375,0,0,0,25860.21484375
43,14,0,0,0,0,29389.001953125,30435.484375,0,0,0,29554.53125
44,8,0,0,1,1,18025.255859375,18798.38671875,0,0,0,28076.8046875
52,4,1,0,1,1,5877.80029296875,11637.0966796875,0,0,0,22165.8984375
35,15,1,0,1,0,29477.169921875,34098.484375,0,0,0,19062.673828125
42,12,1,0,0,0,23511.201171875,21483.87109375,0,0,0,22165.8984375
33,17,0,0,1,0,27037.8828125,31867.7421875,0,0,0,28815.66796875
48,5,1,0,1,1,12343.380859375,13606.4521484375,0,0,0,13323.1826171875
27,17,0,0,1,0,34287.16796875,37596.7734375,0,0,0,39307.52734375
50,16,0,0,0,0,23511.201171875,14322.5810546875,0,0,0,39973.98046875
31,12,0,0,1,0,29584.9296875,26854.83984375,0,0,0,29554.53125
26,12,0,0,1,0,19263.51171875,13024.5966796875,0,0,0,24627.791015625
37,12,0,0,1,0,15674.1337890625,8951.61328125,0,0,0,28076.8046875
30,12,0,0,1,0,0.0,0.0,1,1,0,0.0
28,13,0,0,1,0,15282.28125,14322.5810546875,0,0,0,14038.40234375
29,10,0,0,1,1,41144.6015625,8951.61328125,0,0,0,31032.2578125
24,16,0,0,1,0,22335.642578125,22880.322265625,0,0,0,29037.326171875
28,6,0,0,1,1,13734.4599609375,6395.0322265625,0,0,0,10048.541015625
23,12,0,0,1,0,23511.201171875,19854.677734375,0,0,0,18914.900390625
46,12,1,0,1,0,20572.30078125,32225.806640625,0,0,0,7882.193359375
44,5,1,0,1,1,9796.333984375,8951.61328125,0,0,0,8866.359375
40,12,0,0,1,0,20572.30078125,24772.693359375,0,0,0,32586.826171875
34,12,0,0,1,0,22531.568359375,22379.03125,0,0,0,26599.078125
50,12,1,0,1,0,29193.07421875,17903.2265625,0,0,0,25121.3515625
23,9,0,0,1,1,11167.8212890625,11995.1611328125,0,0,0,11891.265625
26,12,1,0,1,0,17633.400390625,18798.38671875,0,0,0,18471.58203125
46,8,1,0,0,1,3165.65795898438,2594.72290039062,0,0,1,0.0
45,5,0,0,1,1,31348.26953125,37596.7734375,0,0,0,31477.0546875
22,14,1,0,1,0,16849.6953125,21125.806640625,0,0,0,24086.943359375
22,12,0,0,1,0,14694.5009765625,16829.03125,0,0,0,21870.353515625
30,10,0,0,1,1,23511.201171875,28645.16015625,0,0,0,28047.25
54,12,0,0,1,0,0.0,0.0,1,1,0,0.0
25,11,0,0,0,1,0.0,0.0,1,1,1,18783.349609375
36,16,0,0,0,0,5290.0205078125,4833.87109375,0,0,0,5319.81591796875
44,9,1,0,1,1,13366.1181640625,14644.8388671875,0,0,0,12435.0693359375
47,10,0,1,1,1,21943.787109375,18977.419921875,0,0,0,19210.4453125
19,12,1,0,0,0,5387.98388671875,8056.45166015625,0,0,0,12117.3583984375
40,12,0,0,1,0,25707.5390625,20409.677734375,0,0,0,23052.53515625
39,10,1,0,0,1,11755.6005859375,12532.2578125,0,0,0,25248.435546875
49,12,0,0,1,0,72492.875,71433.8671875,0,0,0,0.0
45,12,0,0,1,0,11771.275390625,11270.0810546875,0,0,0,16822.439453125
42,5,1,0,1,1,7837.0673828125,7161.29052734375,0,0,0,14777.265625
28,13,0,0,1,0,24490.8359375,23868.580078125,0,0,0,23495.853515625
42,12,0,0,1,0,44475.35546875,47232.2890625,0,0,0,70930.875
53,12,0,0,1,0,17633.400390625,16112.9033203125,0,0,0,19210.4453125
37,14,0,1,1,0,30108.052734375,26854.83984375,0,0,0,26554.74609375
25,5,1,0,0,1,0.0,0.0,1,1,1,6181.8798828125
37,11,0,0,1,1,12735.234375,0.0,0,1,0,0.0
47,4,0,0,1,1,9355.4990234375,20884.11328125,0,0,0,20512.322265625
34,7,0,0,0,1,17619.685546875,20481.2890625,0,0,0,19432.103515625
20,12,1,0,1,0,19592.66796875,16709.080078125,0,0,0,12708.44921875
48,12,0,0,1,0,30860.41015625,29269.984375,0,0,0,34753.17578125
34,14,0,0,1,0,21551.935546875,23274.193359375,0,0,0,22165.8984375
30,13,0,0,1,0,62696.5390625,75193.546875,0,0,0,70930.875
33,12,0,0,1,0,13714.8681640625,18082.2578125,0,0,0,26081.873046875
28,15,0,0,1,0,15082.435546875,18619.35546875,0,0,0,13986.681640625
22,12,1,0,0,0,6583.13671875,4475.806640625,0,0,0,0.0
26,16,0,0,1,0,29389.001953125,28645.16015625,0,0,0,35022.12109375
25,14,0,0,1,0,33307.53515625,31330.64453125,0,0,0,35760.984375
25,12,1,0,0,0,16653.767578125,14859.6767578125,0,0,0,22904.76171875
23,17,0,0,0,0,12735.234375,14322.5810546875,0,0,0,28076.8046875
27,12,1,0,1,0,3670.8720703125,334.049285888672,0,0,1,0.0
25,14,0,0,0,0,6857.43359375,1790.32263183594,0,0,0,0.0
38,17,0,0,0,0,32327.90234375,32225.806640625,0,0,0,43297.390625
42,6,1,0,1,1,31348.26953125,28645.16015625,0,0,0,20688.171875
25,8,1,0,0,1,0.0,0.0,1,1,1,0.0
27,8,1,0,0,1,6269.65380859375,6624.193359375,0,0,0,7388.6328125
22,12,0,0,0,0,15674.1337890625,11637.0966796875,0,0,0,20688.171875
44,14,0,0,1,0,32719.755859375,29540.322265625,0,0,0,26952.255859375
21,13,1,0,0,0,0.0,0.0,1,1,1,17094.640625
23,16,0,0,1,0,0.0,1521.77416992188,1,0,0,0.0
31,13,0,0,1,0,20572.30078125,33658.06640625,0,0,0,31032.2578125
25,12,0,0,1,0,23119.34765625,24074.46875,0,0,0,25195.23828125
44,13,0,0,1,0,27429.734375,26774.2734375,0,0,0,35465.4375
51,10,0,0,1,1,21943.787109375,23274.193359375,0,0,0,25860.21484375
51,10,0,0,1,1,21943.787109375,23274.193359375,0,0,0,25860.21484375
40,2,1,0,1,1,17645.15625,13427.4189453125,0,0,0,8866.359375
28,12,0,0,1,0,30760.48828125,28824.193359375,0,0,0,39898.6171875
28,11,0,0,1,1,14106.720703125,10741.9345703125,0,0,0,20392.626953125
31,17,0,0,1,0,35266.80078125,31806.87109375,0,0,0,62064.515625
24,12,0,0,1,0,16884.9609375,9311.4677734375,0,0,0,23080.611328125
35,8,0,0,1,1,11167.8212890625,18796.59765625,0,0,0,13299.5390625
22,12,0,0,1,0,17703.935546875,12532.2578125,0,0,0,20688.171875
23,13,0,0,1,0,9698.37109375,8593.548828125,0,0,0,23643.625
38,12,1,0,1,0,40570.5390625,10741.9345703125,0,0,0,27190.169921875
22,12,1,0,1,0,1269.60485839844,0.0,0,1,0,0.0
24,17,0,0,0,0,9796.333984375,16112.9033203125,0,0,0,36943.1640625
51,16,0,0,0,0,25470.46875,24169.35546875,0,0,0,12708.44921875
43,12,0,0,1,0,19592.66796875,21739.88671875,0,0,0,29338.783203125
49,10,0,0,1,1,22727.494140625,23095.16015625,0,0,0,24086.943359375
27,17,0,0,0,0,40164.96875,41177.41796875,0,0,0,44331.796875
25,17,0,0,1,0,41144.6015625,35806.453125,0,0,0,38420.890625
55,3,1,0,1,1,5877.80029296875,5370.9677734375,0,0,0,4137.63427734375
22,15,0,0,1,0,2547.046875,17187.09765625,0,0,0,25860.21484375
44,11,1,0,1,1,24294.908203125,35806.453125,0,0,0,29554.53125
27,12,1,0,1,0,24686.76171875,22558.064453125,0,0,0,22609.216796875
41,16,1,0,1,0,33307.53515625,23274.193359375,0,0,0,22165.8984375
46,12,0,0,1,0,11167.8212890625,7161.29052734375,0,0,0,17732.71875
21,9,1,0,0,1,13127.087890625,16327.7421875,0,0,0,8866.359375
42,17,0,0,1,0,23511.201171875,22379.03125,0,0,0,0.0
47,11,0,0,1,1,16928.064453125,15409.3056640625,0,0,0,17732.71875
33,17,0,0,0,0,19396.740234375,0.0,0,1,0,1539.79113769531
40,17,0,1,1,0,39185.3359375,41177.41796875,0,0,0,33987.7109375
20,10,0,1,1,1,9208.5537109375,8951.61328125,0,0,0,16254.9921875
23,12,0,0,1,0,19592.66796875,21483.87109375,0,0,0,20688.171875
28,12,0,0,1,0,21551.935546875,10562.9033203125,0,0,0,21722.580078125
46,8,0,0,1,1,16457.841796875,16112.9033203125,0,0,0,16254.9921875
40,12,0,0,1,0,19592.66796875,19335.484375,0,0,0,21279.263671875
34,12,0,0,1,0,34731.921875,30435.484375,0,0,0,39898.6171875
23,12,1,0,0,0,6269.3408203125,3039.9599609375,0,0,1,8484.2392578125
23,13,0,0,1,0,11755.6005859375,13427.4189453125,0,0,0,16254.9921875
28,17,0,0,1,0,28017.515625,31151.61328125,0,0,0,31032.2578125
41,12,0,0,1,0,14684.705078125,23274.193359375,0,0,0,26599.078125
28,17,0,0,1,0,23511.201171875,20946.7734375,0,0,0,69453.1484375
30,12,1,0,1,0,17760.75390625,17366.12890625,0,0,0,19210.4453125
20,13,0,1,0,0,9404.48046875,0.0,0,1,0,8275.2685546875
27,12,0,0,1,0,11363.7470703125,12532.2578125,0,0,0,4137.63427734375
27,12,0,0,1,0,21943.787109375,20588.7109375,0,0,0,18323.810546875
27,16,0,0,1,0,21551.935546875,23274.193359375,0,0,0,27633.486328125
20,12,0,0,1,0,9796.333984375,13427.4189453125,0,0,0,10713.517578125
27,17,0,0,1,0,13127.087890625,10741.9345703125,0,0,0,29554.53125
54,8,0,1,1,1,14302.6484375,0.0,0,1,0,8866.359375
28,12,1,0,1,0,33503.4609375,26854.83984375,0,0,0,25121.3515625
53,12,1,0,1,0,19592.66796875,21483.87109375,0,0,0,23643.625
41,8,0,0,1,1,0.0,0.0,1,1,0,0.0
27,14,0,0,1,0,22218.0859375,23306.419921875,0,0,0,26599.078125
30,10,1,0,1,1,22335.642578125,0.0,0,1,0,121173.578125
27,12,1,0,0,0,2143.4130859375,357.949890136719,0,0,1,22163.25
29,12,0,0,0,0,15478.2080078125,14370.9189453125,0,0,0,12615.3515625
53,10,0,0,1,1,19984.521484375,21483.87109375,0,0,0,4433.1796875
42,8,0,0,1,1,0.0,0.0,1,1,0,0.0
31,14,0,0,1,0,21140.48828125,20141.12890625,0,0,0,19653.763671875
44,15,0,0,1,0,43103.87109375,39387.09765625,0,0,0,51232.78125
25,16,1,0,1,0,16653.767578125,17008.064453125,0,0,0,21870.353515625
23,12,1,0,0,0,5506.30810546875,501.074096679688,0,0,1,671.331787109375
23,12,0,0,0,0,13714.8681640625,10741.9345703125,0,0,0,15959.447265625
47,10,0,0,1,1,19004.888671875,17903.2265625,0,0,0,21722.580078125
21,9,0,0,1,1,17633.400390625,3202.88720703125,0,0,0,3250.99853515625
38,9,0,0,1,1,29976.78125,25064.515625,0,0,0,47287.25
27,12,1,0,1,0,13127.087890625,12353.2255859375,0,0,0,11526.2666015625
27,15,0,0,1,0,3722.60693359375,4654.8388671875,0,0,0,19210.4453125
44,12,0,0,1,0,0.0,0.0,1,1,0,0.0
17,8,1,0,0,1,0.0,0.0,1,1,1,0.0
27,12,0,0,1,0,19592.66796875,18082.2578125,0,0,0,32657.7578125
29,14,0,0,1,0,17633.400390625,17187.09765625,0,0,0,19699.572265625
21,12,1,0,1,0,15674.1337890625,16112.9033203125,0,0,0,11821.8134765625
27,13,0,0,0,0,23511.201171875,21483.87109375,0,0,0,22165.8984375
23,12,0,0,1,0,21551.935546875,25959.677734375,0,0,0,58665.74609375
33,8,1,0,0,1,0.0,0.0,1,1,1,289.789886474609
40,12,0,0,1,0,31348.26953125,31330.64453125,0,0,0,27633.486328125
55,3,1,0,1,1,14547.5556640625,13463.2255859375,0,0,0,10344.0859375
25,16,0,0,1,0,20964.154296875,24706.451171875,0,0,0,26229.646484375
22,16,0,0,0,0,16653.767578125,22737.09765625,0,0,0,37682.02734375
26,17,0,0,1,0,13714.8681640625,29540.322265625,0,0,0,29554.53125
27,16,0,0,1,0,36246.4375,0.0,0,1,0,0.0
42,6,0,1,1,1,10775.966796875,22558.064453125,0,0,0,11821.8134765625
30,17,1,0,1,0,22139.71484375,27929.03125,0,0,0,33248.84765625
24,12,0,0,1,0,11755.6005859375,11074.9345703125,0,0,0,13742.857421875
28,8,1,0,0,1,0.0,0.0,1,1,1,0.0
26,14,0,0,1,0,17045.62109375,25064.515625,0,0,0,38716.4375
21,8,1,0,0,1,0.0,895.161315917969,1,0,0,2305.25341796875
29,17,0,0,1,0,45063.13671875,35806.453125,0,0,0,0.0
21,12,0,0,0,0,16653.767578125,17903.2265625,0,0,0,19210.4453125
33,12,0,0,1,0,21551.935546875,21483.87109375,0,0,0,21427.03515625
26,13,0,0,1,0,22531.568359375,22379.03125,0,0,0,37238.7109375
32,17,0,0,1,0,76411.40625,64451.61328125,0,0,0,99007.6796875
27,16,0,0,1,0,19592.66796875,12532.2578125,0,0,0,17720.896484375
24,16,0,0,1,0,5877.80029296875,4833.87109375,0,0,0,33987.7109375
26,12,1,0,0,0,0.0,0.0,1,1,1,10747.349609375
20,12,0,0,1,0,13902.95703125,14322.5810546875,0,0,0,19653.763671875
42,14,1,0,0,0,0.0,0.0,1,1,1,20505.9296875
54,8,0,0,1,1,23511.201171875,21483.87109375,0,0,0,19210.4453125
35,12,0,0,1,0,10188.1865234375,9309.677734375,0,0,0,11821.8134765625
35,14,0,0,1,0,18613.03515625,19693.548828125,0,0,0,22424.501953125
37,17,0,0,1,0,48981.671875,44758.06640625,0,0,0,44331.796875
47,16,0,0,1,0,60737.26953125,60870.96875,0,0,0,78319.5078125
24,12,1,0,0,0,10775.966796875,9309.677734375,0,0,0,8275.2685546875
40,16,0,0,1,0,35266.80078125,44758.06640625,0,0,0,56153.609375
19,11,1,0,0,1,29725.99609375,8806.5966796875,0,0,0,9457.4501953125
43,12,0,0,1,0,0.0,0.0,1,1,0,0.0
22,12,0,0,1,0,15674.1337890625,22916.12890625,0,0,0,31771.12109375
48,12,1,0,1,0,26908.5703125,22558.064453125,0,0,0,36943.1640625
42,9,1,0,1,1,0.0,3058.53100585938,1,0,1,1294.40905761719
35,12,0,0,1,0,35266.80078125,26854.83984375,0,0,0,32509.984375
19,13,0,0,1,0,12735.234375,19693.548828125,0,0,0,28815.66796875
44,3,1,0,1,1,25470.46875,21483.87109375,0,0,0,26599.078125
31,12,0,0,1,0,25470.46875,23274.193359375,0,0,0,22165.8984375
29,12,1,0,1,0,11755.6005859375,9846.7744140625,0,0,0,20688.171875
52,15,0,0,1,0,39185.3359375,35806.453125,0,0,0,38420.890625
45,16,0,0,1,0,43103.87109375,48338.7109375,0,0,0,59109.0625
26,8,1,0,1,1,5681.87353515625,4296.7744140625,0,0,0,7093.08740234375
23,10,1,0,1,1,0.0,936.438598632812,1,0,1,11233.259765625
50,11,0,0,1,1,36205.2890625,38563.546875,0,0,0,31032.2578125
41,8,1,0,1,1,1716.31774902344,8378.7099609375,0,0,0,7388.6328125
24,13,0,0,1,0,19592.66796875,17187.09765625,0,0,0,22313.671875
48,10,0,0,1,1,35266.80078125,34911.2890625,0,0,0,38568.6640625
55,12,0,1,1,0,0.0,0.0,1,1,0,0.0
51,12,0,0,1,0,21943.787109375,19156.451171875,0,0,0,24382.48828125
20,12,1,0,1,0,19592.66796875,18619.35546875,0,0,0,23643.625
44,12,0,0,1,0,14498.57421875,14424.62890625,0,0,0,14579.25
46,12,0,0,1,0,12343.380859375,11637.0966796875,0,0,0,11230.7216796875
33,12,1,0,1,0,20279.94921875,10941.349609375,0,0,1,15952.599609375
45,17,0,0,1,0,0.0,16112.9033203125,1,0,0,17732.71875
41,8,0,0,1,1,20572.30078125,22379.03125,0,0,0,19633.07421875
41,12,0,0,1,0,20572.30078125,21483.87109375,0,0,0,25310.501953125
52,8,1,0,0,1,23511.201171875,15217.7421875,0,0,0,7093.08740234375
40,10,1,0,0,1,25470.46875,23274.193359375,0,0,0,20688.171875
25,14,0,0,0,0,20768.228515625,14322.5810546875,0,0,0,17437.173828125
21,11,0,0,0,1,11167.8212890625,5370.9677734375,0,0,0,13151.7666015625
31,16,0,0,1,0,23511.201171875,24706.451171875,0,0,0,28963.44140625
27,13,1,0,0,0,0.0,0.0,1,1,1,14581.8603515625
37,10,0,0,1,1,36246.4375,17545.16015625,0,0,0,17732.71875
24,12,0,0,0,0,10873.9306640625,15754.8388671875,0,0,0,20132.546875
55,16,1,0,1,0,13714.8681640625,11995.1611328125,0,0,0,23531.318359375
34,6,0,0,1,1,17633.400390625,17903.2265625,0,0,0,4876.49755859375
35,9,0,0,1,1,19200.814453125,17706.2890625,0,0,0,8866.359375
29,12,0,0,1,0,29389.001953125,25959.677734375,0,0,0,35465.4375
23,12,0,0,1,0,19396.740234375,12532.2578125,0,0,0,0.0
50,7,0,0,1,1,15160.806640625,15933.87109375,0,0,0,17732.71875
21,12,0,0,1,0,15987.6171875,16291.9345703125,0,0,0,14481.7197265625
45,16,0,0,1,0,0.0,0.0,1,1,0,0.0
18,11,1,0,0,1,5877.80029296875,6932.12890625,0,0,0,9457.4501953125
48,17,0,0,1,0,42294.69140625,41177.41796875,0,0,0,41376.34375
35,7,0,0,1,1,34091.2421875,28287.09765625,0,0,0,25121.3515625
37,11,0,0,1,1,13714.8681640625,9259.548828125,0,0,0,0.0
49,5,1,0,0,1,6583.13671875,5729.0322265625,0,0,0,12560.67578125
34,16,0,0,1,0,35266.80078125,34016.12890625,0,0,0,35465.4375
28,12,0,0,1,0,20376.375,17903.2265625,0,0,0,32509.984375
23,12,1,0,1,0,8816.7001953125,12174.1943359375,0,0,0,18471.58203125
22,14,0,0,1,0,19279.185546875,17616.7734375,0,0,0,17289.400390625
42,11,0,0,1,1,35266.80078125,44758.06640625,0,0,0,38420.890625
25,12,0,0,1,0,13291.666015625,14202.62890625,0,0,0,14777.265625
53,8,0,0,1,1,20964.154296875,22033.5,0,0,0,23195.873046875
35,12,0,0,1,0,23511.201171875,21483.87109375,0,0,0,29554.53125
37,12,0,0,1,0,22441.44140625,16385.03125,0,0,0,23269.759765625
29,17,0,0,0,0,27037.8828125,29182.2578125,0,0,0,26599.078125
38,9,0,0,1,1,17829.328125,7877.41943359375,0,0,0,20688.171875
37,17,0,0,1,0,29389.001953125,31330.64453125,0,0,0,33987.7109375
28,10,0,0,1,1,29389.001953125,23274.193359375,0,0,0,22904.76171875
29,12,0,0,1,0,24490.8359375,25064.515625,0,0,0,28076.8046875
51,8,1,0,1,1,35266.80078125,25064.515625,0,0,0,1182.18127441406
51,16,0,0,1,0,31348.26953125,35448.38671875,0,0,0,44331.796875
22,9,1,0,0,1,2192.876953125,3836.98608398438,0,0,1,3462.56396484375
51,12,0,0,1,0,35266.80078125,44758.06640625,0,0,0,0.0
46,12,0,0,1,0,19394.78125,19201.2109375,0,0,0,20431.048828125
45,9,1,0,1,1,28863.919921875,26854.83984375,0,0,0,36943.1640625
26,12,1,0,1,0,17633.400390625,17416.2578125,0,0,0,23643.625
53,4,1,0,0,1,0.0,0.0,1,1,0,0.0
48,17,1,0,1,0,58778.00390625,51842.37109375,0,0,0,59109.0625
27,11,1,0,1,1,10897.4423828125,3938.70971679688,0,0,0,7684.17822265625
25,10,1,0,0,1,0.0,0.0,1,1,1,0.0
30,9,0,0,1,1,23511.201171875,19441.11328125,0,0,0,26599.078125
48,16,0,0,1,0,0.0,0.0,1,1,0,0.0
18,11,1,0,0,1,0.0,0.0,1,1,1,4814.626953125
30,14,1,0,1,0,27429.734375,26892.435546875,0,0,0,20688.171875
28,12,0,0,1,0,27429.734375,26854.83984375,0,0,0,22165.8984375
38,12,0,0,1,0,33307.53515625,31330.64453125,0,0,0,31771.12109375
25,12,1,0,1,0,11755.6005859375,14322.5810546875,0,0,0,21427.03515625
28,12,0,0,1,0,12813.60546875,7161.29052734375,0,0,0,16254.9921875
40,16,0,0,1,0,35266.80078125,35806.453125,0,0,0,36943.1640625
36,6,1,0,0,1,7494.1953125,7447.74169921875,0,0,0,4433.1796875
48,10,1,0,1,1,10785.763671875,5370.9677734375,0,0,0,14895.484375
31,12,1,0,1,0,5877.80029296875,11064.1943359375,0,0,0,15959.447265625
50,12,0,0,1,0,22306.25390625,27544.11328125,0,0,0,26876.890625
20,11,0,0,1,1,12735.234375,7161.29052734375,0,0,0,14038.40234375
29,14,0,0,1,0,35266.80078125,16112.9033203125,0,0,0,20688.171875
44,11,1,0,0,1,5172.46435546875,6266.12890625,0,0,0,0.0
50,8,1,0,1,1,23707.12890625,28913.7109375,0,0,0,31032.2578125
42,12,0,0,1,0,7837.0673828125,16112.9033203125,0,0,0,15516.12890625
23,11,0,1,1,1,14263.4619140625,8414.515625,0,0,0,26599.078125
46,12,0,0,1,0,25078.615234375,24169.35546875,0,0,0,26780.83984375
25,10,1,0,1,1,4702.240234375,4282.45166015625,0,0,0,4947.4287109375
33,12,0,0,1,0,17633.400390625,17903.2265625,0,0,0,15811.673828125
37,10,0,0,1,1,29369.408203125,27750.0,0,0,0,39898.6171875
25,16,1,0,1,0,12735.234375,18261.2890625,0,0,0,10521.4130859375
31,8,0,0,1,1,17241.548828125,15754.8388671875,0,0,0,16210.6611328125
36,10,0,0,1,1,20572.30078125,17366.12890625,0,0,0,14481.7197265625
35,15,0,0,1,0,41144.6015625,39387.09765625,0,0,0,35465.4375
26,14,0,0,1,0,0.0,0.0,1,1,0,0.0
41,16,1,0,1,0,33307.53515625,23274.193359375,0,0,0,22165.8984375
33,12,0,0,1,0,27429.734375,25959.677734375,0,0,0,27846.279296875
54,10,0,0,1,1,10775.966796875,32225.806640625,0,0,0,19210.4453125
50,8,0,0,1,1,0.0,0.0,1,1,0,0.0
34,16,0,0,1,0,43103.87109375,21304.83984375,0,0,0,20688.171875
29,16,0,0,1,0,13323.013671875,5370.9677734375,0,0,0,17732.71875
33,10,0,0,1,1,16653.767578125,16112.9033203125,0,0,0,12560.67578125
42,9,0,0,1,1,23511.201171875,21841.935546875,0,0,0,26303.533203125
43,9,1,0,1,1,0.0,0.0,1,1,0,0.0
24,17,0,0,1,0,9404.48046875,5370.9677734375,0,0,0,22904.76171875
55,16,0,0,1,0,48981.671875,46548.38671875,0,0,0,47878.33984375
28,17,0,0,1,0,37226.0703125,37507.2578125,0,0,0,38420.890625
19,8,1,0,0,1,0.0,2657.05688476562,1,0,1,9970.6806640625
25,14,0,0,1,0,29389.001953125,35806.453125,0,0,0,33839.9375
53,8,0,0,1,1,0.0,14322.5810546875,1,0,0,0.0
46,12,0,0,1,0,25862.322265625,23274.193359375,0,0,0,35465.4375
22,10,0,0,1,1,19592.66796875,15217.7421875,0,0,0,0.0
37,11,0,0,1,1,31250.3046875,26854.83984375,0,0,0,36943.1640625
47,12,1,0,1,0,13714.8681640625,12433.7900390625,0,0,0,14777.265625
50,17,0,0,1,0,42124.234375,0.0,0,1,0,70930.875
50,12,1,0,1,0,0.0,0.0,1,1,0,0.0
27,12,0,0,0,0,22139.71484375,25422.580078125,0,0,0,61768.97265625
25,16,0,0,1,0,12343.380859375,13606.4521484375,0,0,0,21427.03515625
47,6,1,0,1,1,10775.966796875,8056.45166015625,0,0,0,0.0
53,8,1,0,1,1,0.0,0.0,1,1,0,0.0
55,14,0,0,1,0,0.0,0.0,1,1,0,0.0
45,4,0,0,1,1,15004.0654296875,13586.7578125,0,0,0,17686.908203125
27,12,0,0,1,0,0.0,8235.484375,1,0,0,20688.171875
27,16,0,0,1,0,15674.1337890625,14322.5810546875,0,0,0,22165.8984375
24,12,1,0,1,0,5877.80029296875,8951.61328125,0,0,0,17732.71875
19,9,1,0,0,1,0.0,798.907897949219,1,0,1,17685.1796875
52,15,0,0,1,0,0.0,0.0,1,1,0,0.0
34,12,0,0,1,0,16653.767578125,19532.419921875,0,0,0,16254.9921875
33,10,1,0,0,1,13754.052734375,13964.515625,0,0,0,16905.19140625
26,12,0,0,1,0,27429.734375,26496.7734375,0,0,0,32509.984375
36,13,0,0,0,0,37226.0703125,36150.1953125,0,0,0,44308.15234375
34,12,0,0,1,0,35266.80078125,35806.453125,0,0,0,36943.1640625
33,16,0,1,1,0,35266.80078125,85935.484375,0,0,0,96052.2265625
46,9,1,0,1,1,28605.294921875,32225.806640625,0,0,0,41376.34375
50,12,0,0,1,0,22306.25390625,27544.11328125,0,0,0,26876.890625
32,13,1,0,1,0,33307.53515625,37596.7734375,0,0,0,46891.21875
36,10,1,0,1,1,18417.107421875,16112.9033203125,0,0,0,22165.8984375
50,16,0,0,0,0,39185.3359375,35806.453125,0,0,0,40637.48046875
45,12,0,0,1,0,17104.3984375,16381.4521484375,0,0,0,18176.037109375
48,17,0,0,1,0,31348.26953125,29540.322265625,0,0,0,32951.82421875
40,10,1,0,1,1,13244.6435546875,19693.548828125,0,0,0,17732.71875
23,14,0,0,0,0,13323.013671875,12174.1943359375,0,0,0,14777.265625
22,9,0,1,0,1,0.0,0.0,1,1,1,3595.89404296875
24,11,1,0,1,1,9796.333984375,10741.9345703125,0,0,0,13299.5390625
34,12,0,0,1,0,14498.57421875,14322.5810546875,0,0,0,10048.541015625
41,16,1,0,1,0,33307.53515625,23274.193359375,0,0,0,22165.8984375
45,12,1,0,1,0,24490.8359375,21483.87109375,0,0,0,28076.8046875
35,9,1,0,1,1,24686.76171875,16829.03125,0,0,0,20392.626953125
42,10,0,0,1,1,21551.935546875,18798.38671875,0,0,0,22165.8984375
26,14,0,0,0,0,29389.001953125,30435.484375,0,0,0,29554.53125
47,16,0,0,1,0,48981.671875,62741.85546875,0,0,0,65019.96875
23,12,0,0,1,0,21865.41796875,21483.87109375,0,0,0,25121.3515625
39,8,1,0,1,1,27429.734375,26854.83984375,0,0,0,28076.8046875
53,12,0,0,1,0,32868.66015625,31509.677734375,0,0,0,18914.900390625
20,10,0,0,0,1,1381.28308105469,3523.35473632812,0,0,0,9309.677734375
30,12,0,0,1,0,13714.8681640625,12532.2578125,0,0,0,2563.85571289062
21,14,0,0,1,0,13832.423828125,8777.951171875,0,0,0,591.090637207031
55,12,0,0,1,0,23511.201171875,26854.83984375,0,0,0,26599.078125
29,16,0,0,1,0,0.0,26854.83984375,1,0,0,23643.625
22,12,1,0,1,0,13665.8857421875,17903.2265625,0,0,0,13299.5390625
28,16,0,0,1,0,27429.734375,25064.515625,0,0,0,31032.2578125
25,14,0,0,1,0,28409.369140625,30435.484375,0,0,0,10935.1767578125
23,13,0,0,1,0,14694.5009765625,14322.5810546875,0,0,0,20688.171875
29,17,0,0,1,0,24098.982421875,24527.419921875,0,0,0,23643.625
42,16,0,0,1,0,39185.3359375,37596.7734375,0,0,0,47287.25
21,12,0,1,1,0,19592.66796875,12532.2578125,0,0,0,17732.71875
22,12,0,0,1,0,24490.8359375,26854.83984375,0,0,0,25121.3515625
29,15,0,0,1,0,26646.029296875,19693.548828125,0,0,0,32509.984375
24,12,1,0,1,0,26841.955078125,31688.7109375,0,0,0,33839.9375
44,7,1,0,1,1,11967.2021484375,14566.0654296875,0,0,0,14147.75390625
47,17,0,0,1,0,29389.001953125,20230.64453125,0,0,0,42410.75390625
39,5,1,0,1,1,4051.763671875,13427.4189453125,0,0,0,14629.4931640625
37,12,1,0,1,0,29389.001953125,32225.806640625,0,0,0,44331.796875
28,16,0,0,1,0,33307.53515625,39387.09765625,0,0,0,34726.57421875
45,12,1,0,1,0,25470.46875,26695.5,0,0,0,27898.0
44,10,0,0,1,1,29389.001953125,26854.83984375,0,0,0,23643.625
48,8,0,0,1,1,31510.888671875,35795.7109375,0,0,0,28076.8046875
36,12,0,0,1,0,33307.53515625,30435.484375,0,0,0,31032.2578125
27,12,0,0,1,0,20572.30078125,17545.16015625,0,0,0,24530.26171875
36,12,0,0,1,0,15873.98046875,12727.4033203125,0,0,0,17444.5625
53,16,0,0,1,0,31348.26953125,32225.806640625,0,0,0,32509.984375
51,12,0,0,1,0,44083.50390625,41177.41796875,0,0,0,48764.9765625
34,14,0,0,1,0,36834.21484375,0.0,0,1,0,0.0
46,12,0,0,1,0,22727.494140625,21841.935546875,0,0,0,22904.76171875
24,12,0,0,1,0,20572.30078125,20767.7421875,0,0,0,22165.8984375
28,14,0,0,1,0,10775.966796875,13427.4189453125,0,0,0,0.0
34,13,0,0,1,0,34483.09765625,31509.677734375,0,0,0,33396.62109375
44,6,0,1,1,1,26450.1015625,3580.64526367188,0,0,0,0.0
24,10,0,0,1,1,23511.201171875,25062.7265625,0,0,0,29678.66015625
31,17,0,0,1,0,39185.3359375,33120.96875,0,0,0,47287.25
53,6,0,0,1,1,0.0,0.0,1,1,0,0.0
25,12,0,0,0,0,0.0,0.0,1,1,1,5587.5029296875
46,12,0,0,0,0,19592.66796875,25064.515625,0,0,0,29554.53125
34,12,0,0,1,0,11755.6005859375,0.0,0,1,0,11821.8134765625
24,12,0,0,1,0,17437.474609375,22379.03125,0,0,0,16254.9921875
45,12,0,0,1,0,28589.62109375,28263.822265625,0,0,0,29258.986328125
47,14,0,0,1,0,58778.00390625,26854.83984375,0,0,0,32509.984375
24,12,0,0,1,0,20180.447265625,19693.548828125,0,0,0,29554.53125
44,12,0,0,1,0,0.0,0.0,1,1,0,0.0
21,12,0,0,1,0,5094.09375,6803.2255859375,0,0,0,7388.6328125
23,12,1,0,1,0,17633.400390625,15217.7421875,0,0,0,15516.12890625
21,12,1,0,1,0,5868.00390625,3043.54833984375,0,0,0,10048.541015625
44,8,0,0,1,1,25470.46875,26854.83984375,0,0,0,25860.21484375
36,12,1,0,1,0,19749.408203125,25064.515625,0,0,0,23643.625
28,12,0,0,1,0,28605.294921875,20588.7109375,0,0,0,34135.484375
23,13,0,0,1,0,19396.740234375,17903.2265625,0,0,0,31032.2578125
28,15,1,0,1,0,30768.326171875,33486.1953125,0,0,0,30828.33203125
51,12,0,0,0,0,67594.703125,62661.2890625,0,0,0,71669.7421875
49,11,0,0,1,1,9404.48046875,11637.0966796875,0,0,0,9457.4501953125
31,12,0,0,1,0,16065.98828125,15038.7099609375,0,0,0,17732.71875
25,16,0,0,0,0,39185.3359375,0.0,0,1,0,23389.455078125
52,8,0,0,1,1,19592.66796875,17903.2265625,0,0,0,17289.400390625
21,13,0,0,1,0,9796.333984375,8593.548828125,0,0,0,28787.591796875
26,12,1,0,1,0,15674.1337890625,17983.7890625,0,0,0,20688.171875
42,17,0,0,0,0,50940.9375,50129.03125,0,0,0,48764.9765625
55,13,0,1,1,0,0.0,0.0,1,1,0,0.0
39,9,1,0,1,1,10580.041015625,9667.7421875,0,0,0,11821.8134765625
33,8,1,0,1,1,6661.50732421875,8579.2255859375,0,0,0,9169.29296875
48,6,1,0,0,1,13714.8681640625,11637.0966796875,0,0,0,10604.166015625
36,14,0,0,1,0,42124.234375,42072.58203125,0,0,0,41376.34375
30,17,0,0,1,0,4310.38720703125,4296.7744140625,0,0,0,22476.220703125
20,9,0,0,1,1,15282.28125,15933.87109375,0,0,0,20614.28515625
30,12,0,0,1,0,6857.43359375,3222.58056640625,0,0,0,3250.99853515625
29,14,0,0,1,0,35266.80078125,37596.7734375,0,0,0,45809.5234375
25,17,0,0,0,0,4996.13037109375,17414.46875,0,0,0,5030.18115234375
33,17,0,0,1,0,29389.001953125,30435.484375,0,0,0,19210.4453125
41,12,0,1,1,0,22531.568359375,20946.7734375,0,0,0,22165.8984375
41,13,0,0,0,0,29389.001953125,0.0,0,1,0,30293.39453125
38,3,1,0,1,1,3722.60693359375,5729.0322265625,0,0,0,17732.71875
50,12,0,0,1,0,22306.25390625,27544.11328125,0,0,0,26876.890625
51,12,0,0,1,0,25862.322265625,20588.7109375,0,0,0,24825.806640625
51,11,0,0,1,1,25470.46875,25064.515625,0,0,0,26599.078125
29,4,1,0,0,1,0.0,0.0,1,1,1,762.914611816406
30,6,1,0,1,1,5681.87353515625,0.0,0,1,0,0.0
34,12,0,0,1,0,22727.494140625,18619.35546875,0,0,0,20688.171875
23,12,0,0,0,0,9404.48046875,11834.0322265625,0,0,0,16846.08203125
42,16,0,0,0,0,4398.55419921875,17903.2265625,0,0,0,16254.9921875
54,4,1,0,0,1,11933.8935546875,10965.7255859375,0,0,0,11821.8134765625
32,12,0,0,1,0,15674.1337890625,14322.5810546875,0,0,0,13299.5390625
31,11,1,0,1,1,13127.087890625,14859.6767578125,0,0,0,16254.9921875
32,13,0,0,1,0,15674.1337890625,30435.484375,0,0,0,22018.126953125
33,16,0,0,1,0,20964.154296875,21483.87109375,0,0,0,22018.126953125
55,16,0,0,1,0,17633.400390625,17903.2265625,0,0,0,22165.8984375
24,17,0,0,1,0,1371.48681640625,0.0,0,1,0,24825.806640625
25,11,1,0,0,1,15674.1337890625,6982.25830078125,0,0,0,13890.6298828125
37,17,0,0,0,0,19592.66796875,23005.64453125,0,0,0,22165.8984375
32,12,0,0,1,0,23903.0546875,24812.080078125,0,0,0,12412.9033203125
23,12,1,0,1,0,7993.80859375,13427.4189453125,0,0,0,4433.1796875
44,12,0,0,1,0,16457.841796875,16112.9033203125,0,0,0,17289.400390625
49,10,0,0,1,1,14694.5009765625,14322.5810546875,0,0,0,8423.041015625
33,16,0,0,1,0,19592.66796875,19335.484375,0,0,0,26599.078125
45,9,0,0,1,1,0.0,313.306457519531,1,0,0,4063.748046875
52,12,0,0,1,0,0.0,0.0,1,1,0,0.0
31,4,1,0,0,1,8517.5888671875,4023.2109375,0,0,1,7382.548828125
31,17,0,0,1,0,31348.26953125,26854.83984375,0,0,0,32509.984375
44,6,1,0,1,1,19592.66796875,14322.5810546875,0,0,0,5615.36083984375
51,12,0,0,1,0,14533.8408203125,19245.96875,0,0,0,17732.71875
37,12,1,0,1,0,29389.001953125,22379.03125,0,0,0,19210.4453125
22,12,0,0,1,0,21551.935546875,26765.322265625,0,0,0,35465.4375
48,9,0,0,1,1,29389.001953125,32225.806640625,0,0,0,31032.2578125
30,12,1,0,1,0,19592.66796875,26854.83984375,0,0,0,25897.158203125
53,17,0,0,1,0,31348.26953125,28645.16015625,0,0,0,27929.03125
38,11,0,0,1,1,0.0,0.0,1,1,0,0.0
33,9,0,0,1,1,12735.234375,6266.12890625,0,0,0,8866.359375
25,12,1,0,0,0,0.0,0.0,1,1,1,3191.7529296875
26,12,0,0,1,0,15674.1337890625,16470.96875,0,0,0,35022.12109375
32,9,0,0,1,1,25470.46875,1432.25805664062,0,0,0,24803.640625
25,16,0,0,1,0,28409.369140625,29540.322265625,0,0,0,32509.984375
40,16,0,0,1,0,26450.1015625,26854.83984375,0,0,0,32421.3203125
23,9,0,0,1,1,9012.626953125,0.0,0,1,0,14777.265625
28,17,0,0,1,0,25607.6171875,18091.2109375,0,0,0,22165.8984375
33,10,0,0,1,1,29389.001953125,28645.16015625,0,0,0,36499.84765625
25,11,1,0,0,1,4055.68237304688,11637.0966796875,0,0,0,0.0
27,17,0,0,1,0,0.0,0.0,1,1,0,0.0
22,11,1,0,0,1,5485.94677734375,13427.4189453125,0,0,0,8866.359375
21,9,0,0,1,1,15674.1337890625,19693.548828125,0,0,0,1773.27185058594
22,12,0,0,1,0,12051.4501953125,16025.1767578125,0,0,0,13151.7666015625
27,8,1,0,1,1,18417.107421875,22916.12890625,0,0,0,31032.2578125
35,13,0,0,1,0,24490.8359375,23990.322265625,0,0,0,22165.8984375
23,11,1,0,1,1,11755.6005859375,5818.54833984375,0,0,0,10048.541015625
25,8,0,0,1,1,5877.80029296875,0.0,0,1,0,8866.359375
22,12,1,0,1,0,13518.94140625,13427.4189453125,0,0,0,12560.67578125
34,17,0,0,1,0,29389.001953125,32225.806640625,0,0,0,32672.53515625
21,12,0,0,1,0,23511.201171875,50129.03125,0,0,0,0.0
28,15,0,0,1,0,68574.3359375,62661.2890625,0,0,0,66497.6953125
38,16,0,0,1,0,11559.673828125,7877.41943359375,0,0,0,17732.71875
54,12,0,0,1,0,0.0,0.0,1,1,0,0.0
46,12,0,0,1,0,43103.87109375,35806.453125,0,0,0,31032.2578125
38,12,0,0,1,0,19592.66796875,13964.515625,0,0,0,16286.025390625
22,11,1,0,1,1,4449.4951171875,6187.35498046875,0,0,0,14570.3837890625
48,8,0,1,1,1,25470.46875,16112.9033203125,0,0,0,23643.625
23,13,1,0,1,0,21160.080078125,17903.2265625,0,0,0,23643.625
21,13,0,0,1,0,8816.7001953125,17903.2265625,0,0,0,28224.578125
25,12,1,0,1,0,15674.1337890625,3738.19360351562,0,0,0,10512.546875
52,4,0,0,1,1,14106.720703125,15074.515625,0,0,0,14422.611328125
41,14,0,0,0,0,0.0,0.0,1,1,1,5149.5009765625
21,16,0,0,0,0,8228.9208984375,22379.03125,0,0,0,27337.94140625
27,17,0,0,1,0,22727.494140625,22379.03125,0,0,0,24086.943359375
31,10,0,0,1,1,14890.427734375,12532.2578125,0,0,0,16254.9921875
28,12,0,0,1,0,19298.77734375,0.0,0,1,0,29554.53125
25,12,0,1,1,0,23511.201171875,21483.87109375,0,0,0,25121.3515625
40,10,0,0,1,1,18417.107421875,17903.2265625,0,0,0,20688.171875
26,12,0,0,1,0,29389.001953125,28645.16015625,0,0,0,33987.7109375
25,7,1,0,0,1,17045.62109375,16137.9677734375,0,0,0,11821.8134765625
25,16,0,0,1,0,15674.1337890625,15217.7421875,0,0,0,19062.673828125
35,12,0,0,1,0,35266.80078125,26854.83984375,0,0,0,32509.984375
17,9,1,0,0,1,1716.50903320312,1253.43896484375,0,0,1,5445.2001953125
49,7,1,0,0,1,8816.7001953125,11270.0810546875,0,0,0,8969.80078125
27,14,0,0,1,0,28409.369140625,32225.806640625,0,0,0,39898.6171875
29,17,0,0,1,0,979.633422851562,8951.61328125,0,0,0,0.0
38,12,0,0,1,0,23511.201171875,23274.193359375,0,0,0,25121.3515625
25,12,1,0,0,0,8816.7001953125,6266.12890625,0,0,0,10344.0859375
27,6,0,0,1,1,9992.2607421875,11637.0966796875,0,0,0,13299.5390625
48,16,0,0,1,0,33307.53515625,26058.14453125,0,0,0,31918.89453125
35,12,1,0,1,0,21551.935546875,14322.5810546875,0,0,0,15638.7802734375
25,17,0,0,1,0,21551.935546875,31151.61328125,0,0,0,53937.01953125
35,13,1,0,1,0,24490.8359375,23274.193359375,0,0,0,25121.3515625
20,15,0,0,1,0,17437.474609375,8056.45166015625,0,0,0,18471.58203125
