X_prob,X,A_prob,A,Y_prob,Y
0.34475303,0,0.42785785,0,0.44548184,0
0.34463516,0,0.42795873,0,0.445577,0
0.34480664,0,0.42725453,0,0.44647938,0
0.34463516,0,0.4278167,0,0.44562086,0
0.34470475,0,0.42803767,0,0.44625202,0
0.34529233,0,0.42772153,0,0.44592693,0
0.34464768,0,0.42813328,0,0.44599387,0
0.34463516,0,0.42811197,0,0.44553655,0
0.345166,0,0.4272587,0,0.4459207,0
0.345166,0,0.42740223,0,0.4457477,0
0.34475303,0,0.42785785,0,0.44558895,0
0.34482998,0,0.428176,0,0.44564977,0
0.3452923,0,0.42772156,0,0.44591555,0
0.34464768,0,0.42783758,0,0.44564876,0
0.34470475,0,0.42760032,0,0.44575652,0
0.34519765,0,0.42795125,0,0.44617572,0
0.34453985,0,0.42808077,0,0.445791,0
0.345166,0,0.4272587,0,0.4462809,0
0.3452923,0,0.42772156,0,0.44603902,0
0.34463516,0,0.42795873,0,0.44590682,0
0.34489334,0,0.4278178,0,0.44571376,0
0.3447531,0,0.4278579,0,0.44595626,0
0.3446352,0,0.42811206,0,0.44552967,0
0.3445891,0,0.42779744,0,0.44557744,0
0.3452923,0,0.42772156,0,0.44603902,0
0.345166,0,0.4272587,0,0.44582495,0
0.345166,0,0.4272587,0,0.44628084,0
0.34447932,0,0.42814273,0,0.4459068,0
0.3452923,0,0.42772156,0,0.44643015,0
0.34509245,0,0.42835045,0,0.44589967,0
0.34475303,0,0.42801827,0,0.44563553,0
0.34468535,0,0.4278212,0,0.44603002,0
0.3448144,0,0.42818156,0,0.44729245,0
0.34543222,0,0.42771026,0,0.447439,0
0.3452672,0,0.42795128,0,0.44681403,0
0.34502226,0,0.42793667,0,0.44654337,0
0.3450222,0,0.42793664,0,0.44723174,0
0.34526727,0,0.4275284,0,0.4477091,0
0.3450222,0,0.42829934,0,0.44653007,0
0.34502226,0,0.4282993,0,0.4472039,0
0.3448144,0,0.42818156,0,0.44660372,0
0.34526727,0,0.4275284,0,0.44680318,0
0.3448144,0,0.42818156,0,0.44729245,0
0.34543222,0,0.4279986,0,0.44683057,0
0.34543225,0,0.42799863,0,0.4475246,0
0.34481442,0,0.42818162,0,0.44660366,0
0.3450222,0,0.42829934,0,0.44653007,0
0.34481442,0,0.4278932,0,0.44648215,0
0.3452672,0,0.42795128,0,0.44681403,0
0.34481442,0,0.4278932,0,0.44648215,0
0.3450222,0,0.42829934,0,0.44720393,0
0.34481442,0,0.42818162,0,0.44660366,0
0.3448144,0,0.42818156,0,0.44660372,0
0.34502226,0,0.42793667,0,0.44723177,0
0.3448144,0,0.42789313,0,0.44721135,0
0.34502226,0,0.42793667,0,0.44723177,0
0.3450222,0,0.42829934,0,0.44653007,0
0.34502226,0,0.4282993,0,0.44653,0
0.3450222,0,0.42829934,0,0.44653007,0
0.34502226,0,0.42793667,0,0.44723177,0
0.34543225,0,0.42771018,0,0.44743893,0
0.34543222,0,0.42771026,0,0.447439,0
0.3450222,0,0.42829934,0,0.44653007,0
0.34481442,0,0.42818162,0,0.44729248,0
0.34528962,0,0.4287694,0,0.44502112,0
0.34518147,0,0.42844173,0,0.44535303,0
0.34528962,0,0.4287694,0,0.44502112,0
0.34498042,0,0.4280281,0,0.44555414,0
0.34505883,0,0.42821023,0,0.4452597,0
0.34518147,0,0.42844173,0,0.44512695,0
0.34498045,0,0.4279606,0,0.44564673,0
0.3450589,0,0.42821896,0,0.44531298,0
0.34505883,0,0.42821023,0,0.44548535,0
0.3450589,0,0.42821896,0,0.44531298,0
0.34498045,0,0.4279606,0,0.4455224,0
0.3452896,0,0.42876935,0,0.44502112,0
0.3451815,0,0.42846593,0,0.44517,0
0.3450589,0,0.42821896,0,0.44553447,0
0.34505883,0,0.42821893,0,0.44553453,0
0.3450589,0,0.42821023,0,0.44525972,0
0.34528962,0,0.4287694,0,0.44502112,0
0.3452896,0,0.42876935,0,0.44524923,0
0.34505883,0,0.42821893,0,0.445313,0
0.3450589,0,0.42821023,0,0.44548538,0
0.34498045,0,0.4279606,0,0.44564673,0
0.34498042,0,0.4280281,0,0.4453321,0
0.34505883,0,0.42821893,0,0.44553453,0
0.34518147,0,0.42844173,0,0.44512695,0
0.34498045,0,0.4279606,0,0.4455224,0
0.3450589,0,0.42821896,0,0.44531298,0
0.34498045,0,0.4279606,0,0.44564673,0
0.3450589,0,0.42821023,0,0.44548538,0
0.34498045,0,0.42802814,0,0.44533217,0
0.34518147,0,0.42844173,0,0.44512695,0
0.34498045,0,0.42802814,0,0.44533217,0
0.3452896,0,0.42876935,0,0.44502112,0
0.34383905,0,0.43001944,0,0.4439572,0
0.34463724,0,0.42962834,0,0.4443229,0
0.3447155,0,0.4293317,0,0.44473964,0
0.3451336,0,0.42908368,0,0.44480076,0
0.3451336,0,0.4290836,0,0.4446354,0
0.3451336,0,0.42908368,0,0.4446354,0
0.3451336,0,0.4290836,0,0.44480082,0
0.34383905,0,0.43001944,0,0.4439572,0
0.3451336,0,0.42901415,0,0.4449733,0
0.34471557,0,0.42933172,0,0.44457367,0
0.3451336,0,0.42901415,0,0.4449733,0
0.34471557,0,0.42933172,0,0.4447396,0
0.3451336,0,0.42901415,0,0.4449733,0
0.3451336,0,0.42901415,0,0.44497332,0
0.34383905,0,0.4303498,0,0.44329897,0
0.34471557,0,0.42928037,0,0.44458342,0
0.34383905,0,0.43001944,0,0.4439572,0
0.34471557,0,0.42928037,0,0.44458342,0
0.34463722,0,0.4296074,0,0.4441489,0
0.3451336,0,0.42901415,0,0.44497332,0
0.3451336,0,0.4290836,0,0.44480082,0
0.3451336,0,0.42908368,0,0.44480076,0
0.3451336,0,0.4290836,0,0.4446354,0
0.3451336,0,0.42908368,0,0.4446354,0
0.3451336,0,0.42901415,0,0.4450836,0
0.34383905,0,0.43034977,0,0.44329894,0
0.3447155,0,0.4293317,0,0.44473964,0
0.34471557,0,0.42933172,0,0.4447396,0
0.3451336,0,0.42901415,0,0.4449733,0
0.3451336,0,0.42901415,0,0.44508362,0
0.3447155,0,0.4293317,0,0.44457364,0
0.3451336,0,0.42901415,0,0.44497332,0
0.34527543,0,0.42780373,0,0.44616297,0
0.34464768,0,0.42795333,0,0.4456143,0
0.34489334,0,0.42760104,0,0.44570115,0
0.3448066,0,0.42711237,0,0.4461133,0
0.34480664,0,0.42725453,0,0.44593462,0
0.34463516,0,0.4278167,0,0.44562086,0
0.34458908,0,0.42772806,0,0.44561902,0
0.34519765,0,0.4274861,0,0.44622797,0
0.34475303,0,0.42769885,0,0.44596672,0
0.34529233,0,0.42714185,0,0.44603437,0
0.34457794,0,0.4282153,0,0.4453204,0
0.34463516,0,0.428078,0,0.4456084,0
0.34527543,0,0.42780373,0,0.44616297,0
0.3444622,0,0.42831156,0,0.44540915,0
0.34481552,0,0.42764032,0,0.44573948,0
0.3447531,0,0.42806014,0,0.44558617,0
0.3452923,0,0.4276115,0,0.446053,0
0.34469458,0,0.42807907,0,0.44642854,0
0.34468856,0,0.4282522,0,0.44562036,0
0.34463516,0,0.42795873,0,0.445577,0
0.34469458,0,0.42807907,0,0.4459405,0
0.34469458,0,0.42807907,0,0.44600224,0
0.3451091,0,0.42769226,0,0.4458931,0
0.3448156,0,0.42764035,0,0.4457505,0
0.34472802,0,0.42798528,0,0.4454914,0
0.34529233,0,0.42790467,0,0.44595346,0
0.34475303,0,0.42785785,0,0.44558895,0
0.3445891,0,0.42793325,0,0.44563156,0
0.34454596,0,0.42806113,0,0.44546193,0
0.34470466,0,0.42779624,0,0.44553056,0
0.345166,0,0.4272587,0,0.44582492,0
0.34510636,0,0.42765465,0,0.44626075,0
0.3452672,0,0.4275284,0,0.4468032,0
0.34543222,0,0.42771026,0,0.447439,0
0.3452672,0,0.42795128,0,0.44681403,0
0.34502226,0,0.4282993,0,0.44653,0
0.3450222,0,0.42829934,0,0.44720393,0
0.34502226,0,0.4282993,0,0.44653,0
0.3450222,0,0.42829934,0,0.44720393,0
0.34543222,0,0.4279986,0,0.44683057,0
0.3450222,0,0.42829934,0,0.44720393,0
0.34502226,0,0.4282993,0,0.44653,0
0.3448144,0,0.42818156,0,0.44660372,0
0.34502226,0,0.4282993,0,0.44653,0
0.34543225,0,0.42799863,0,0.44683054,0
0.34543222,0,0.4279986,0,0.44683057,0
0.3448144,0,0.42789313,0,0.44648206,0
0.34543222,0,0.42771026,0,0.4467043,0
0.3448144,0,0.42818156,0,0.44729245,0
0.34502226,0,0.42793667,0,0.44723177,0
0.3450222,0,0.42829934,0,0.44720393,0
0.34502226,0,0.4282993,0,0.44653,0
0.3450222,0,0.42793664,0,0.44654337,0
0.34502226,0,0.42793667,0,0.44654337,0
0.3452672,0,0.42795128,0,0.44681403,0
0.34526727,0,0.4275284,0,0.44680318,0
0.3448144,0,0.42818156,0,0.44729245,0
0.34502226,0,0.42793667,0,0.44654337,0
0.3450222,0,0.42829934,0,0.44653007,0
0.34543222,0,0.4279986,0,0.44683057,0
0.3448144,0,0.42818156,0,0.44660372,0
0.34502226,0,0.42793667,0,0.44723177,0
0.34543225,0,0.42799863,0,0.44683054,0
0.34543222,0,0.42771026,0,0.447439,0
0.34528962,0,0.42884693,0,0.44500858,0
0.34518147,0,0.42844173,0,0.44535303,0
0.34528962,0,0.4287694,0,0.4452492,0
0.34498042,0,0.42796063,0,0.44564676,0
0.34498045,0,0.4279606,0,0.44564673,0
0.34518147,0,0.42846587,0,0.44517002,0
0.34498045,0,0.4279606,0,0.4455224,0
0.34518147,0,0.42844173,0,0.44535303,0
0.34498045,0,0.4279606,0,0.4455224,0
0.34498042,0,0.4280281,0,0.44555414,0
0.34505883,0,0.42821893,0,0.445313,0
0.34498042,0,0.42796063,0,0.44564676,0
0.34505883,0,0.42821893,0,0.44553453,0
0.34518147,0,0.42846587,0,0.44539183,0
0.34505883,0,0.42821023,0,0.44548535,0
0.34518147,0,0.42844173,0,0.44535303,0
0.34528962,0,0.4287694,0,0.44502112,0
0.34498042,0,0.4280281,0,0.4453321,0
0.34498045,0,0.42802814,0,0.44555414,0
0.3450589,0,0.42821023,0,0.44548538,0
0.34498045,0,0.42802814,0,0.44555414,0
0.34498042,0,0.4280281,0,0.44555414,0
0.34498045,0,0.4279606,0,0.4455224,0
0.3452896,0,0.42884696,0,0.44475788,0
0.34505883,0,0.42821893,0,0.445313,0
0.34498042,0,0.4280281,0,0.44555414,0
0.34498045,0,0.4279606,0,0.4455224,0
0.3452896,0,0.42876935,0,0.44502112,0
0.34528962,0,0.42884693,0,0.44500858,0
0.34498042,0,0.4280281,0,0.4453321,0
0.34505883,0,0.42821893,0,0.44553453,0
0.34518147,0,0.42844173,0,0.44512695,0
0.34383905,0,0.4303498,0,0.44329897,0
0.34463724,0,0.42960742,0,0.4441488,0
0.34383905,0,0.4303498,0,0.44311178,0
0.3451336,0,0.42901415,0,0.44497332,0
0.34463722,0,0.42962837,0,0.4443229,0
0.34463724,0,0.42962834,0,0.4443229,0
0.3451336,0,0.42901415,0,0.4449733,0
0.3451336,0,0.42908368,0,0.44480076,0
0.34463722,0,0.42962837,0,0.4443229,0
0.3451336,0,0.42908368,0,0.44480076,0
0.3447155,0,0.4293317,0,0.44457364,0
0.3451336,0,0.42901415,0,0.44497332,0
0.3447155,0,0.4292804,0,0.44458345,0
0.34463724,0,0.42962834,0,0.44450358,0
0.3447155,0,0.4292804,0,0.44458345,0
0.34463724,0,0.42962834,0,0.44450358,0
0.34383905,0,0.43001944,0,0.4439572,0
0.34383905,0,0.43034977,0,0.4431118,0
0.3451336,0,0.4290836,0,0.44480082,0
0.34471557,0,0.42933172,0,0.44457367,0
0.3451336,0,0.42901415,0,0.4450836,0
0.3451336,0,0.42908368,0,0.44480076,0
0.3447155,0,0.4293317,0,0.44473964,0
0.34383905,0,0.43034977,0,0.4431118,0
0.3451336,0,0.42901415,0,0.4449733,0
0.3451336,0,0.42908368,0,0.44480076,0
0.3451336,0,0.42901415,0,0.4450836,0
0.34463724,0,0.42962834,0,0.44450358,0
0.34383905,0,0.43001944,0,0.4441227,0
0.3451336,0,0.42908368,0,0.4446354,0
0.3447155,0,0.4293317,0,0.44457364,0
0.34463724,0,0.42960742,0,0.4441488,0
0.34475303,0,0.42785785,0,0.44548184,0
0.344546,0,0.4282391,0,0.44549203,0
0.34475303,0,0.42802745,0,0.44551322,0
0.34468535,0,0.4275103,0,0.4460527,0
0.3452923,0,0.42734808,0,0.44607162,0
0.34469458,0,0.42804435,0,0.44597152,0
0.34480664,0,0.42759296,0,0.44590676,0
0.3447531,0,0.42799976,0,0.44542843,0
0.34441048,0,0.428149,0,0.44539273,0
0.34470466,0,0.4276003,0,0.44562238,0
0.34480664,0,0.42725453,0,0.44593462,0
0.3445891,0,0.42793325,0,0.44563156,0
0.34441048,0,0.428149,0,0.44539273,0
0.34519765,0,0.42795125,0,0.44658154,0
0.34464768,0,0.42795333,0,0.4459992,0
0.34529233,0,0.4276114,0,0.446158,0
0.34475303,0,0.42801085,0,0.44538692,0
0.34529233,0,0.42756036,0,0.4458099,0
0.34481552,0,0.42747682,0,0.44584426,0
0.34463516,0,0.428078,0,0.4455854,0
0.34475303,0,0.42806014,0,0.44550842,0
0.34453982,0,0.42808077,0,0.4457268,0
0.3452923,0,0.42772156,0,0.44592687,0
0.34519765,0,0.42795125,0,0.44607672,0
0.34481552,0,0.42764032,0,0.4462341,0
0.34492198,0,0.42791158,0,0.4456565,0
0.34475303,0,0.42806014,0,0.44554198,0
0.3447531,0,0.42801827,0,0.44563556,0
0.3452923,0,0.42734808,0,0.44598678,0
0.34527537,0,0.42780367,0,0.4460857,0
0.34446222,0,0.42831156,0,0.44540918,0
0.344728,0,0.4279853,0,0.4455399,0
0.34543225,0,0.42799863,0,0.4475246,0
0.34502226,0,0.4282993,0,0.44653,0
0.3452672,0,0.42795128,0,0.44681403,0
0.34526727,0,0.42795125,0,0.44755486,0
0.3452672,0,0.4275284,0,0.44770926,0
0.34526727,0,0.4275284,0,0.44680318,0
0.3448144,0,0.42818156,0,0.44660372,0
0.34502226,0,0.4282993,0,0.4472039,0
0.3448144,0,0.42818156,0,0.44660372,0
0.34526727,0,0.4275284,0,0.44680318,0
0.34543225,0,0.42799863,0,0.4475246,0
0.34502226,0,0.4282993,0,0.44653,0
0.3448144,0,0.42818156,0,0.44660372,0
0.34481442,0,0.42818162,0,0.44729248,0
0.34543225,0,0.42771018,0,0.4467043,0
0.34481442,0,0.42818162,0,0.44729248,0
0.3448144,0,0.42818156,0,0.44729245,0
0.34481442,0,0.42818162,0,0.44660366,0
0.3450222,0,0.42793664,0,0.44654337,0
0.34543222,0,0.42771026,0,0.4467043,0
0.3450222,0,0.42793664,0,0.44654337,0
0.34543222,0,0.4279986,0,0.4475247,0
0.34543225,0,0.42771018,0,0.44743893,0
0.34543222,0,0.4279986,0,0.44683057,0
0.3450222,0,0.42793664,0,0.44654337,0
0.34502226,0,0.42793667,0,0.44654337,0
0.3448144,0,0.42818156,0,0.44660372,0
0.34502226,0,0.4282993,0,0.44653,0
0.34543225,0,0.42771018,0,0.44743893,0
0.34481442,0,0.4278932,0,0.44648215,0
0.3448144,0,0.42789313,0,0.44648206,0
0.34502226,0,0.4282993,0,0.44653,0
0.34505883,0,0.42821893,0,0.445313,0
0.34498042,0,0.4280281,0,0.4453321,0
0.34528962,0,0.42884693,0,0.44500858,0
0.3452896,0,0.42884696,0,0.44475788,0
0.34528962,0,0.42884693,0,0.4447579,0
0.3450589,0,0.42821896,0,0.44531298,0
0.34528962,0,0.4287694,0,0.44502112,0
0.34498042,0,0.4280281,0,0.4453321,0
0.34505883,0,0.42821893,0,0.44553453,0
0.3452896,0,0.42884696,0,0.44475788,0
0.3451815,0,0.42846593,0,0.44517,0
0.34518147,0,0.42846587,0,0.44517002,0
0.34505883,0,0.42821023,0,0.44548535,0
0.3450589,0,0.42821896,0,0.44531298,0
0.3451815,0,0.42844173,0,0.44535297,0
0.3452896,0,0.42876935,0,0.44502112,0
0.34528962,0,0.4287694,0,0.4452492,0
0.3450589,0,0.42821896,0,0.44553447,0
0.34498045,0,0.4279606,0,0.4455224,0
0.34498042,0,0.42796063,0,0.44564676,0
0.3451815,0,0.42844173,0,0.44512698,0
0.34518147,0,0.42846587,0,0.44517002,0
0.34528962,0,0.42884693,0,0.44500858,0
0.34518147,0,0.42846587,0,0.44539183,0
0.34498045,0,0.42802814,0,0.44555414,0
0.34498042,0,0.4280281,0,0.44555414,0
0.34528962,0,0.42884693,0,0.4447579,0
0.34518147,0,0.42844173,0,0.44535303,0
0.3451815,0,0.42846593,0,0.44517,0
0.3450589,0,0.42821023,0,0.44548538,0
0.3451815,0,0.42844173,0,0.44535297,0
0.3450589,0,0.42821896,0,0.44531298,0
0.34463722,0,0.42962837,0,0.4443229,0
0.3451336,0,0.42908368,0,0.4446354,0
0.34463722,0,0.4296074,0,0.44430575,0
0.34463724,0,0.42962834,0,0.4443229,0
0.34463722,0,0.42962837,0,0.4443229,0
0.34471557,0,0.42933172,0,0.4447396,0
0.34383905,0,0.43001944,0,0.4439572,0
0.3451336,0,0.42901415,0,0.44497332,0
0.3447155,0,0.4293317,0,0.44457364,0
0.34383905,0,0.43034977,0,0.44329894,0
0.34463722,0,0.4296074,0,0.4441489,0
0.3451336,0,0.42901415,0,0.44508362,0
0.3447155,0,0.4293317,0,0.44473964,0
0.34471557,0,0.42933172,0,0.4447396,0
0.34383905,0,0.4303498,0,0.44311178,0
0.3451336,0,0.42901415,0,0.44497332,0
0.34463722,0,0.42962837,0,0.44450364,0
0.34471557,0,0.42933172,0,0.4447396,0
0.3451336,0,0.42901415,0,0.4450836,0
0.3451336,0,0.42901415,0,0.44508362,0
0.3451336,0,0.4290836,0,0.4446354,0
0.34463724,0,0.42962834,0,0.44450358,0
0.34463722,0,0.42962837,0,0.44450364,0
0.34383905,0,0.43001944,0,0.44412276,0
0.3451336,0,0.42901415,0,0.4450836,0
0.34463724,0,0.42962834,0,0.44450358,0
0.3447155,0,0.4292804,0,0.44443366,0
0.3451336,0,0.42908368,0,0.4446354,0
0.34463722,0,0.42962837,0,0.4443229,0
0.34471557,0,0.42928037,0,0.44458342,0
0.3451336,0,0.42901415,0,0.4450836,0
0.3451336,0,0.42901415,0,0.44497332,0
0.34475303,0,0.42806014,0,0.44562757,0
0.34469458,0,0.42784593,0,0.44600937,0
0.34480664,0,0.42725453,0,0.44593462,0
0.3447531,0,0.42806014,0,0.44558617,0
0.3446352,0,0.42795873,0,0.44553632,0
0.3445891,0,0.42793325,0,0.44564325,0
0.3452923,0,0.4276115,0,0.446053,0
0.34519765,0,0.42796052,0,0.44688478,0
0.34527543,0,0.42780373,0,0.44657215,0
0.34453556,0,0.4284964,0,0.44544742,0
0.34470475,0,0.42803767,0,0.44571617,0
0.34527537,0,0.42748117,0,0.44606566,0
0.3452923,0,0.42734808,0,0.4459248,0
0.3449803,0,0.42782027,0,0.4458475,0
0.345166,0,0.4272587,0,0.44582492,0
0.34468535,0,0.4278212,0,0.44605973,0
0.34508696,0,0.42782822,0,0.44605342,0
0.3447531,0,0.42810988,0,0.44548878,0
0.34480664,0,0.42759296,0,0.44595462,0
0.34527537,0,0.42781243,0,0.44687474,0
0.3452923,0,0.42772156,0,0.44592687,0
0.34490654,0,0.4274193,0,0.44583744,0
0.34480664,0,0.42759296,0,0.44630465,0
0.34463516,0,0.4278167,0,0.44562086,0
0.34510636,0,0.42821196,0,0.44599018,0
0.34529233,0,0.42714185,0,0.44616285,0
0.3446352,0,0.42810595,0,0.4454736,0
0.3451091,0,0.42769223,0,0.44576797,0
0.34480664,0,0.42759296,0,0.44590676,0
0.3447531,0,0.42806014,0,0.4455419,0
0.34475303,0,0.42785785,0,0.44558895,0
0.34463516,0,0.42795873,0,0.445577,0
0.3450222,0,0.42793664,0,0.44723174,0
0.34502226,0,0.4282993,0,0.44653,0
0.3450222,0,0.42829934,0,0.44653007,0
0.34543222,0,0.42771026,0,0.4467043,0
0.34543225,0,0.42799863,0,0.44683054,0
0.34502226,0,0.4282993,0,0.44653,0
0.3450222,0,0.42793664,0,0.44654337,0
0.34502226,0,0.4282993,0,0.44653,0
0.3448144,0,0.42789313,0,0.44721135,0
0.34526727,0,0.42795125,0,0.44755486,0
0.3450222,0,0.42829934,0,0.44653007,0
0.34526727,0,0.42795125,0,0.44681394,0
0.3452672,0,0.42795128,0,0.44681403,0
0.34502226,0,0.4282993,0,0.4472039,0
0.3452672,0,0.4275284,0,0.44770926,0
0.34481442,0,0.42818162,0,0.44660366,0
0.3448144,0,0.42818156,0,0.44729245,0
0.34502226,0,0.42793667,0,0.44723177,0
0.34543225,0,0.42799863,0,0.4475246,0
0.34481442,0,0.4278932,0,0.44721138,0
0.3450222,0,0.42829934,0,0.44653007,0
0.34502226,0,0.4282993,0,0.44653,0
0.3450222,0,0.42793664,0,0.44654337,0
0.34502226,0,0.4282993,0,0.44653,0
0.3448144,0,0.42818156,0,0.44660372,0
0.34502226,0,0.4282993,0,0.44653,0
0.34543225,0,0.42799863,0,0.44683054,0
0.34502226,0,0.4282993,0,0.44653,0
0.3450222,0,0.42793664,0,0.44723174,0
0.34481442,0,0.42818162,0,0.44660366,0
0.3450222,0,0.42829934,0,0.44653007,0
0.34502226,0,0.4282993,0,0.44653,0
0.34498045,0,0.42802814,0,0.44533217,0
0.34498042,0,0.42796063,0,0.44552234,0
0.3451815,0,0.42844173,0,0.44512698,0
0.34498042,0,0.4280281,0,0.44555414,0
0.34505883,0,0.42821893,0,0.445313,0
0.34498042,0,0.42796063,0,0.44564676,0
0.3451815,0,0.42844173,0,0.44535297,0
0.34498042,0,0.42796063,0,0.44552234,0
0.3451815,0,0.42844173,0,0.44512698,0
0.3452896,0,0.42876935,0,0.44502112,0
0.34505883,0,0.42821893,0,0.445313,0
0.3450589,0,0.42821896,0,0.44553447,0
0.34528962,0,0.4287694,0,0.4452492,0
0.34498042,0,0.42796063,0,0.44552234,0
0.34528962,0,0.42884693,0,0.44500858,0
0.34498042,0,0.42796063,0,0.44564676,0
0.3451815,0,0.42846593,0,0.4453918,0
0.34498042,0,0.4280281,0,0.44555414,0
0.34528962,0,0.4287694,0,0.44502112,0
0.3450589,0,0.42821023,0,0.44525972,0
0.3451815,0,0.42846593,0,0.4453918,0
0.34498042,0,0.42796063,0,0.44564676,0
0.34498045,0,0.42802814,0,0.44555414,0
0.34498042,0,0.42796063,0,0.44552234,0
0.34528962,0,0.4287694,0,0.4452492,0
0.34518147,0,0.42846587,0,0.44517002,0
0.34498045,0,0.42802814,0,0.44555414,0
0.34498042,0,0.42796063,0,0.44564676,0
0.3451815,0,0.42844173,0,0.44535297,0
0.3450589,0,0.42821896,0,0.44553447,0
0.3451815,0,0.42846593,0,0.44517,0
0.34498042,0,0.42796063,0,0.44552234,0
0.3447155,0,0.4293317,0,0.44457364,0
0.3451336,0,0.42901415,0,0.44497332,0
0.3451336,0,0.4290836,0,0.44480082,0
0.34463724,0,0.42960742,0,0.44430578,0
0.3447155,0,0.4293317,0,0.44473964,0
0.34463724,0,0.42962834,0,0.44450358,0
0.3451336,0,0.42901415,0,0.4450836,0
0.3451336,0,0.42901415,0,0.44508362,0
0.34383905,0,0.4303498,0,0.44329897,0
0.34471557,0,0.42933172,0,0.44457367,0
0.3447155,0,0.4293317,0,0.44473964,0
0.3451336,0,0.42908368,0,0.44480076,0
0.34383905,0,0.43001944,0,0.4441227,0
0.34471557,0,0.42933172,0,0.44457367,0
0.3451336,0,0.42901415,0,0.4450836,0
0.34471557,0,0.42933172,0,0.4447396,0
0.34463722,0,0.42962837,0,0.4443229,0
0.34471557,0,0.42933172,0,0.44457367,0
0.34383905,0,0.43001944,0,0.4441227,0
0.34471557,0,0.42928037,0,0.44443372,0
0.3451336,0,0.42901415,0,0.4450836,0
0.3451336,0,0.42901415,0,0.44508362,0
0.34383905,0,0.4303498,0,0.44329897,0
0.3451336,0,0.42901415,0,0.44508362,0
0.34463722,0,0.42962837,0,0.44450364,0
0.3451336,0,0.42901415,0,0.44508362,0
0.34463722,0,0.4296074,0,0.44430575,0
0.3451336,0,0.42908368,0,0.44480076,0
0.3451336,0,0.4290836,0,0.4446354,0
0.34471557,0,0.42933172,0,0.44457367,0
0.34463722,0,0.4296074,0,0.44430575,0
0.3451336,0,0.42901415,0,0.44508362,0
0.34469458,0,0.42804432,0,0.44597083,0
0.3447531,0,0.4276989,0,0.44558936,0
0.34527543,0,0.42780373,0,0.44616297,0
0.34463516,0,0.42795873,0,0.44549233,0
0.34509236,0,0.42781144,0,0.445928,0
0.34527537,0,0.42780367,0,0.44602808,0
0.34489334,0,0.42776904,0,0.4456982,0
0.34464768,0,0.42816824,0,0.44556093,0
0.3446352,0,0.42781657,0,0.44563195,0
0.3447531,0,0.42806014,0,0.4455419,0
0.34475303,0,0.42785785,0,0.44548184,0
0.345166,0,0.42771688,0,0.44612485,0
0.34468856,0,0.4282634,0,0.44547877,0
0.34464768,0,0.42816824,0,0.44556093,0
0.34458974,0,0.42828754,0,0.4453375,0
0.34468856,0,0.42792097,0,0.44568852,0
0.34527543,0,0.42780373,0,0.44679245,0
0.3445897,0,0.42806983,0,0.44522372,0
0.34475303,0,0.42769885,0,0.44564342,0
0.345087,0,0.42745465,0,0.44589657,0
0.3446352,0,0.42810595,0,0.44545516,0
0.34468535,0,0.4278873,0,0.44591662,0
0.34527543,0,0.42781237,0,0.4466805,0
0.34447932,0,0.42827988,0,0.44532457,0
0.3451091,0,0.42799944,0,0.44633198,0
0.3448066,0,0.4272545,0,0.4460548,0
0.34481552,0,0.42786768,0,0.4458715,0
0.3447531,0,0.4278579,0,0.44548178,0
0.34441048,0,0.428149,0,0.44571328,0
0.3447531,0,0.4278579,0,0.44558898,0
0.34481552,0,0.42764032,0,0.44573948,0
0.344728,0,0.42816922,0,0.44553414,0
0.3450222,0,0.42793664,0,0.44654337,0
0.34502226,0,0.4282993,0,0.4472039,0
0.3450222,0,0.42829934,0,0.44720393,0
0.34481442,0,0.4278932,0,0.44648215,0
0.3452672,0,0.42795128,0,0.44681403,0
0.34481442,0,0.4278932,0,0.44721138,0
0.34543225,0,0.42799863,0,0.4475246,0
0.34502226,0,0.4282993,0,0.44653,0
0.3448144,0,0.42789313,0,0.44648206,0
0.34502226,0,0.4282993,0,0.44653,0
0.3448144,0,0.42818156,0,0.44660372,0
0.34543222,0,0.42771026,0,0.4467043,0
0.3448144,0,0.42818156,0,0.44660372,0
0.34502226,0,0.42793667,0,0.44654337,0
0.3452672,0,0.4275284,0,0.4468032,0
0.34481442,0,0.42818162,0,0.44729248,0
0.3448144,0,0.42818156,0,0.44660372,0
0.34502226,0,0.42793667,0,0.44654337,0
0.3448144,0,0.42818156,0,0.44729245,0
0.34481442,0,0.4278932,0,0.44721138,0
0.3448144,0,0.42818156,0,0.44660372,0
0.34502226,0,0.4282993,0,0.44653,0
0.3450222,0,0.42829934,0,0.44653007,0
0.34502226,0,0.42793667,0,0.44654337,0
0.3452672,0,0.4275284,0,0.4468032,0
0.34502226,0,0.42793667,0,0.44654337,0
0.3452672,0,0.4275284,0,0.44770926,0
0.34526727,0,0.42795125,0,0.44681394,0
0.3448144,0,0.42818156,0,0.44729245,0
0.34481442,0,0.4278932,0,0.44648215,0
0.34543225,0,0.42771018,0,0.4467043,0
0.34502226,0,0.42793667,0,0.44654337,0
0.34505883,0,0.42821023,0,0.44548535,0
0.34518147,0,0.42844173,0,0.44512695,0
0.34528962,0,0.4287694,0,0.44502112,0
0.3450589,0,0.42821023,0,0.44548538,0
0.34498045,0,0.4279606,0,0.4455224,0
0.34498042,0,0.4280281,0,0.4453321,0
0.34498045,0,0.42802814,0,0.44533217,0
0.34498042,0,0.42796063,0,0.44564676,0
0.34528962,0,0.42884693,0,0.44500858,0
0.34498042,0,0.4280281,0,0.44555414,0
0.34498045,0,0.4279606,0,0.4455224,0
0.3452896,0,0.42884696,0,0.44475788,0
0.34505883,0,0.42821893,0,0.445313,0
0.34518147,0,0.42846587,0,0.44517002,0
0.34528962,0,0.42884693,0,0.4447579,0
0.3450589,0,0.42821896,0,0.44553447,0
0.34505883,0,0.42821023,0,0.4452597,0
0.34518147,0,0.42844173,0,0.44512695,0
0.34505883,0,0.42821893,0,0.445313,0
0.34518147,0,0.42846587,0,0.44517002,0
0.34505883,0,0.42821893,0,0.445313,0
0.3450589,0,0.42821896,0,0.44553447,0
0.34498045,0,0.4279606,0,0.44564673,0
0.34498042,0,0.4280281,0,0.44555414,0
0.34498045,0,0.42802814,0,0.44555414,0
0.34498042,0,0.4280281,0,0.44555414,0
0.34498045,0,0.4279606,0,0.4455224,0
0.34518147,0,0.42844173,0,0.44535303,0
0.34505883,0,0.42821893,0,0.445313,0
0.3450589,0,0.42821023,0,0.44525972,0
0.3451815,0,0.42844173,0,0.44535297,0
0.3452896,0,0.42884696,0,0.44475788,0
0.34463722,0,0.4296074,0,0.4441489,0
0.34463724,0,0.42962834,0,0.4443229,0
0.3451336,0,0.42901415,0,0.4450836,0
0.34471557,0,0.42933172,0,0.4447396,0
0.3451336,0,0.42901415,0,0.4449733,0
0.3451336,0,0.42908368,0,0.4446354,0
0.3451336,0,0.4290836,0,0.4446354,0
0.3451336,0,0.42901415,0,0.44508362,0
0.3447155,0,0.4292804,0,0.44458345,0
0.3451336,0,0.42901415,0,0.44508362,0
0.3447155,0,0.4293317,0,0.44473964,0
0.34471557,0,0.42933172,0,0.4447396,0
0.34383905,0,0.43001944,0,0.4441227,0
0.34463724,0,0.42962834,0,0.4443229,0
0.34463722,0,0.4296074,0,0.44430575,0
0.34471557,0,0.42933172,0,0.4447396,0
0.3451336,0,0.4290836,0,0.4446354,0
0.3451336,0,0.42908368,0,0.44480076,0
0.3447155,0,0.4293317,0,0.44457364,0
0.3451336,0,0.42901415,0,0.44508362,0
0.3447155,0,0.4293317,0,0.44457364,0
0.3451336,0,0.42901415,0,0.44497332,0
0.3447155,0,0.4293317,0,0.44473964,0
0.3451336,0,0.42901415,0,0.44508362,0
0.3451336,0,0.42901415,0,0.4450836,0
0.3451336,0,0.42908368,0,0.44480076,0
0.34383905,0,0.43001944,0,0.4441227,0
0.34463724,0,0.42962834,0,0.44450358,0
0.3447155,0,0.4293317,0,0.44473964,0
0.34471557,0,0.42928037,0,0.44458342,0
0.34463722,0,0.4296074,0,0.44430575,0
0.34383905,0,0.43034977,0,0.44329894,0
0.3452923,0,0.42772156,0,0.44591555,0
0.34527537,0,0.42748117,0,0.44617242,0
0.34464768,0,0.42816827,0,0.44556078,0
0.3448933,0,0.427769,0,0.44571325,0
0.34489334,0,0.4278178,0,0.44571376,0
0.34509245,0,0.42826396,0,0.4458947,0
0.3451091,0,0.42740405,0,0.44596198,0
0.34529233,0,0.42772153,0,0.44643006,0
0.34468856,0,0.42806467,0,0.44557786,0
0.3447531,0,0.42806014,0,0.44558617,0
0.34481552,0,0.42764032,0,0.44573948,0
0.345166,0,0.42740223,0,0.44586104,0
0.34458908,0,0.42772806,0,0.44588783,0
0.34529233,0,0.4276114,0,0.44675604,0
0.34458908,0,0.42779738,0,0.4455774,0
0.34509245,0,0.42826396,0,0.44583508,0
0.34481552,0,0.4279772,0,0.4458136,0
0.3447531,0,0.42801827,0,0.44554788,0
0.3452923,0,0.42772156,0,0.44592687,0
0.3448066,0,0.42759305,0,0.44591597,0
0.34527543,0,0.42779914,0,0.44612873,0
0.3447531,0,0.4278579,0,0.44595626,0
0.34519762,0,0.42763644,0,0.4461973,0
0.3447531,0,0.42801088,0,0.44547924,0
0.3452923,0,0.4271418,0,0.44603437,0
0.34518436,0,0.42758226,0,0.44582963,0
0.3446352,0,0.42795873,0,0.445577,0
0.34463516,0,0.42795873,0,0.44549233,0
0.3452923,0,0.42734808,0,0.4459248,0
0.3445897,0,0.4278756,0,0.44544125,0
0.34504667,0,0.42758933,0,0.44622314,0
0.34479284,0,0.42772228,0,0.44551373,0
0.3452672,0,0.42795128,0,0.44681403,0
0.34502226,0,0.42793667,0,0.44654337,0
0.3452672,0,0.4275284,0,0.44770926,0
0.34481442,0,0.4278932,0,0.44648215,0
0.3448144,0,0.42818156,0,0.44660372,0
0.34481442,0,0.42818162,0,0.44660366,0
0.3450222,0,0.42829934,0,0.44653007,0
0.34543222,0,0.4279986,0,0.44683057,0
0.3448144,0,0.42818156,0,0.44660372,0
0.34526727,0,0.4275284,0,0.44680318,0
0.3452672,0,0.42795128,0,0.44681403,0
0.34502226,0,0.4282993,0,0.44653,0
0.3448144,0,0.42789313,0,0.44721135,0
0.34481442,0,0.4278932,0,0.44648215,0
0.3448144,0,0.42789313,0,0.44648206,0
0.34526727,0,0.42795125,0,0.44681394,0
0.3450222,0,0.42793664,0,0.44654337,0
0.34481442,0,0.4278932,0,0.44648215,0
0.3450222,0,0.42793664,0,0.44723174,0
0.34543222,0,0.4279986,0,0.44683057,0
0.3452672,0,0.42795128,0,0.44681403,0
0.34502226,0,0.4282993,0,0.44653,0
0.3450222,0,0.42829934,0,0.44653007,0
0.34502226,0,0.42793667,0,0.44654337,0
0.34543225,0,0.42799863,0,0.4475246,0
0.34502226,0,0.4282993,0,0.44653,0
0.3448144,0,0.42789313,0,0.44648206,0
0.34502226,0,0.42793667,0,0.44654337,0
0.3452672,0,0.4275284,0,0.4468032,0
0.34543222,0,0.4279986,0,0.44683057,0
0.3448144,0,0.42789313,0,0.44648206,0
0.34502226,0,0.4282993,0,0.4472039,0
0.34528962,0,0.42884693,0,0.44500858,0
0.34498042,0,0.42796063,0,0.44552234,0
0.34528962,0,0.42884693,0,0.44500858,0
0.3452896,0,0.42884696,0,0.44500858,0
0.34498045,0,0.42802814,0,0.44555414,0
0.34498042,0,0.4280281,0,0.4453321,0
0.34498045,0,0.42802814,0,0.44555414,0
0.3452896,0,0.42876935,0,0.44524923,0
0.34505883,0,0.42821893,0,0.44553453,0
0.3450589,0,0.42821023,0,0.44525972,0
0.34528962,0,0.42884693,0,0.4447579,0
0.34498042,0,0.4280281,0,0.44555414,0
0.34505883,0,0.42821023,0,0.44548535,0
0.3450589,0,0.42821896,0,0.44553447,0
0.34505883,0,0.42821893,0,0.445313,0
0.3452896,0,0.42876935,0,0.44524923,0
0.34498045,0,0.4279606,0,0.44564673,0
0.3450589,0,0.42821023,0,0.44548538,0
0.3451815,0,0.42844173,0,0.44512698,0
0.3452896,0,0.42876935,0,0.44524923,0
0.3451815,0,0.42846593,0,0.44517,0
0.34498042,0,0.42796063,0,0.44564676,0
0.34528962,0,0.4287694,0,0.4452492,0
0.34498042,0,0.4280281,0,0.4453321,0
0.3451815,0,0.42846593,0,0.44517,0
0.34498042,0,0.4280281,0,0.44555414,0
0.34505883,0,0.42821023,0,0.4452597,0
0.34498042,0,0.42796063,0,0.44564676,0
0.34505883,0,0.42821023,0,0.44548535,0
0.34518147,0,0.42846587,0,0.44539183,0
0.34498045,0,0.42802814,0,0.44533217,0
0.34498042,0,0.4280281,0,0.4453321,0
0.34383905,0,0.43001944,0,0.4441227,0
0.3451336,0,0.42901415,0,0.44497332,0
0.34463722,0,0.4296074,0,0.44430575,0
0.34463724,0,0.42962834,0,0.44450358,0
0.34463722,0,0.4296074,0,0.4441489,0
0.34471557,0,0.42933172,0,0.4447396,0
0.3451336,0,0.4290836,0,0.4446354,0
0.34383905,0,0.43001944,0,0.44412276,0
0.3447155,0,0.4293317,0,0.44473964,0
0.34471557,0,0.42928037,0,0.44458342,0
0.34383905,0,0.43001944,0,0.4441227,0
0.34463724,0,0.42960742,0,0.44430578,0
0.3447155,0,0.4292804,0,0.44458345,0
0.34471557,0,0.42933172,0,0.4447396,0
0.3447155,0,0.4292804,0,0.44458345,0
0.34383905,0,0.43001944,0,0.4439572,0
0.3451336,0,0.4290836,0,0.4446354,0
0.34463724,0,0.42960742,0,0.44430578,0
0.3447155,0,0.4292804,0,0.44443366,0
0.34463724,0,0.42960742,0,0.44430578,0
0.34383905,0,0.43001944,0,0.4441227,0
0.3451336,0,0.42901415,0,0.44508362,0
0.3451336,0,0.42901415,0,0.4450836,0
0.3451336,0,0.42908368,0,0.44480076,0
0.3451336,0,0.42901415,0,0.4449733,0
0.3451336,0,0.42901415,0,0.44508362,0
0.3447155,0,0.4292804,0,0.44458345,0
0.34463724,0,0.42960742,0,0.44430578,0
0.34383905,0,0.4303498,0,0.44311178,0
0.34463724,0,0.42962834,0,0.44450358,0
0.3447155,0,0.4293317,0,0.44473964,0
0.34463724,0,0.42960742,0,0.4441488,0
0.34481552,0,0.42786768,0,0.44582286,0
0.34463516,0,0.42795873,0,0.44549233,0
0.34510636,0,0.42765468,0,0.44604337,0
0.3445891,0,0.42779744,0,0.4456218,0
0.34464768,0,0.42783758,0,0.44563296,0
0.34529233,0,0.4276114,0,0.44605294,0
0.34458908,0,0.42779738,0,0.44562176,0
0.34510636,0,0.4282119,0,0.44603118,0
0.34468532,0,0.4275103,0,0.44605267,0
0.3445891,0,0.42789042,0,0.44563955,0
0.3451843,0,0.42816094,0,0.445825,0
0.3445891,0,0.42779744,0,0.4455689,0
0.344793,0,0.42781147,0,0.44555795,0
0.34529233,0,0.42772153,0,0.44591546,0
0.34475303,0,0.42785785,0,0.44558895,0
0.345166,0,0.42771688,0,0.4457941,0
0.345166,0,0.42771694,0,0.44573885,0
0.34529233,0,0.4276114,0,0.4470132,0
0.3452923,0,0.42778218,0,0.44591543,0
0.3447531,0,0.42801827,0,0.44602045,0
0.3446352,0,0.42795873,0,0.4454922,0
0.3448156,0,0.42786774,0,0.4457802,0
0.345166,0,0.42748278,0,0.44592535,0
0.3448156,0,0.42764035,0,0.44573942,0
0.34475303,0,0.42785785,0,0.44558895,0
0.34453982,0,0.42824346,0,0.44583482,0
0.34464768,0,0.42795333,0,0.4456143,0
0.34463516,0,0.428078,0,0.4456028,0
0.3451843,0,0.4278596,0,0.44572696,0
0.3448066,0,0.4272545,0,0.4460548,0
0.3452923,0,0.42772156,0,0.44643015,0
0.3448933,0,0.42767558,0,0.44564432,0
0.34543225,0,0.42799863,0,0.44683054,0
0.34481442,0,0.42818162,0,0.44660366,0
0.3450222,0,0.42829934,0,0.44720393,0
0.34526727,0,0.42795125,0,0.44755486,0
0.34543225,0,0.42799863,0,0.44683054,0
0.34543222,0,0.4279986,0,0.4475247,0
0.3448144,0,0.42818156,0,0.44729245,0
0.34526727,0,0.42795125,0,0.44681394,0
0.3448144,0,0.42818156,0,0.44729245,0
0.34502226,0,0.4282993,0,0.44653,0
0.3448144,0,0.42789313,0,0.44648206,0
0.34481442,0,0.42818162,0,0.44729248,0
0.3452672,0,0.42795128,0,0.44681403,0
0.34526727,0,0.4275284,0,0.44680318,0
0.3448144,0,0.42818156,0,0.44660372,0
0.34502226,0,0.42793667,0,0.44654337,0
0.3448144,0,0.42789313,0,0.44648206,0
0.34526727,0,0.4275284,0,0.44680318,0
0.3448144,0,0.42818156,0,0.44729245,0
0.34543222,0,0.4279986,0,0.44683057,0
0.3452672,0,0.42795128,0,0.44755486,0
0.34526727,0,0.4275284,0,0.4477091,0
0.3450222,0,0.42829934,0,0.44653007,0
0.34502226,0,0.42793667,0,0.44654337,0
0.3448144,0,0.42818156,0,0.44729245,0
0.34526727,0,0.42795125,0,0.44755486,0
0.3448144,0,0.42818156,0,0.44660372,0
0.34502226,0,0.42793667,0,0.44654337,0
0.3448144,0,0.42789313,0,0.44648206,0
0.34481442,0,0.4278932,0,0.44648215,0
0.3452672,0,0.42795128,0,0.44681403,0
0.34502226,0,0.42793667,0,0.44723177,0
0.3451815,0,0.42844173,0,0.44535297,0
0.3450589,0,0.42821023,0,0.44525972,0
0.34498045,0,0.4279606,0,0.44564673,0
0.3450589,0,0.42821023,0,0.44525972,0
0.34498045,0,0.4279606,0,0.4455224,0
0.34518147,0,0.42846587,0,0.44517002,0
0.34505883,0,0.42821893,0,0.44553453,0
0.3450589,0,0.42821896,0,0.44553447,0
0.34505883,0,0.42821893,0,0.44553453,0
0.34518147,0,0.42846587,0,0.44517002,0
0.3451815,0,0.42844173,0,0.44535297,0
0.3450589,0,0.42821896,0,0.44531298,0
0.3451815,0,0.42844173,0,0.44535297,0
0.3452896,0,0.42884696,0,0.44500858,0
0.34505883,0,0.42821893,0,0.44553453,0
0.3452896,0,0.42884696,0,0.44500858,0
0.34505883,0,0.42821023,0,0.44548535,0
0.3452896,0,0.42876935,0,0.44524923,0
0.34505883,0,0.42821893,0,0.445313,0
0.34518147,0,0.42846587,0,0.44539183,0
0.34528962,0,0.42884693,0,0.4447579,0
0.3450589,0,0.42821023,0,0.44548538,0
0.34498045,0,0.42802814,0,0.44555414,0
0.34518147,0,0.42846587,0,0.44517002,0
0.34505883,0,0.42821893,0,0.445313,0
0.3452896,0,0.42884696,0,0.44500858,0
0.34528962,0,0.4287694,0,0.4452492,0
0.34498042,0,0.4280281,0,0.44555414,0
0.34505883,0,0.42821893,0,0.44553453,0
0.3450589,0,0.42821023,0,0.44548538,0
0.34528962,0,0.42884693,0,0.44500858,0
0.34498042,0,0.4280281,0,0.4453321,0
0.34463722,0,0.42962837,0,0.44450364,0
0.34383905,0,0.43001944,0,0.4439572,0
0.34463722,0,0.42962837,0,0.4443229,0
0.34471557,0,0.42933172,0,0.44457367,0
0.34463722,0,0.42962837,0,0.4443229,0
0.34463724,0,0.42962834,0,0.4443229,0
0.3447155,0,0.4293317,0,0.44457364,0
0.34471557,0,0.42928037,0,0.44458342,0
0.3447155,0,0.4293317,0,0.44473964,0
0.3451336,0,0.42901415,0,0.44497332,0
0.34463722,0,0.4296074,0,0.44430575,0
0.34471557,0,0.42933172,0,0.44457367,0
0.34463722,0,0.42962837,0,0.44450364,0
0.34383905,0,0.43001944,0,0.4439572,0
0.3451336,0,0.42901415,0,0.4450836,0
0.34383905,0,0.43034977,0,0.44329894,0
0.3451336,0,0.42901415,0,0.4450836,0
0.34463724,0,0.42962834,0,0.4443229,0
0.3447155,0,0.4292804,0,0.44443366,0
0.34463724,0,0.42962834,0,0.44450358,0
0.34383905,0,0.43001944,0,0.4439572,0
0.34471557,0,0.42928037,0,0.44443372,0
0.3451336,0,0.42901415,0,0.4449733,0
0.34463724,0,0.42962834,0,0.44450358,0
0.3447155,0,0.4293317,0,0.44457364,0
0.34471557,0,0.42928037,0,0.44443372,0
0.34463722,0,0.42962837,0,0.44450364,0
0.3451336,0,0.42908368,0,0.44480076,0
0.3451336,0,0.42901415,0,0.4450836,0
0.34471557,0,0.42928037,0,0.44458342,0
0.34383905,0,0.4303498,0,0.44329897,0
0.3451336,0,0.42908368,0,0.4446354,0
0.34475303,0,0.42806014,0,0.44550842,0
0.34519765,0,0.42763638,0,0.44619727,0
0.34481552,0,0.42786768,0,0.44621658,0
0.34468856,0,0.42806464,0,0.44556352,0
0.3446352,0,0.42795873,0,0.445577,0
0.34464768,0,0.42783758,0,0.4459594,0
0.34481552,0,0.42764032,0,0.4458545,0
0.3447531,0,0.42806014,0,0.4456275,0
0.34464768,0,0.42813328,0,0.4461363,0
0.3448933,0,0.427769,0,0.44571325,0
0.34527543,0,0.42781237,0,0.44590735,0
0.34490654,0,0.427696,0,0.44601157,0
0.34519762,0,0.42804986,0,0.4457127,0
0.34463516,0,0.428078,0,0.4456084,0
0.3446352,0,0.42795873,0,0.4454922,0
0.3445891,0,0.42793325,0,0.44563156,0
0.34489334,0,0.42767555,0,0.4456969,0
0.34529233,0,0.42772153,0,0.44591546,0
0.3446352,0,0.42795873,0,0.44545808,0
0.3448933,0,0.42767558,0,0.44602233,0
0.34470475,0,0.4277962,0,0.44553056,0
0.3448156,0,0.4274768,0,0.44584426,0
0.34454596,0,0.42832094,0,0.4452828,0
0.3448156,0,0.42786774,0,0.4458715,0
0.34481552,0,0.42781687,0,0.4459004,0
0.34484437,0,0.4272391,0,0.4459502,0
0.3452672,0,0.42795128,0,0.44681403,0
0.34481442,0,0.42818162,0,0.44660366,0
0.34543225,0,0.42799863,0,0.44683054,0
0.34502226,0,0.4282993,0,0.44653,0
0.3450222,0,0.42829934,0,0.44653007,0
0.34502226,0,0.42793667,0,0.44723177,0
0.3452672,0,0.4275284,0,0.4468032,0
0.34543222,0,0.4279986,0,0.44683057,0
0.3450222,0,0.42793664,0,0.44654337,0
0.34502226,0,0.42793667,0,0.44723177,0
0.3448144,0,0.42818156,0,0.44660372,0
0.34526727,0,0.42795125,0,0.44681394,0
0.3448144,0,0.42789313,0,0.44648206,0
0.34502226,0,0.42793667,0,0.44723177,0
0.3452672,0,0.42795128,0,0.44681403,0
0.34526727,0,0.4275284,0,0.4477091,0
0.3448144,0,0.42789313,0,0.44648206,0
0.34502226,0,0.42793667,0,0.44654337,0
0.3450222,0,0.42829934,0,0.44720393,0
0.34543222,0,0.42771026,0,0.4467043,0
0.3450222,0,0.42829934,0,0.44720393,0
0.34502226,0,0.42793667,0,0.44723177,0
0.3448144,0,0.42818156,0,0.44660372,0
0.34543222,0,0.42771026,0,0.447439,0
0.3452672,0,0.42795128,0,0.44755486,0
0.34502226,0,0.4282993,0,0.4472039,0
0.34505883,0,0.42821893,0,0.445313,0
0.34498042,0,0.42796063,0,0.44552234,0
0.34528962,0,0.42884693,0,0.44500858,0
0.34498042,0,0.42796063,0,0.44564676,0
0.3451815,0,0.42844173,0,0.44535297,0
0.34518147,0,0.42846587,0,0.44539183,0
0.34505883,0,0.42821023,0,0.44548535,0
0.3452896,0,0.42876935,0,0.44502112,0
0.34498045,0,0.42802814,0,0.44555414,0
0.34498042,0,0.4280281,0,0.4453321,0
0.34498045,0,0.4279606,0,0.44564673,0
0.3452896,0,0.42876935,0,0.44524923,0
0.34498045,0,0.42802814,0,0.44555414,0
0.34498042,0,0.4280281,0,0.4453321,0
0.34528962,0,0.42884693,0,0.4447579,0
0.3452896,0,0.42884696,0,0.44475788,0
0.34505883,0,0.42821023,0,0.44548535,0
0.34518147,0,0.42844173,0,0.44535303,0
0.34528962,0,0.4287694,0,0.44502112,0
0.34518147,0,0.42844173,0,0.44512695,0
0.34528962,0,0.42884693,0,0.4447579,0
0.3450589,0,0.42821023,0,0.44548538,0
0.34528962,0,0.4287694,0,0.4452492,0
0.3452896,0,0.42884696,0,0.44500858,0
0.34528962,0,0.42884693,0,0.44500858,0
0.3450589,0,0.42821896,0,0.44553447,0
0.34383905,0,0.43001944,0,0.4439572,0
0.34471557,0,0.42928037,0,0.44458342,0
0.34383905,0,0.4303498,0,0.44329897,0
0.34471557,0,0.42933172,0,0.4447396,0
0.3451336,0,0.42901415,0,0.4450836,0
0.3451336,0,0.42908368,0,0.4446354,0
0.34383905,0,0.4303498,0,0.44329897,0
0.34471557,0,0.42933172,0,0.4447396,0
0.3451336,0,0.4290836,0,0.44480082,0
0.3451336,0,0.42908368,0,0.4446354,0
0.3451336,0,0.42901415,0,0.4449733,0
0.34383905,0,0.43001944,0,0.44412276,0
0.34383905,0,0.43001944,0,0.4441227,0
0.3451336,0,0.42908368,0,0.4446354,0
0.34383905,0,0.4303498,0,0.44329897,0
0.34383905,0,0.43034977,0,0.4431118,0
0.3447155,0,0.4293317,0,0.44473964,0
0.34463724,0,0.42960742,0,0.44430578,0
0.34463722,0,0.42962837,0,0.44450364,0
0.34463724,0,0.42962834,0,0.44450358,0
0.3451336,0,0.42901415,0,0.4450836,0
0.34471557,0,0.42928037,0,0.44443372,0
0.34383905,0,0.4303498,0,0.44329897,0
0.34471557,0,0.42928037,0,0.44443372,0
0.34383905,0,0.43001944,0,0.4441227,0
0.34463724,0,0.42960742,0,0.44430578,0
0.3452923,0,0.42772156,0,0.44592687,0
0.34519765,0,0.4274861,0,0.44622797,0
0.34481552,0,0.42764032,0,0.4458545,0
0.34519765,0,0.42795125,0,0.44617572,0
0.34469458,0,0.42807907,0,0.44581035,0
0.34490654,0,0.4274193,0,0.44583744,0
0.3452923,0,0.4271418,0,0.44603437,0
0.3447531,0,0.42806014,0,0.44609073,0
0.34475303,0,0.42806014,0,0.44562757,0
0.34463516,0,0.428078,0,0.4458662,0
0.34481552,0,0.42790452,0,0.445657,0
0.3448933,0,0.42760098,0,0.44569352,0
0.34475303,0,0.42806014,0,0.44554198,0
0.34463516,0,0.42817333,0,0.4454892,0
0.34508696,0,0.42745468,0,0.4458966,0
0.3445891,0,0.42772812,0,0.44561902,0
0.34508696,0,0.4277658,0,0.44583508,0
0.34529233,0,0.42734808,0,0.44607165,0
0.3446352,0,0.42795873,0,0.44603816,0
0.34529233,0,0.42772153,0,0.446039,0
0.34469458,0,0.42804432,0,0.44602138,0
0.3448156,0,0.42764035,0,0.44573942,0
0.345166,0,0.4272587,0,0.4459207,0
0.3447531,0,0.42806014,0,0.4455419,0
0.3452923,0,0.42734808,0,0.44598678,0
0.3448156,0,0.42786774,0,0.4457802,0
0.345166,0,0.42776436,0,0.44568568,0
0.3447531,0,0.42806014,0,0.4455419,0
0.3446352,0,0.42795873,0,0.445577,0
0.3445891,0,0.42793325,0,0.44564325,0
0.34475303,0,0.42785785,0,0.44549593,0
0.344728,0,0.42816567,0,0.44555354,0
0.3448144,0,0.42818156,0,0.44660372,0
0.34543222,0,0.4279986,0,0.44683057,0
0.34543225,0,0.42771018,0,0.4467043,0
0.34481442,0,0.4278932,0,0.44721138,0
0.3448144,0,0.42789313,0,0.44648206,0
0.34481442,0,0.42818162,0,0.44660366,0
0.34543225,0,0.42771018,0,0.4467043,0
0.34543222,0,0.4279986,0,0.44683057,0
0.3448144,0,0.42789313,0,0.44721135,0
0.34526727,0,0.4275284,0,0.44680318,0
0.3450222,0,0.42829934,0,0.44653007,0
0.34543222,0,0.42771026,0,0.447439,0
0.3450222,0,0.42793664,0,0.44654337,0
0.34481442,0,0.42818162,0,0.44660366,0
0.3450222,0,0.42793664,0,0.44723174,0
0.34481442,0,0.42818162,0,0.44729248,0
0.3450222,0,0.42829934,0,0.44653007,0
0.34543222,0,0.4279986,0,0.44683057,0
0.3450222,0,0.42793664,0,0.44723174,0
0.34481442,0,0.42818162,0,0.44729248,0
0.3450222,0,0.42829934,0,0.44653007,0
0.34543222,0,0.42771026,0,0.447439,0
0.34543225,0,0.42799863,0,0.4475246,0
0.34502226,0,0.4282993,0,0.44653,0
0.34543225,0,0.42771018,0,0.4467043,0
0.34526727,0,0.42795125,0,0.44681394,0
0.3452672,0,0.4275284,0,0.44770926,0
0.34481442,0,0.42818162,0,0.44660366,0
0.3450222,0,0.42793664,0,0.44654337,0
0.34543222,0,0.4279986,0,0.4475247,0
0.34543225,0,0.42799863,0,0.44683054,0
0.34543222,0,0.4279986,0,0.4475247,0
0.34528962,0,0.4287694,0,0.4452492,0
0.34518147,0,0.42846587,0,0.44539183,0
0.3451815,0,0.42844173,0,0.44535297,0
0.3450589,0,0.42821023,0,0.44525972,0
0.34498045,0,0.4279606,0,0.4455224,0
0.34498042,0,0.42796063,0,0.44564676,0
0.3451815,0,0.42844173,0,0.44535297,0
0.34518147,0,0.42844173,0,0.44535303,0
0.34505883,0,0.42821893,0,0.44553453,0
0.3452896,0,0.42876935,0,0.44524923,0
0.34498045,0,0.42802814,0,0.44555414,0
0.3450589,0,0.42821023,0,0.44525972,0
0.34498045,0,0.4279606,0,0.44564673,0
0.34498042,0,0.4280281,0,0.4453321,0
0.34505883,0,0.42821023,0,0.4452597,0
0.3452896,0,0.42876935,0,0.44502112,0
0.34505883,0,0.42821893,0,0.44553453,0
0.3452896,0,0.42876935,0,0.44502112,0
0.34498045,0,0.42802814,0,0.44533217,0
0.3450589,0,0.42821023,0,0.44525972,0
0.34505883,0,0.42821893,0,0.44553453,0
0.34518147,0,0.42844173,0,0.44512695,0
0.3451815,0,0.42846593,0,0.4453918,0
0.3450589,0,0.42821896,0,0.44553447,0
0.34498045,0,0.42802814,0,0.44555414,0
0.34498042,0,0.4280281,0,0.44555414,0
0.34528962,0,0.42884693,0,0.4447579,0
0.34498042,0,0.4280281,0,0.44555414,0
0.34498045,0,0.42802814,0,0.44555414,0
0.34518147,0,0.42846587,0,0.44517002,0
0.3451815,0,0.42846593,0,0.4453918,0
0.3452896,0,0.42876935,0,0.44524923,0
0.34383905,0,0.43001944,0,0.4439572,0
0.34463724,0,0.42960742,0,0.44430578,0
0.34463722,0,0.4296074,0,0.44430575,0
0.34471557,0,0.42928037,0,0.44443372,0
0.3451336,0,0.4290836,0,0.4446354,0
0.3451336,0,0.42901415,0,0.44497332,0
0.3451336,0,0.4290836,0,0.44480082,0
0.34463724,0,0.42960742,0,0.4441488,0
0.3451336,0,0.42901415,0,0.4449733,0
0.34383905,0,0.43001944,0,0.44412276,0
0.3447155,0,0.4293317,0,0.44473964,0
0.34383905,0,0.43034977,0,0.4431118,0
0.3451336,0,0.42901415,0,0.4449733,0
0.34471557,0,0.42933172,0,0.44457367,0
0.3447155,0,0.4292804,0,0.44443366,0
0.34471557,0,0.42933172,0,0.44457367,0
0.3451336,0,0.42901415,0,0.4450836,0
0.34463724,0,0.42962834,0,0.4443229,0
0.3451336,0,0.42901415,0,0.4449733,0
0.34471557,0,0.42928037,0,0.44443372,0
0.3447155,0,0.4293317,0,0.44473964,0
0.34463724,0,0.42962834,0,0.4443229,0
0.3451336,0,0.42901415,0,0.4449733,0
0.34463724,0,0.42962834,0,0.44450358,0
0.34463722,0,0.42962837,0,0.4443229,0
0.3451336,0,0.42901415,0,0.44508362,0
0.34383905,0,0.4303498,0,0.44329897,0
0.34463724,0,0.42962834,0,0.44450358,0
0.3451336,0,0.4290836,0,0.44480082,0
0.34463724,0,0.42960742,0,0.4441488,0
0.34463722,0,0.4296074,0,0.44430575,0
0.34383905,0,0.43001944,0,0.44412276,0
0.34446222,0,0.4283119,0,0.4453755,0
0.34527537,0,0.42781243,0,0.4459998,0
0.34481552,0,0.42781687,0,0.44582096,0
0.34519765,0,0.42795125,0,0.44679767,0
0.34446222,0,0.42801663,0,0.4454109,0
0.34519765,0,0.42763638,0,0.44619727,0
0.34519762,0,0.42795125,0,0.44607672,0
0.3448933,0,0.42767558,0,0.44564432,0
0.3446352,0,0.42795873,0,0.445577,0
0.3446822,0,0.42801028,0,0.4457463,0
0.34480664,0,0.4271124,0,0.44611335,0
0.34468856,0,0.42792097,0,0.44603613,0
0.3452923,0,0.42734808,0,0.44607162,0
0.34527537,0,0.4278949,0,0.44587153,0
0.34468532,0,0.42773172,0,0.44593108,0
0.3447531,0,0.4278579,0,0.44548178,0
0.34481552,0,0.42781687,0,0.44630256,0
0.3445891,0,0.42772812,0,0.44562134,0
0.34489334,0,0.4278178,0,0.445684,0
0.3447531,0,0.4278579,0,0.44548178,0
0.34481552,0,0.42786768,0,0.44582286,0
0.3445891,0,0.42779744,0,0.4456218,0
0.34453985,0,0.42808077,0,0.44630486,0
0.345166,0,0.42771688,0,0.4457941,0
0.34489334,0,0.42767555,0,0.44564432,0
0.3448066,0,0.42759305,0,0.4459068,0
0.34475303,0,0.42785785,0,0.44558895,0
0.34529233,0,0.42734808,0,0.44607165,0
0.3452923,0,0.42734808,0,0.44607162,0
0.34469458,0,0.42784593,0,0.44600937,0
0.3451843,0,0.42815703,0,0.4459088,0
0.34464768,0,0.42795333,0,0.4456143,0
0.34543225,0,0.42799863,0,0.4475246,0
0.34526727,0,0.4275284,0,0.4477091,0
0.3450222,0,0.42793664,0,0.44654337,0
0.34526727,0,0.4275284,0,0.44680318,0
0.3450222,0,0.42829934,0,0.44653007,0
0.34481442,0,0.42818162,0,0.44729248,0
0.3450222,0,0.42829934,0,0.44653007,0
0.34502226,0,0.4282993,0,0.44653,0
0.3448144,0,0.42789313,0,0.44721135,0
0.34502226,0,0.4282993,0,0.44653,0
0.3450222,0,0.42829934,0,0.44653007,0
0.34502226,0,0.4282993,0,0.44653,0
0.3450222,0,0.42829934,0,0.44720393,0
0.34502226,0,0.4282993,0,0.44653,0
0.34543225,0,0.42799863,0,0.44683054,0
0.34502226,0,0.4282993,0,0.4472039,0
0.3450222,0,0.42829934,0,0.44653007,0
0.34502226,0,0.4282993,0,0.44653,0
0.3448144,0,0.42818156,0,0.44660372,0
0.34502226,0,0.42793667,0,0.44723177,0
0.34543225,0,0.42771018,0,0.44743893,0
0.34502226,0,0.42793667,0,0.44654337,0
0.3450222,0,0.42829934,0,0.44653007,0
0.34502226,0,0.4282993,0,0.44653,0
0.3452672,0,0.4275284,0,0.4468032,0
0.34481442,0,0.4278932,0,0.44648215,0
0.3450222,0,0.42829934,0,0.44720393,0
0.34526727,0,0.42795125,0,0.44681394,0
0.3452672,0,0.42795128,0,0.44681403,0
0.34481442,0,0.42818162,0,0.44660366,0
0.3450222,0,0.42829934,0,0.44653007,0
0.34481442,0,0.42818162,0,0.44729248,0
0.3451815,0,0.42846593,0,0.44517,0
0.3450589,0,0.42821896,0,0.44531298,0
0.34498045,0,0.42802814,0,0.44533217,0
0.3452896,0,0.42884696,0,0.44475788,0
0.34505883,0,0.42821893,0,0.44553453,0
0.3450589,0,0.42821896,0,0.44531298,0
0.34498045,0,0.4279606,0,0.44564673,0
0.34498042,0,0.42796063,0,0.44564676,0
0.34528962,0,0.4287694,0,0.44502112,0
0.34498042,0,0.42796063,0,0.44564676,0
0.3451815,0,0.42844173,0,0.44512698,0
0.3450589,0,0.42821896,0,0.44553447,0
0.3451815,0,0.42846593,0,0.44517,0
0.34518147,0,0.42844173,0,0.44535303,0
0.3451815,0,0.42846593,0,0.4453918,0
0.34498042,0,0.42796063,0,0.44552234,0
0.34505883,0,0.42821893,0,0.44553453,0
0.34498042,0,0.4280281,0,0.4453321,0
0.34505883,0,0.42821893,0,0.44553453,0
0.34498042,0,0.4280281,0,0.4453321,0
0.3451815,0,0.42844173,0,0.44535297,0
0.34518147,0,0.42846587,0,0.44539183,0
0.3451815,0,0.42844173,0,0.44535297,0
0.34518147,0,0.42846587,0,0.44539183,0
0.34505883,0,0.42821023,0,0.44548535,0
0.3452896,0,0.42884696,0,0.44500858,0
0.34528962,0,0.42884693,0,0.4447579,0
0.3452896,0,0.42876935,0,0.44502112,0
0.3451815,0,0.42846593,0,0.4453918,0
0.3450589,0,0.42821896,0,0.44531298,0
0.3451815,0,0.42846593,0,0.44517,0
0.3450589,0,0.42821023,0,0.44525972,0
0.34463722,0,0.42962837,0,0.4443229,0
0.34471557,0,0.42928037,0,0.44443372,0
0.3451336,0,0.4290836,0,0.44480082,0
0.34383905,0,0.43034977,0,0.4431118,0
0.3451336,0,0.4290836,0,0.44480082,0
0.34471557,0,0.42933172,0,0.44457367,0
0.3451336,0,0.42901415,0,0.4450836,0
0.3451336,0,0.42901415,0,0.44508362,0
0.3447155,0,0.4293317,0,0.44457364,0
0.3451336,0,0.42901415,0,0.44508362,0
0.3451336,0,0.42901415,0,0.4450836,0
0.3451336,0,0.42901415,0,0.44497332,0
0.3451336,0,0.42901415,0,0.4449733,0
0.34463724,0,0.42962834,0,0.44450358,0
0.34463722,0,0.42962837,0,0.4443229,0
0.3451336,0,0.42901415,0,0.44497332,0
0.3447155,0,0.4293317,0,0.44473964,0
0.3451336,0,0.42901415,0,0.44508362,0
0.34383905,0,0.43001944,0,0.4441227,0
0.3451336,0,0.42908368,0,0.4446354,0
0.34463722,0,0.4296074,0,0.4441489,0
0.34463724,0,0.42960742,0,0.44430578,0
0.3451336,0,0.42901415,0,0.4450836,0
0.3451336,0,0.42901415,0,0.44508362,0
0.34383905,0,0.43001944,0,0.4441227,0
0.34383905,0,0.43034977,0,0.44329894,0
0.34383905,0,0.43001944,0,0.4441227,0
0.34383905,0,0.43034977,0,0.44329894,0
0.34383905,0,0.43001944,0,0.4441227,0
0.34383905,0,0.43034977,0,0.44329894,0
0.34383905,0,0.43001944,0,0.4441227,0
0.34383905,0,0.43001944,0,0.4439572,0
0.34480664,0,0.42725453,0,0.44593462,0
0.3445891,0,0.42793325,0,0.44563156,0
0.34489334,0,0.42760104,0,0.44570115,0
0.34463516,0,0.42795873,0,0.44549233,0
0.3452923,0,0.42734808,0,0.4459248,0
0.34464768,0,0.42816824,0,0.44556093,0
0.34468848,0,0.4282065,0,0.44573247,0
0.34463516,0,0.42811197,0,0.44558132,0
0.34464768,0,0.42795333,0,0.4454952,0
0.3448066,0,0.42759305,0,0.44596615,0
0.34468222,0,0.42783543,0,0.4462856,0
0.3445897,0,0.4282875,0,0.44533747,0
0.3446352,0,0.42817336,0,0.4454892,0
0.34469458,0,0.42804435,0,0.4460214,0
0.34458974,0,0.42828754,0,0.4453375,0
0.34447932,0,0.4282508,0,0.4454779,0
0.34490648,0,0.42741796,0,0.44584763,0
0.3448156,0,0.42786774,0,0.44582286,0
0.34475303,0,0.42806014,0,0.44562757,0
0.3448066,0,0.42759305,0,0.4459068,0
0.3446352,0,0.42817336,0,0.44578937,0
0.3444622,0,0.42801657,0,0.44544408,0
0.34464768,0,0.42813328,0,0.44565892,0
0.34463516,0,0.42795873,0,0.44549233,0
0.34475303,0,0.42785785,0,0.44558895,0
0.34463516,0,0.42795873,0,0.44553623,0
0.34490648,0,0.42741928,0,0.44583744,0
0.34463516,0,0.428078,0,0.4455854,0
0.34494266,0,0.42827398,0,0.4465615,0
0.3444622,0,0.42831156,0,0.44540915,0
0.3451843,0,0.4278596,0,0.44585243,0
0.34529233,0,0.42734808,0,0.44607165,0
0.3448144,0,0.42818156,0,0.44660372,0
0.34502226,0,0.4282993,0,0.44653,0
0.3452672,0,0.42795128,0,0.44681403,0
0.34481442,0,0.42818162,0,0.44660366,0
0.3450222,0,0.42793664,0,0.44723174,0
0.34526727,0,0.4275284,0,0.44680318,0
0.3448144,0,0.42818156,0,0.44660372,0
0.34481442,0,0.4278932,0,0.44648215,0
0.3448144,0,0.42818156,0,0.44660372,0
0.34502226,0,0.4282993,0,0.44653,0
0.3452672,0,0.4275284,0,0.4468032,0
0.34502226,0,0.4282993,0,0.44653,0
0.3448144,0,0.42789313,0,0.44648206,0
0.34526727,0,0.42795125,0,0.44681394,0
0.3452672,0,0.42795128,0,0.44755486,0
0.34502226,0,0.4282993,0,0.44653,0
0.3450222,0,0.42829934,0,0.44720393,0
0.34502226,0,0.4282993,0,0.4472039,0
0.3452672,0,0.42795128,0,0.44681403,0
0.34502226,0,0.4282993,0,0.44653,0
0.34543225,0,0.42799863,0,0.4475246,0
0.34481442,0,0.42818162,0,0.44729248,0
0.3450222,0,0.42793664,0,0.44654337,0
0.34481442,0,0.4278932,0,0.44721138,0
0.3452672,0,0.42795128,0,0.44681403,0
0.34502226,0,0.4282993,0,0.4472039,0
0.3448144,0,0.42818156,0,0.44660372,0
0.34502226,0,0.42793667,0,0.44654337,0
0.34543225,0,0.42799863,0,0.4475246,0
0.34526727,0,0.4275284,0,0.44680318,0
0.34543225,0,0.42799863,0,0.4475246,0
0.34481442,0,0.42818162,0,0.44660366,0
0.34505883,0,0.42821023,0,0.44548535,0
0.34498042,0,0.4280281,0,0.44555414,0
0.34505883,0,0.42821893,0,0.445313,0
0.3450589,0,0.42821896,0,0.44553447,0
0.3451815,0,0.42844173,0,0.44512698,0
0.3450589,0,0.42821023,0,0.44525972,0
0.34505883,0,0.42821023,0,0.4452597,0
0.3452896,0,0.42884696,0,0.44475788,0
0.3451815,0,0.42846593,0,0.4453918,0
0.34498042,0,0.4280281,0,0.4453321,0
0.3451815,0,0.42844173,0,0.44512698,0
0.34518147,0,0.42846587,0,0.44517002,0
0.34498045,0,0.42802814,0,0.44555414,0
0.34498042,0,0.42796063,0,0.44552234,0
0.34528962,0,0.42884693,0,0.4447579,0
0.34498042,0,0.42796063,0,0.44564676,0
0.34498045,0,0.4279606,0,0.4455224,0
0.34498042,0,0.42796063,0,0.44552234,0
0.34505883,0,0.42821893,0,0.445313,0
0.34498042,0,0.42796063,0,0.44564676,0
0.34528962,0,0.42884693,0,0.4447579,0
0.3450589,0,0.42821896,0,0.44531298,0
0.34498045,0,0.4279606,0,0.44564673,0
0.3450589,0,0.42821023,0,0.44548538,0
0.34505883,0,0.42821893,0,0.445313,0
0.34498042,0,0.42796063,0,0.44564676,0
0.34528962,0,0.4287694,0,0.4452492,0
0.34498042,0,0.4280281,0,0.4453321,0
0.3451815,0,0.42846593,0,0.44517,0
0.3452896,0,0.42884696,0,0.44475788,0
0.34528962,0,0.4287694,0,0.4452492,0
0.3452896,0,0.42876935,0,0.44524923,0
0.3447155,0,0.4293317,0,0.44473964,0
0.3451336,0,0.42908368,0,0.44480076,0
0.34383905,0,0.43001944,0,0.4439572,0
0.34471557,0,0.42933172,0,0.4447396,0
0.3451336,0,0.4290836,0,0.44480082,0
0.34471557,0,0.42933172,0,0.4447396,0
0.3451336,0,0.4290836,0,0.4446354,0
0.34471557,0,0.42933172,0,0.4447396,0
0.34463722,0,0.42962837,0,0.44450364,0
0.3451336,0,0.42901415,0,0.44497332,0
0.34463722,0,0.42962837,0,0.4443229,0
0.3451336,0,0.42908368,0,0.44480076,0
0.3447155,0,0.4293317,0,0.44473964,0
0.34471557,0,0.42933172,0,0.44457367,0
0.34463722,0,0.4296074,0,0.44430575,0
0.3451336,0,0.42908368,0,0.44480076,0
0.3451336,0,0.42901415,0,0.4449733,0
0.3451336,0,0.42901415,0,0.44508362,0
0.3447155,0,0.4293317,0,0.44473964,0
0.3451336,0,0.42901415,0,0.44508362,0
0.34383905,0,0.4303498,0,0.44329897,0
0.34383905,0,0.43034977,0,0.44329894,0
0.3451336,0,0.42901415,0,0.4450836,0
0.34471557,0,0.42928037,0,0.44458342,0
0.34383905,0,0.43001944,0,0.4439572,0
0.34463724,0,0.42960742,0,0.44430578,0
0.34383905,0,0.4303498,0,0.44329897,0
0.3451336,0,0.42908368,0,0.44480076,0
0.34463722,0,0.42962837,0,0.4443229,0
0.34383905,0,0.43034977,0,0.44329894,0
0.34463722,0,0.42962837,0,0.44450364,0
0.34471557,0,0.42933172,0,0.44457367,0
0.3452923,0,0.4276115,0,0.44608992,0
0.3451091,0,0.42797813,0,0.44682896,0
0.3452923,0,0.42772156,0,0.44592687,0
0.34529233,0,0.42772153,0,0.446039,0
0.3446352,0,0.42795873,0,0.445577,0
0.34463516,0,0.428078,0,0.4456084,0
0.34527543,0,0.42803758,0,0.4460387,0
0.3448066,0,0.42734602,0,0.4460334,0
0.34469458,0,0.42772827,0,0.44601014,0
0.34527537,0,0.42748117,0,0.44606566,0
0.345166,0,0.42748278,0,0.44592535,0
0.3448066,0,0.42759305,0,0.4459068,0
0.34475303,0,0.42785785,0,0.44548184,0
0.34468535,0,0.4275103,0,0.4460527,0
0.3446352,0,0.42807794,0,0.44560832,0
0.34529233,0,0.4276114,0,0.44605294,0
0.3452923,0,0.42734808,0,0.4466915,0
0.344546,0,0.4282391,0,0.4454471,0
0.34519762,0,0.42795125,0,0.44604102,0
0.3448933,0,0.427769,0,0.44571325,0
0.34475303,0,0.42801827,0,0.44554788,0
0.34529233,0,0.42772153,0,0.44643006,0
0.34475303,0,0.42801827,0,0.44563553,0
0.3445891,0,0.42772812,0,0.44561902,0
0.34469458,0,0.42772827,0,0.44602263,0
0.34468535,0,0.4274912,0,0.4460996,0
0.3451843,0,0.4278596,0,0.44585243,0
0.34447932,0,0.42814273,0,0.44539967,0
0.34475303,0,0.42785785,0,0.44548184,0
0.3447531,0,0.42806014,0,0.4456275,0
0.34475303,0,0.42806014,0,0.44595954,0
0.34463516,0,0.4278167,0,0.44596806,0
0.3452672,0,0.42795128,0,0.44681403,0
0.34502226,0,0.42793667,0,0.44654337,0
0.3450222,0,0.42829934,0,0.44653007,0
0.34543222,0,0.4279986,0,0.44683057,0
0.3450222,0,0.42829934,0,0.44720393,0
0.34543222,0,0.4279986,0,0.44683057,0
0.3450222,0,0.42829934,0,0.44720393,0
0.34502226,0,0.4282993,0,0.44653,0
0.3450222,0,0.42829934,0,0.44653007,0
0.34502226,0,0.42793667,0,0.44654337,0
0.3448144,0,0.42818156,0,0.44660372,0
0.34543222,0,0.4279986,0,0.4475247,0
0.34543225,0,0.42799863,0,0.4475246,0
0.34526727,0,0.42795125,0,0.44681394,0
0.3448144,0,0.42789313,0,0.44721135,0
0.34502226,0,0.4282993,0,0.44653,0
0.3452672,0,0.42795128,0,0.44755486,0
0.34543222,0,0.42771026,0,0.4467043,0
0.3452672,0,0.42795128,0,0.44755486,0
0.34481442,0,0.4278932,0,0.44648215,0
0.3450222,0,0.42829934,0,0.44720393,0
0.34526727,0,0.42795125,0,0.44681394,0
0.34543225,0,0.42799863,0,0.4475246,0
0.34502226,0,0.4282993,0,0.44653,0
0.3450222,0,0.42793664,0,0.44654337,0
0.34543222,0,0.42771026,0,0.447439,0
0.34543225,0,0.42799863,0,0.44683054,0
0.34502226,0,0.4282993,0,0.44653,0
0.34543225,0,0.42771018,0,0.44743893,0
0.34481442,0,0.42818162,0,0.44729248,0
0.34543225,0,0.42799863,0,0.44683054,0
0.34502226,0,0.4282993,0,0.4472039,0
0.3451815,0,0.42844173,0,0.44512698,0
0.34498042,0,0.4280281,0,0.44555414,0
0.34505883,0,0.42821023,0,0.44548535,0
0.34518147,0,0.42846587,0,0.44539183,0
0.3451815,0,0.42846593,0,0.44517,0
0.34518147,0,0.42846587,0,0.44539183,0
0.34498045,0,0.4279606,0,0.4455224,0
0.34518147,0,0.42846587,0,0.44539183,0
0.34498045,0,0.42802814,0,0.44555414,0
0.34498042,0,0.4280281,0,0.4453321,0
0.34505883,0,0.42821023,0,0.44548535,0
0.3452896,0,0.42876935,0,0.44502112,0
0.3451815,0,0.42844173,0,0.44512698,0
0.34518147,0,0.42846587,0,0.44539183,0
0.34528962,0,0.42884693,0,0.4447579,0
0.34498042,0,0.4280281,0,0.4453321,0
0.34528962,0,0.4287694,0,0.44502112,0
0.34498042,0,0.42796063,0,0.44564676,0
0.34528962,0,0.4287694,0,0.44502112,0
0.3450589,0,0.42821023,0,0.44548538,0
0.34498045,0,0.4279606,0,0.4455224,0
0.3452896,0,0.42876935,0,0.44524923,0
0.34528962,0,0.4287694,0,0.44502112,0
0.34498042,0,0.4280281,0,0.44555414,0
0.34505883,0,0.42821023,0,0.44548535,0
0.34498042,0,0.4280281,0,0.4453321,0
0.34498045,0,0.4279606,0,0.4455224,0
0.34498042,0,0.42796063,0,0.44564676,0
0.34505883,0,0.42821893,0,0.445313,0
0.3450589,0,0.42821896,0,0.44531298,0
0.34528962,0,0.42884693,0,0.44500858,0
0.3450589,0,0.42821896,0,0.44531298,0
0.34463722,0,0.42962837,0,0.44450364,0
0.3451336,0,0.42901415,0,0.44508362,0
0.3447155,0,0.4292804,0,0.44458345,0
0.34383905,0,0.43001944,0,0.44412276,0
0.3451336,0,0.42901415,0,0.4449733,0
0.34463724,0,0.42962834,0,0.4443229,0
0.34383905,0,0.43001944,0,0.4441227,0
0.34383905,0,0.43001944,0,0.44412276,0
0.3447155,0,0.4293317,0,0.44457364,0
0.3451336,0,0.42908368,0,0.44480076,0
0.3447155,0,0.4293317,0,0.44457364,0
0.34383905,0,0.43034977,0,0.4431118,0
0.34383905,0,0.43001944,0,0.4439572,0
0.34463724,0,0.42962834,0,0.44450358,0
0.3447155,0,0.4292804,0,0.44443366,0
0.3451336,0,0.42908368,0,0.4446354,0
0.3451336,0,0.4290836,0,0.4446354,0
0.34463724,0,0.42962834,0,0.4443229,0
0.3451336,0,0.42901415,0,0.4449733,0
0.3451336,0,0.42908368,0,0.44480076,0
0.3451336,0,0.42901415,0,0.4449733,0
0.34383905,0,0.43001944,0,0.44412276,0
0.3451336,0,0.42901415,0,0.4450836,0
0.3451336,0,0.42901415,0,0.44508362,0
0.3447155,0,0.4293317,0,0.44473964,0
0.3451336,0,0.42901415,0,0.44508362,0
0.3451336,0,0.42901415,0,0.4449733,0
0.3451336,0,0.42908368,0,0.44480076,0
0.3447155,0,0.4293317,0,0.44457364,0
0.34471557,0,0.42933172,0,0.4447396,0
0.34463722,0,0.42962837,0,0.44450364,0
0.34463724,0,0.42960742,0,0.4441488,0
0.34480664,0,0.42759296,0,0.445916,0
0.34447932,0,0.42796052,0,0.44586623,0
0.3446352,0,0.42817336,0,0.4459082,0
0.3447531,0,0.4278579,0,0.44548178,0
0.3446723,0,0.42790475,0,0.44568998,0
0.3448156,0,0.4278169,0,0.44580325,0
0.3446352,0,0.42795873,0,0.4454922,0
0.34464768,0,0.42816824,0,0.44562,0
0.34468856,0,0.4282511,0,0.44567326,0
0.3448933,0,0.427769,0,0.44571325,0
0.3451843,0,0.42816094,0,0.4457317,0
0.34463516,0,0.42795873,0,0.44553623,0
0.34475303,0,0.42785785,0,0.44548184,0
0.34490654,0,0.4274193,0,0.44574305,0
0.34475303,0,0.42785785,0,0.44539085,0
0.3448066,0,0.4272545,0,0.44647935,0
0.34475303,0,0.42801827,0,0.44563553,0
0.3448156,0,0.42786774,0,0.4462166,0
0.3452923,0,0.4271418,0,0.44659144,0
0.34529233,0,0.42714185,0,0.44603437,0
0.34475303,0,0.42785785,0,0.44548184,0
0.3447531,0,0.42806014,0,0.4456275,0
0.34458974,0,0.42806983,0,0.44540298,0
0.34468535,0,0.4278212,0,0.44603002,0
0.34458908,0,0.42779738,0,0.44562176,0
0.34518436,0,0.4278596,0,0.44572702,0
0.3446352,0,0.42781657,0,0.44562075,0
0.3448156,0,0.4274768,0,0.44623804,0
0.34464768,0,0.42795333,0,0.4459992,0
0.3448156,0,0.4274768,0,0.44589144,0
0.34470475,0,0.4277962,0,0.44559574,0
0.34474978,0,0.42772055,0,0.4458564,0
0.3450222,0,0.42793664,0,0.44654337,0
0.34526727,0,0.42795125,0,0.44681394,0
0.3450222,0,0.42793664,0,0.44654337,0
0.34481442,0,0.42818162,0,0.44660366,0
0.34543225,0,0.42799863,0,0.4475246,0
0.34543222,0,0.4279986,0,0.4475247,0
0.3452672,0,0.42795128,0,0.44681403,0
0.34502226,0,0.42793667,0,0.44654337,0
0.3448144,0,0.42789313,0,0.44648206,0
0.34526727,0,0.42795125,0,0.44755486,0
0.3452672,0,0.4275284,0,0.44770926,0
0.34502226,0,0.42793667,0,0.44654337,0
0.3448144,0,0.42818156,0,0.44660372,0
0.34526727,0,0.4275284,0,0.4477091,0
0.3448144,0,0.42818156,0,0.44660372,0
0.34543222,0,0.4279986,0,0.4475247,0
0.3452672,0,0.4275284,0,0.44770926,0
0.34543222,0,0.4279986,0,0.44683057,0
0.34543225,0,0.42799863,0,0.44683054,0
0.34502226,0,0.4282993,0,0.44653,0
0.3450222,0,0.42793664,0,0.44654337,0
0.34502226,0,0.4282993,0,0.44653,0
0.34543225,0,0.42799863,0,0.4475246,0
0.34543222,0,0.42771026,0,0.4467043,0
0.3452672,0,0.42795128,0,0.44681403,0
0.34502226,0,0.4282993,0,0.44653,0
0.34543225,0,0.42771018,0,0.4467043,0
0.34502226,0,0.4282993,0,0.4472039,0
0.3452672,0,0.4275284,0,0.4468032,0
0.34502226,0,0.4282993,0,0.4472039,0
0.34543225,0,0.42799863,0,0.4475246,0
0.34502226,0,0.4282993,0,0.4472039,0
0.3451815,0,0.42846593,0,0.44517,0
0.3452896,0,0.42876935,0,0.44524923,0
0.34498045,0,0.4279606,0,0.4455224,0
0.3450589,0,0.42821896,0,0.44553447,0
0.3451815,0,0.42844173,0,0.44512698,0
0.34518147,0,0.42844173,0,0.44512695,0
0.34528962,0,0.42884693,0,0.44500858,0
0.34498042,0,0.4280281,0,0.44555414,0
0.34528962,0,0.42884693,0,0.4447579,0
0.3452896,0,0.42884696,0,0.44475788,0
0.34505883,0,0.42821023,0,0.4452597,0
0.3450589,0,0.42821023,0,0.44548538,0
0.34528962,0,0.42884693,0,0.44500858,0
0.34518147,0,0.42844173,0,0.44512695,0
0.34498045,0,0.4279606,0,0.4455224,0
0.3452896,0,0.42884696,0,0.44475788,0
0.34505883,0,0.42821893,0,0.44553453,0
0.3452896,0,0.42876935,0,0.44524923,0
0.34498045,0,0.4279606,0,0.4455224,0
0.34498042,0,0.4280281,0,0.44555414,0
0.34528962,0,0.42884693,0,0.44500858,0
0.34498042,0,0.4280281,0,0.44555414,0
0.3451815,0,0.42844173,0,0.44512698,0
0.34498042,0,0.4280281,0,0.4453321,0
0.3451815,0,0.42846593,0,0.4453918,0
0.3452896,0,0.42876935,0,0.44524923,0
0.3451815,0,0.42844173,0,0.44512698,0
0.34498042,0,0.4280281,0,0.44555414,0
0.34528962,0,0.42884693,0,0.44500858,0
0.3450589,0,0.42821023,0,0.44525972,0
0.3451815,0,0.42846593,0,0.44517,0
0.34518147,0,0.42846587,0,0.44539183,0
0.3451336,0,0.4290836,0,0.44480082,0
0.34383905,0,0.43001944,0,0.4439572,0
0.3451336,0,0.42901415,0,0.4449733,0
0.34471557,0,0.42933172,0,0.44457367,0
0.34463722,0,0.42962837,0,0.4443229,0
0.34463724,0,0.42960742,0,0.44430578,0
0.34383905,0,0.4303498,0,0.44329897,0
0.3451336,0,0.42908368,0,0.44480076,0
0.34383905,0,0.4303498,0,0.44311178,0
0.34471557,0,0.42933172,0,0.4447396,0
0.34463722,0,0.4296074,0,0.44430575,0
0.3451336,0,0.42908368,0,0.44480076,0
0.34463722,0,0.42962837,0,0.44450364,0
0.34463724,0,0.42960742,0,0.4441488,0
0.3447155,0,0.4293317,0,0.44457364,0
0.34463724,0,0.42962834,0,0.4443229,0
0.3447155,0,0.4293317,0,0.44457364,0
0.34463724,0,0.42962834,0,0.44450358,0
0.3451336,0,0.42901415,0,0.4449733,0
0.3451336,0,0.42901415,0,0.44508362,0
0.34383905,0,0.43001944,0,0.4441227,0
0.3451336,0,0.42908368,0,0.44480076,0
0.3447155,0,0.4292804,0,0.44458345,0
0.34463724,0,0.42962834,0,0.44450358,0
0.34383905,0,0.43001944,0,0.4439572,0
0.34463724,0,0.42962834,0,0.44450358,0
0.34463722,0,0.4296074,0,0.44430575,0
0.34463724,0,0.42962834,0,0.4443229,0
0.34383905,0,0.4303498,0,0.44329897,0
0.3451336,0,0.42908368,0,0.44480076,0
0.34463722,0,0.42962837,0,0.44450364,0
0.34463724,0,0.42960742,0,0.44430578,0
0.34469458,0,0.42804432,0,0.44602138,0
0.34463516,0,0.428078,0,0.4456084,0
0.3446352,0,0.42807794,0,0.44560832,0
0.3447531,0,0.42801827,0,0.44554788,0
0.3452923,0,0.4271418,0,0.44605473,0
0.34518436,0,0.42758226,0,0.4464161,0
0.3446352,0,0.42807794,0,0.44558543,0
0.344546,0,0.4282391,0,0.44551024,0
0.3446352,0,0.42807794,0,0.4456028,0
0.3448156,0,0.4274768,0,0.4459041,0
0.34481552,0,0.42786768,0,0.44578025,0
0.34509245,0,0.4280179,0,0.44562757,0
0.34458908,0,0.42772806,0,0.44562128,0
0.345166,0,0.42740223,0,0.44627705,0
0.345166,0,0.42748278,0,0.44584957,0
0.3448156,0,0.4278169,0,0.44580325,0
0.34464768,0,0.4281599,0,0.44545633,0
0.34469458,0,0.42804435,0,0.4460214,0
0.34470475,0,0.4277962,0,0.44571492,0
0.3451091,0,0.42797813,0,0.4459533,0
0.34458974,0,0.42828754,0,0.44578344,0
0.34494266,0,0.42836848,0,0.44576535,0
0.34468222,0,0.42783543,0,0.4462856,0
0.3451091,0,0.42792442,0,0.44574592,0
0.34527543,0,0.4274812,0,0.44599754,0
0.34468535,0,0.4278212,0,0.44604772,0
0.345166,0,0.42748278,0,0.44584957,0
0.3448156,0,0.42786774,0,0.4457802,0
0.34458908,0,0.42772806,0,0.44588783,0
0.34469458,0,0.4281324,0,0.44586474,0
0.34468856,0,0.4282522,0,0.44562036,0
0.3445891,0,0.42789042,0,0.44560966,0
0.34543225,0,0.42771018,0,0.44743893,0
0.34526727,0,0.4275284,0,0.4477091,0
0.34543225,0,0.42799863,0,0.44683054,0
0.34502226,0,0.42793667,0,0.44654337,0
0.3450222,0,0.42829934,0,0.44720393,0
0.34481442,0,0.42818162,0,0.44660366,0
0.3452672,0,0.42795128,0,0.44681403,0
0.34526727,0,0.4275284,0,0.4477091,0
0.3450222,0,0.42793664,0,0.44723174,0
0.34543222,0,0.42771026,0,0.447439,0
0.3448144,0,0.42818156,0,0.44729245,0
0.34502226,0,0.42793667,0,0.44654337,0
0.3450222,0,0.42793664,0,0.44723174,0
0.34481442,0,0.42818162,0,0.44729248,0
0.3448144,0,0.42818156,0,0.44660372,0
0.34543222,0,0.4279986,0,0.4475247,0
0.3448144,0,0.42789313,0,0.44721135,0
0.34481442,0,0.42818162,0,0.44660366,0
0.3450222,0,0.42829934,0,0.44653007,0
0.34502226,0,0.42793667,0,0.44654337,0
0.34543225,0,0.42799863,0,0.4475246,0
0.34481442,0,0.42818162,0,0.44660366,0
0.3452672,0,0.42795128,0,0.44681403,0
0.34502226,0,0.42793667,0,0.44654337,0
0.3450222,0,0.42829934,0,0.44653007,0
0.34502226,0,0.4282993,0,0.4472039,0
0.3448144,0,0.42789313,0,0.44721135,0
0.34502226,0,0.4282993,0,0.44653,0
0.34543225,0,0.42771018,0,0.4467043,0
0.34526727,0,0.42795125,0,0.44681394,0
0.34543225,0,0.42799863,0,0.4475246,0
0.34481442,0,0.42818162,0,0.44660366,0
0.34505883,0,0.42821023,0,0.4452597,0
0.3452896,0,0.42884696,0,0.44475788,0
0.34528962,0,0.4287694,0,0.44502112,0
0.34498042,0,0.4280281,0,0.44555414,0
0.3451815,0,0.42846593,0,0.44517,0
0.3450589,0,0.42821896,0,0.44531298,0
0.34528962,0,0.42884693,0,0.44500858,0
0.34518147,0,0.42844173,0,0.44535303,0
0.34498045,0,0.42802814,0,0.44533217,0
0.34498042,0,0.4280281,0,0.4453321,0
0.34505883,0,0.42821023,0,0.4452597,0
0.3450589,0,0.42821896,0,0.44553447,0
0.34505883,0,0.42821023,0,0.4452597,0
0.3450589,0,0.42821896,0,0.44531298,0
0.3451815,0,0.42846593,0,0.4453918,0
0.34518147,0,0.42846587,0,0.44539183,0
0.34505883,0,0.42821023,0,0.4452597,0
0.3450589,0,0.42821896,0,0.44553447,0
0.34505883,0,0.42821023,0,0.4452597,0
0.34498042,0,0.4280281,0,0.44555414,0
0.3451815,0,0.42846593,0,0.44517,0
0.3450589,0,0.42821896,0,0.44531298,0
0.34528962,0,0.4287694,0,0.4452492,0
0.34498042,0,0.42796063,0,0.44552234,0
0.34498045,0,0.4279606,0,0.44564673,0
0.34498042,0,0.42796063,0,0.44552234,0
0.34505883,0,0.42821023,0,0.44548535,0
0.34498042,0,0.42796063,0,0.44564676,0
0.3451815,0,0.42844173,0,0.44512698,0
0.3450589,0,0.42821896,0,0.44553447,0
0.3451815,0,0.42846593,0,0.4453918,0
0.34518147,0,0.42846587,0,0.44517002,0
0.3451336,0,0.4290836,0,0.4446354,0
0.34383905,0,0.43001944,0,0.44412276,0
0.34383905,0,0.43001944,0,0.4439572,0
0.3451336,0,0.42901415,0,0.44508362,0
0.3451336,0,0.4290836,0,0.44480082,0
0.34471557,0,0.42928037,0,0.44443372,0
0.3447155,0,0.4292804,0,0.44443366,0
0.34463724,0,0.42960742,0,0.44430578,0
0.3451336,0,0.4290836,0,0.4446354,0
0.3451336,0,0.42901415,0,0.44497332,0
0.3447155,0,0.4293317,0,0.44473964,0
0.3451336,0,0.42908368,0,0.44480076,0
0.34463722,0,0.4296074,0,0.44430575,0
0.3451336,0,0.42901415,0,0.44508362,0
0.3447155,0,0.4293317,0,0.44473964,0
0.34463724,0,0.42962834,0,0.4443229,0
0.3451336,0,0.42901415,0,0.4449733,0
0.34471557,0,0.42928037,0,0.44458342,0
0.3447155,0,0.4293317,0,0.44473964,0
0.3451336,0,0.42908368,0,0.44480076,0
0.34463722,0,0.42962837,0,0.44450364,0
0.34471557,0,0.42933172,0,0.4447396,0
0.3447155,0,0.4293317,0,0.44473964,0
0.34383905,0,0.43034977,0,0.44329894,0
0.3451336,0,0.42901415,0,0.4450836,0
0.34463724,0,0.42962834,0,0.4443229,0
0.3447155,0,0.4292804,0,0.44443366,0
0.3451336,0,0.42901415,0,0.44508362,0
0.3451336,0,0.4290836,0,0.44480082,0
0.34471557,0,0.42933172,0,0.4447396,0
0.34463722,0,0.4296074,0,0.4441489,0
0.34463724,0,0.42962834,0,0.4443229,0
0.34527543,0,0.42731923,0,0.44613722,0
0.34529233,0,0.42772153,0,0.446039,0
0.3452923,0,0.42778218,0,0.445729,0
0.34519765,0,0.42796052,0,0.44624957,0
0.34469458,0,0.42804432,0,0.44597083,0
0.3448156,0,0.42786774,0,0.44582286,0
0.3446352,0,0.42807794,0,0.44560832,0
0.34474978,0,0.428126,0,0.44581783,0
0.3446352,0,0.42795873,0,0.445577,0
0.34470466,0,0.42796603,0,0.44565502,0
0.3452923,0,0.42772156,0,0.44603902,0
0.34463516,0,0.428078,0,0.4458662,0
0.34468222,0,0.42773023,0,0.44640675,0
0.3447531,0,0.4276989,0,0.44558936,0
0.34519762,0,0.42763644,0,0.44601813,0
0.34453982,0,0.42808077,0,0.44569272,0
0.3452923,0,0.42734808,0,0.4466915,0
0.34463516,0,0.4278167,0,0.4459031,0
0.34481552,0,0.42747682,0,0.446238,0
0.3445897,0,0.42806983,0,0.44522372,0
0.345166,0,0.42740214,0,0.4457629,0
0.3448066,0,0.4276257,0,0.44590506,0
0.345166,0,0.42740214,0,0.4457629,0
0.3448156,0,0.42786774,0,0.4458715,0
0.34508696,0,0.4277658,0,0.44627908,0
0.34529233,0,0.42772153,0,0.44591546,0
0.34446222,0,0.428202,0,0.44570142,0
0.3448156,0,0.42764035,0,0.44585454,0
0.34475303,0,0.42801827,0,0.44563553,0
0.3447531,0,0.4278579,0,0.44558898,0
0.34464768,0,0.42783758,0,0.44595936,0
0.34529233,0,0.42734808,0,0.4459868,0
0.3450222,0,0.42793664,0,0.44654337,0
0.34543222,0,0.4279986,0,0.44683057,0
0.34543225,0,0.42799863,0,0.44683054,0
0.34502226,0,0.4282993,0,0.44653,0
0.34543225,0,0.42799863,0,0.4475246,0
0.34526727,0,0.42795125,0,0.44681394,0
0.3448144,0,0.42789313,0,0.44648206,0
0.34502226,0,0.42793667,0,0.44654337,0
0.3450222,0,0.42829934,0,0.44720393,0
0.34502226,0,0.4282993,0,0.4472039,0
0.34543225,0,0.42799863,0,0.44683054,0
0.34543222,0,0.4279986,0,0.44683057,0
0.3450222,0,0.42829934,0,0.44720393,0
0.34502226,0,0.42793667,0,0.44654337,0
0.3450222,0,0.42829934,0,0.44720393,0
0.34543222,0,0.42771026,0,0.447439,0
0.3450222,0,0.42793664,0,0.44723174,0
0.34543222,0,0.4279986,0,0.4475247,0
0.3452672,0,0.42795128,0,0.44681403,0
0.34502226,0,0.4282993,0,0.44653,0
0.3450222,0,0.42829934,0,0.44720393,0
0.34543222,0,0.4279986,0,0.4475247,0
0.3450222,0,0.42829934,0,0.44653007,0
0.34502226,0,0.42793667,0,0.44723177,0
0.3448144,0,0.42818156,0,0.44660372,0
0.34526727,0,0.42795125,0,0.44755486,0
0.3450222,0,0.42793664,0,0.44654337,0
0.34543222,0,0.42771026,0,0.4467043,0
0.3450222,0,0.42829934,0,0.44720393,0
0.34543222,0,0.4279986,0,0.44683057,0
0.34543225,0,0.42771018,0,0.4467043,0
0.34526727,0,0.42795125,0,0.44681394,0
0.34498045,0,0.42802814,0,0.44555414,0
0.34518147,0,0.42846587,0,0.44539183,0
0.3451815,0,0.42846593,0,0.4453918,0
0.3450589,0,0.42821023,0,0.44548538,0
0.34498045,0,0.4279606,0,0.4455224,0
0.3452896,0,0.42884696,0,0.44475788,0
0.34498045,0,0.42802814,0,0.44555414,0
0.34518147,0,0.42844173,0,0.44535303,0
0.34528962,0,0.42884693,0,0.4447579,0
0.34498042,0,0.42796063,0,0.44552234,0
0.34528962,0,0.4287694,0,0.44502112,0
0.3452896,0,0.42876935,0,0.44502112,0
0.34498045,0,0.4279606,0,0.44564673,0
0.3452896,0,0.42884696,0,0.44500858,0
0.34498045,0,0.42802814,0,0.44533217,0
0.34498042,0,0.42796063,0,0.44564676,0
0.34505883,0,0.42821023,0,0.4452597,0
0.3452896,0,0.42876935,0,0.44502112,0
0.34498045,0,0.4279606,0,0.4455224,0
0.34498042,0,0.42796063,0,0.44564676,0
0.34505883,0,0.42821893,0,0.445313,0
0.34498042,0,0.42796063,0,0.44564676,0
0.34498045,0,0.4279606,0,0.4455224,0
0.3452896,0,0.42876935,0,0.44502112,0
0.34498045,0,0.42802814,0,0.44533217,0
0.3452896,0,0.42884696,0,0.44475788,0
0.34505883,0,0.42821023,0,0.4452597,0
0.34498042,0,0.42796063,0,0.44564676,0
0.3451815,0,0.42846593,0,0.4453918,0
0.34518147,0,0.42846587,0,0.44539183,0
0.34498045,0,0.42802814,0,0.44555414,0
0.3450589,0,0.42821896,0,0.44531298,0
0.3451336,0,0.4290836,0,0.44480082,0
0.34463724,0,0.42962834,0,0.44450358,0
0.34383905,0,0.43001944,0,0.4441227,0
0.3451336,0,0.42901415,0,0.44497332,0
0.3451336,0,0.42901415,0,0.4449733,0
0.34471557,0,0.42928037,0,0.44443372,0
0.3451336,0,0.42901415,0,0.4450836,0
0.3451336,0,0.42908368,0,0.4446354,0
0.34463722,0,0.4296074,0,0.4441489,0
0.3451336,0,0.42901415,0,0.44497332,0
0.34383905,0,0.43001944,0,0.4441227,0
0.3451336,0,0.42908368,0,0.44480076,0
0.3451336,0,0.4290836,0,0.44480082,0
0.34383905,0,0.43034977,0,0.44329894,0
0.3451336,0,0.42901415,0,0.4449733,0
0.34463724,0,0.42962834,0,0.44450358,0
0.3447155,0,0.4292804,0,0.44443366,0
0.34383905,0,0.43001944,0,0.4439572,0
0.34383905,0,0.43001944,0,0.4439572,0
0.34463724,0,0.42962834,0,0.44450358,0
0.3451336,0,0.42901415,0,0.4449733,0
0.3451336,0,0.42901415,0,0.44497332,0
0.3451336,0,0.42901415,0,0.4450836,0
0.34471557,0,0.42928037,0,0.44443372,0
0.3447155,0,0.4292804,0,0.44458345,0
0.34383905,0,0.43001944,0,0.44412276,0
0.3451336,0,0.42901415,0,0.4449733,0
0.34471557,0,0.42933172,0,0.4447396,0
0.34383905,0,0.43001944,0,0.4439572,0
0.34463724,0,0.42962834,0,0.44450358,0
0.3447155,0,0.4292804,0,0.44458345,0
0.34471557,0,0.42933172,0,0.44457367,0
0.34519762,0,0.42795125,0,0.44679764,0
0.3448156,0,0.4274768,0,0.44584426,0
0.3451843,0,0.42815703,0,0.4465851,0
0.34491464,0,0.42769662,0,0.4459108,0
0.3446352,0,0.42795873,0,0.445577,0
0.3448156,0,0.42786774,0,0.4462166,0
0.34481552,0,0.42786768,0,0.4458715,0
0.345166,0,0.4272587,0,0.44582495,0
0.34489334,0,0.42777565,0,0.44557706,0
0.34490654,0,0.4274193,0,0.44619152,0
0.3452923,0,0.42772156,0,0.44592687,0
0.34469458,0,0.42772827,0,0.44601014,0
0.34469458,0,0.42804432,0,0.44602138,0
0.34468856,0,0.42825112,0,0.44569156,0
0.34494266,0,0.4282511,0,0.4459756,0
0.3447531,0,0.4276989,0,0.44558936,0
0.3452923,0,0.42772156,0,0.44592687,0
0.34519765,0,0.42796052,0,0.44624957,0
0.34475303,0,0.42801085,0,0.44538692,0
0.34518436,0,0.4278596,0,0.44585252,0
0.34464768,0,0.42783758,0,0.4456487,0
0.345166,0,0.42740223,0,0.44586104,0
0.34475303,0,0.42769885,0,0.4456001,0
0.34447932,0,0.4282508,0,0.4454637,0
0.34519762,0,0.42763644,0,0.44601813,0
0.34529233,0,0.42772153,0,0.44591546,0
0.3450222,0,0.42829934,0,0.44720393,0
0.34502226,0,0.4282993,0,0.44653,0
0.3448144,0,0.42818156,0,0.44729245,0
0.34526727,0,0.42795125,0,0.44755486,0
0.3448144,0,0.42789313,0,0.44648206,0
0.34481442,0,0.4278932,0,0.44721138,0
0.34543225,0,0.42799863,0,0.4475246,0
0.34502226,0,0.4282993,0,0.44653,0
0.3452672,0,0.42795128,0,0.44681403,0
0.34543222,0,0.42771026,0,0.447439,0
0.34543225,0,0.42799863,0,0.4475246,0
0.34543222,0,0.4279986,0,0.44683057,0
0.3452672,0,0.42795128,0,0.44755486,0
0.34543222,0,0.42771026,0,0.4467043,0
0.3450222,0,0.42829934,0,0.44720393,0
0.34502226,0,0.4282993,0,0.4472039,0
0.3452672,0,0.42795128,0,0.44755486,0
0.34543222,0,0.4279986,0,0.44683057,0
0.34543225,0,0.42799863,0,0.4475246,0
0.34543222,0,0.4279986,0,0.44683057,0
0.3450222,0,0.42793664,0,0.44654337,0
0.34543222,0,0.4279986,0,0.4475247,0
0.34543225,0,0.42771018,0,0.4467043,0
0.34481442,0,0.42818162,0,0.44729248,0
0.3448144,0,0.42818156,0,0.44729245,0
0.34502226,0,0.42793667,0,0.44654337,0
0.3451815,0,0.42846593,0,0.44517,0
0.3450589,0,0.42821896,0,0.44531298,0
0.34505883,0,0.42821893,0,0.445313,0
0.3452896,0,0.42876935,0,0.44524923,0
0.34505883,0,0.42821023,0,0.44548535,0
0.3450589,0,0.42821023,0,0.44525972,0
0.3451815,0,0.42844173,0,0.44512698,0
0.34498042,0,0.42796063,0,0.44564676,0
0.34528962,0,0.4287694,0,0.4452492,0
0.34518147,0,0.42844173,0,0.44512695,0
0.3451815,0,0.42846593,0,0.44517,0
0.34518147,0,0.42846587,0,0.44539183,0
0.34505883,0,0.42821893,0,0.445313,0
0.34518147,0,0.42844173,0,0.44535303,0
0.34498045,0,0.4279606,0,0.44564673,0
0.34498042,0,0.42796063,0,0.44552234,0
0.34528962,0,0.4287694,0,0.44502112,0
0.3450589,0,0.42821023,0,0.44548538,0
0.34498045,0,0.4279606,0,0.4455224,0
0.3452896,0,0.42876935,0,0.44524923,0
0.34498045,0,0.42802814,0,0.44555414,0
0.34518147,0,0.42844173,0,0.44535303,0
0.3451815,0,0.42844173,0,0.44535297,0
0.3452896,0,0.42876935,0,0.44502112,0
0.34505883,0,0.42821023,0,0.44548535,0
0.34518147,0,0.42844173,0,0.44512695,0
0.34463722,0,0.42962837,0,0.44450364,0
0.3451336,0,0.42901415,0,0.44508362,0
0.3451336,0,0.4290836,0,0.4446354,0
0.3451336,0,0.42901415,0,0.44508362,0
0.34383905,0,0.4303498,0,0.44329897,0
0.34471557,0,0.42928037,0,0.44443372,0
0.3451336,0,0.42901415,0,0.4449733,0
0.34383905,0,0.43001944,0,0.44412276,0
0.34383905,0,0.43001944,0,0.4441227,0
0.34463724,0,0.42960742,0,0.4441488,0
0.34463722,0,0.42962837,0,0.4443229,0
0.34463724,0,0.42962834,0,0.44450358,0
0.3447155,0,0.4293317,0,0.44457364,0
0.34463724,0,0.42962834,0,0.44450358,0
0.3451336,0,0.42901415,0,0.4449733,0
0.3451336,0,0.42908368,0,0.44480076,0
0.34383905,0,0.43001944,0,0.4439572,0
0.3451336,0,0.42908368,0,0.44480076,0
0.3447155,0,0.4293317,0,0.44457364,0
0.3451336,0,0.42901415,0,0.44508362,0
0.3451336,0,0.4290836,0,0.44480082,0
0.3451336,0,0.42901415,0,0.44497332,0
0.34463722,0,0.4296074,0,0.44430575,0
0.34471557,0,0.42933172,0,0.44457367,0
0.3451336,0,0.42901415,0,0.4450836,0
0.3451336,0,0.42908368,0,0.4446354,0
