t_prob,pred_y,dataset
0.062287953,20267.919126553064,train
0.06208011,20283.558911337168,train
0.061789542,20272.76382756173,train
0.06231531,20290.940615375337,train
0.06220786,20298.591751104137,train
0.062161874,20269.460045218435,train
0.062197283,20283.771997436645,train
0.062155552,20281.24145123253,train
0.062440135,20303.22462250754,train
0.06230059,20300.441408921044,train
0.062213346,20273.04419155238,train
0.062001966,20290.45425607424,train
0.062334124,20289.968946900484,train
0.06227917,20292.61467269423,train
0.06200427,20297.101011032795,train
0.062209666,20283.666025468672,train
0.061950784,20285.081623412712,train
0.06218498,20287.12155435601,train
0.061905626,20284.62170308236,train
0.0621692,20279.292633841473,train
0.062372386,20295.471128803703,train
0.06212065,20292.128983370945,train
0.062136184,20287.139092682977,train
0.062116373,20295.516152798835,train
0.062284034,20310.623492726307,train
0.061869822,20289.634728584297,train
0.06216787,20317.85162721768,train
0.06129591,20282.932015043963,train
0.062169835,20285.20657656089,train
0.062259313,20291.488278789355,train
0.06223967,20297.210785067673,train
0.062049348,20259.303234782583,train
0.061952204,20297.201297907493,train
0.062261045,20291.528617513042,train
0.06240873,20261.19174845421,train
0.06192175,20300.60592677418,train
0.062174402,20248.183541041668,train
0.062116012,20298.491661449872,train
0.062217228,20272.502210373375,train
0.062049054,20291.15748239055,train
0.06225568,20259.873583119326,train
0.06228036,20274.45503562657,train
0.06197399,20273.00925209526,train
0.062409222,20276.57670843591,train
0.062156416,20267.823100782975,train
0.062467303,20293.549991442967,train
0.06211921,20284.134182181515,train
0.062315676,20295.197512038383,train
0.062053945,20275.438722542956,train
0.062285878,20288.4273742636,train
0.062165342,20275.03047796695,train
0.062418267,20237.831888825287,train
0.06248888,20243.10739071067,train
0.062491167,20265.735018328673,train
0.062491857,20243.73845264234,train
0.06258703,20261.698356291145,train
0.062446468,20244.37741539596,train
0.06242625,20260.537126398413,train
0.062462024,20266.793392907886,train
0.062384486,20264.731948359728,train
0.062402926,20242.708441219293,train
0.06242624,20240.134315588246,train
0.062405676,20241.382080089308,train
0.06249417,20263.331524384103,train
0.06259481,20243.315442830117,train
0.06250421,20242.57240199631,train
0.062394034,20244.014138793053,train
0.062461797,20241.912312647193,train
0.062348757,20259.850697546248,train
0.062397048,20262.04162616761,train
0.062405422,20240.90592651675,train
0.062348768,20239.18897918495,train
0.062533416,20242.155292219042,train
0.062461782,20241.911826170133,train
0.062448382,20262.87630304488,train
0.062396057,20244.035105325594,train
0.06239472,20238.85937811344,train
0.06241989,20241.15772441428,train
0.06258894,20260.352817332172,train
0.06262169,20266.15962476891,train
0.062334135,20261.073683158105,train
0.062587045,20264.7404071154,train
0.06258416,20240.445597454203,train
0.062461786,20264.49735551522,train
0.06243156,20259.273933543158,train
0.062232874,20263.238399755122,train
0.06249519,20242.024577376033,train
0.06253006,20266.260126013633,train
0.062403418,20240.66316074328,train
0.062491093,20245.846586412055,train
0.062465217,20264.091579910346,train
0.06245247,20261.069396900748,train
0.06262608,20239.914218731206,train
0.06258418,20240.445220162946,train
0.062346004,20262.204295293577,train
0.062384486,20244.93591735885,train
0.062405344,20241.642595129862,train
0.06240012,20258.32852854145,train
0.062335312,20260.543271101044,train
0.0625042,20242.57438334707,train
0.062405344,20241.641519849774,train
0.06258875,20263.259937369436,train
0.062165666,20295.15677144234,train
0.061860945,20291.811636833838,train
0.06186095,20244.131368903505,train
0.06208009,20245.321907467154,train
0.061811056,20242.809678753627,train
0.062205162,20298.40157687379,train
0.062007762,20291.21304881808,train
0.06214318,20247.160238543172,train
0.061910883,20245.65914582837,train
0.06214318,20247.15968175274,train
0.061811067,20242.811011849408,train
0.062080074,20245.32120147518,train
0.062007762,20243.622316104887,train
0.062080085,20245.32276208902,train
0.06208007,20245.321054560252,train
0.06208009,20245.321907467154,train
0.06186095,20291.810509533294,train
0.061811067,20242.811289672973,train
0.06181107,20242.81102099586,train
0.06186096,20244.129467012568,train
0.061910875,20245.65871308673,train
0.061811067,20242.811289672973,train
0.061910883,20245.65880740954,train
0.06220516,20298.401877563487,train
0.061895818,20241.899938065577,train
0.06208009,20245.323647008518,train
0.06186095,20291.810694749,train
0.062143184,20295.980463999116,train
0.061895818,20241.899938065577,train
0.061910868,20245.659479102313,train
0.061910868,20245.658334652166,train
0.061964046,20247.404942793393,train
0.061860953,20244.129749981017,train
0.061860945,20244.133797858893,train
0.061860945,20244.1305834517,train
0.061910864,20245.657245080743,train
0.061964054,20247.405138870516,train
0.062020794,20249.455479622622,train
0.062143184,20247.158403535686,train
0.061860945,20291.811636833838,train
0.061910875,20294.071941314432,train
0.06191087,20294.07152457909,train
0.061811067,20242.809929137828,train
0.061811067,20242.810922671473,train
0.061860953,20291.810874248175,train
0.062143188,20247.157749564172,train
0.06186095,20244.130642332006,train
0.06181108,20242.81102099586,train
0.061860945,20244.1305834517,train
0.061910868,20245.657585786183,train
0.061860953,20244.130957884696,train
0.06143402,20282.47982575449,train
0.06142765,20275.779096423186,train
0.06143969,20271.504015464805,train
0.061439704,20271.504015464805,train
0.06143969,20271.504015464805,train
0.061439704,20271.504015464805,train
0.06143969,20271.504015464805,train
0.061439704,20271.504015464805,train
0.06142889,20273.35324168338,train
0.06142887,20273.355102986923,train
0.061428864,20273.353783039172,train
0.061439704,20271.504015464805,train
0.06143969,20271.504015464805,train
0.061439704,20271.504015464805,train
0.06143969,20271.504015464805,train
0.061439704,20271.504015464805,train
0.06143969,20271.504015464805,train
0.061439704,20271.504015464805,train
0.06143969,20271.504015464805,train
0.061439704,20271.504015464805,train
0.06143969,20271.504015464805,train
0.061439704,20271.504015464805,train
0.06142886,20273.355102986923,train
0.06142888,20273.354646807493,train
0.06143969,20271.504015464805,train
0.06142764,20275.779565178993,train
0.06143969,20271.504015464805,train
0.061439704,20271.504015464805,train
0.061428856,20273.35527676956,train
0.06142888,20273.354646807493,train
0.06143969,20271.504015464805,train
0.061439704,20271.504015464805,train
0.06143969,20271.504015464805,train
0.061439704,20271.504015464805,train
0.06143969,20271.504015464805,train
0.061439704,20271.504015464805,train
0.06143969,20271.504015464805,train
0.061439704,20271.504015464805,train
0.061979182,20261.69098196201,train
0.061439704,20271.504015464805,train
0.06143969,20271.504015464805,train
0.061439704,20271.504015464805,train
0.06143969,20271.504015464805,train
0.061427645,20275.776563998526,train
0.061428856,20273.35527676956,train
0.061439704,20271.504015464805,train
0.06142886,20273.353048464523,train
0.061979204,20273.63252181915,train
0.06142889,20273.35324168338,train
0.061439704,20271.504015464805,train
0.06143969,20271.504015464805,train
0.061495587,20250.530599073852,train
0.061214786,20288.10064575054,train
0.061196588,20281.247471314713,train
0.06119659,20281.247471314713,train
0.061196588,20281.247471314713,train
0.06121479,20283.361750930355,train
0.061699938,20286.893287999923,train
0.061214786,20283.36177951303,train
0.061214797,20283.362705019917,train
0.061198626,20289.157682089088,train
0.061196588,20281.247471314713,train
0.061699934,20283.115518078885,train
0.061220743,20281.02233304615,train
0.06120696,20291.99333230064,train
0.06122074,20284.767399818244,train
0.061206963,20291.994423015367,train
0.0612148,20283.362923391524,train
0.061771333,20293.019092337192,train
0.061699938,20283.115518078885,train
0.061220746,20281.021740813205,train
0.061728835,20283.920829691542,train
0.06121479,20283.36289195059,train
0.061220743,20281.021740813205,train
0.06172883,20283.92406982314,train
0.061220746,20281.024398429963,train
0.06122075,20281.02233304615,train
0.061728824,20283.924540865555,train
0.06122075,20281.02233304615,train
0.061214782,20283.361490256393,train
0.061206978,20286.191982439115,train
0.061794087,20296.463062963998,train
0.06122075,20284.76751986547,train
0.061196588,20281.247471314713,train
0.061220746,20281.024398429963,train
0.06122075,20281.022250728056,train
0.06119659,20281.247471314713,train
0.061214786,20283.361993311406,train
0.061220765,20281.022250728056,train
0.061214786,20283.361993311406,train
0.06122074,20281.02207237219,train
0.061206963,20286.19310345148,train
0.06122075,20281.02233304615,train
0.061196588,20281.247471314713,train
0.061220765,20281.022250728056,train
0.061220746,20281.024398429963,train
0.061771326,20293.0207478455,train
0.061699938,20283.115518078885,train
0.06119659,20281.247471314713,train
0.061728835,20283.925665879487,train
0.061728816,20283.924540865555,train
0.061220746,20281.024398429963,train
0.061699934,20283.115518078885,train
0.060816552,20306.51725132093,train
0.06144714,20322.867755082727,train
0.06134656,20325.75787471889,train
0.061346546,20307.184867058993,train
0.060902487,20322.189420271356,train
0.060902484,20303.252215646546,train
0.060682908,20313.050877782327,train
0.06144714,20303.933786016278,train
0.061447114,20303.933793447773,train
0.060816552,20306.51725132093,train
0.061346572,20325.756216923965,train
0.061250854,20328.45738909802,train
0.06155313,20300.58281825627,train
0.06099658,20299.95718131556,train
0.061250854,20310.43082037051,train
0.061447117,20322.870053701135,train
0.060816564,20306.517908722362,train
0.06116066,20313.8346306295,train
0.06110171,20315.25015826017,train
0.06125085,20310.430735194153,train
0.060740422,20309.679825551,train
0.06110169,20296.50901418098,train
0.060816564,20325.04897131246,train
0.061250843,20328.45582048103,train
0.06116064,20313.831117819227,train
0.060816564,20306.517908722362,train
0.06107959,20317.670373067325,train
0.061447114,20322.8692785391,train
0.06110171,20296.511430559993,train
0.061447117,20322.870053701135,train
0.061346564,20307.18567880685,train
0.061346557,20307.185004255814,train
0.06090251,20303.25320403531,train
0.06068292,20313.050877782327,train
0.06134656,20307.186359074418,train
0.060996585,20299.957877589426,train
0.06155314,20319.63082074724,train
0.06068292,20313.050877782327,train
0.061669517,20297.17148618156,train
0.061346546,20325.756199202708,train
0.061447114,20322.87038640343,train
0.061447117,20303.93722736988,train
0.061250854,20328.45544090316,train
0.06074042,20309.679654054973,train
0.061250854,20328.45544090316,train
0.061160646,20313.831060653883,train
0.06116064,20331.05293458277,train
0.060816564,20306.517908722362,train
0.061250858,20310.433151573165,train
0.061250854,20310.432857743308,train
0.061447114,20303.9357284946,train
0.06200398,20245.91685176401,train
0.06186675,20241.505808184203,train
0.06276856,20276.489533004093,train
0.062209036,20241.980685254675,train
0.062262777,20273.695110437307,train
0.06220055,20245.42079664924,train
0.06209043,20278.541884832932,train
0.062097516,20283.61673408075,train
0.062433254,20244.09801807124,train
0.06254732,20279.557647222802,train
0.06216236,20245.376812491675,train
0.06213998,20279.736435260296,train
0.06286882,20274.206846577094,train
0.06196644,20242.64272451361,train
0.06279986,20272.479048691697,train
0.062474698,20305.44598081218,train
0.06226279,20244.98645495123,train
0.062057637,20279.40391646973,train
0.062191084,20278.488059661726,train
0.062168933,20280.701361654697,train
0.062052783,20280.1911769823,train
0.06240688,20243.15338880322,train
0.06218913,20274.26739324923,train
0.062156633,20281.823596780934,train
0.062070742,20267.260380017833,train
0.062048383,20243.71203367947,train
0.062168535,20244.87739262486,train
0.062117442,20281.403804234156,train
0.06197582,20244.77663013452,train
0.061747365,20249.755729149194,train
0.062010832,20280.676219765566,train
0.06242417,20282.48791693702,train
0.06207044,20242.823354990083,train
0.062327094,20304.365557560497,train
0.062487494,20245.495588352987,train
0.06204589,20281.69063305336,train
0.0622011,20279.095651790532,train
0.06254895,20278.16387672135,train
0.061992172,20280.406392490775,train
0.06200633,20278.552493005478,train
0.062142044,20281.894517819364,train
0.062355515,20304.661859248547,train
0.06237838,20275.38564852434,train
0.06228909,20243.732617775873,train
0.06198531,20245.53623576952,train
0.061798602,20303.19833159503,train
0.062593244,20269.955229133397,train
0.062397998,20245.093749725216,train
0.06228823,20276.268425463808,train
0.06191626,20271.629954715136,train
0.061971854,20274.804765186702,train
0.062491156,20284.216472263197,train
0.06265791,20294.624723313183,train
0.062290877,20291.24156403405,train
0.06231848,20265.392588782743,train
0.06251599,20279.137437369023,train
0.06235114,20275.42643942589,train
0.062215537,20286.14977383709,train
0.06240741,20285.500896898182,train
0.062272273,20259.4368399053,train
0.062544025,20270.822521696624,train
0.062347606,20267.987981636026,train
0.062341396,20284.268615630044,train
0.06254595,20289.661418510896,train
0.06246801,20292.63232649519,train
0.062476728,20262.705786260736,train
0.06222852,20275.136810648233,train
0.06263085,20281.971259432932,train
0.06251878,20269.824963038314,train
0.062165953,20277.59976741005,train
0.062552944,20282.6863589908,train
0.06247314,20275.014077230284,train
0.062307186,20265.940494577808,train
0.06257778,20294.084178127574,train
0.06241722,20292.242178751552,train
0.06251373,20276.452896307965,train
0.062617816,20267.405134668883,train
0.06269317,20298.26006121103,train
0.06268762,20265.89004844997,train
0.062346812,20280.740260955066,train
0.062517434,20268.880928861512,train
0.06271239,20242.195499462447,train
0.0625778,20285.98298023168,train
0.06241266,20262.802559753505,train
0.06253373,20283.214142013774,train
0.062466644,20236.83983518943,train
0.06260106,20295.571110987123,train
0.06227946,20280.440521915003,train
0.06245912,20291.773304613664,train
0.06252969,20270.443480607315,train
0.0627319,20285.99824566465,train
0.06244091,20290.366064814298,train
0.06260566,20258.455789454492,train
0.06224626,20288.940205119685,train
0.06258588,20279.621410588745,train
0.06247956,20283.109974755655,train
0.062447775,20280.11391173419,train
0.062105197,20263.490995109183,train
0.06269858,20287.362766947135,train
0.06272999,20265.97272153944,train
0.0623414,20275.331079060383,train
0.06250835,20262.551151151958,train
0.06211738,20265.545830772135,train
0.061802343,20272.20914195708,train
0.061734263,20267.556734297992,train
0.06173425,20267.556734297992,train
0.061802343,20272.210786603973,train
0.062359136,20272.298011197985,train
0.061734263,20267.556734297992,train
0.061802343,20272.209418065682,train
0.061802343,20272.209418065682,train
0.061850913,20274.704690967075,train
0.061734263,20267.556734297992,train
0.06173425,20267.556734297992,train
0.061734263,20267.556734297992,train
0.06173425,20267.556734297992,train
0.061734263,20267.556734297992,train
0.06173425,20267.556734297992,train
0.061734263,20267.556734297992,train
0.06173425,20267.556734297992,train
0.061802343,20290.38208025655,train
0.06173425,20267.556734297992,train
0.061734263,20267.556734297992,train
0.06173425,20267.556734297992,train
0.061802346,20272.210473909552,train
0.061802354,20272.210473909552,train
0.061734263,20267.556734297992,train
0.06173425,20267.556734297992,train
0.061802343,20272.210786603973,train
0.06228392,20268.174015380642,train
0.061734263,20267.556734297992,train
0.06180235,20272.21119419286,train
0.061850917,20292.86546791166,train
0.06173425,20267.556734297992,train
0.061734263,20267.556734297992,train
0.06173425,20267.556734297992,train
0.061850887,20274.70395639243,train
0.061802343,20272.20914195708,train
0.06180235,20272.20914195708,train
0.06173425,20267.556734297992,train
0.061734263,20267.556734297992,train
0.06173425,20267.556734297992,train
0.06180235,20272.21119419286,train
0.06173425,20285.81918037524,train
0.061734263,20267.556734297992,train
0.061802343,20272.209418065682,train
0.061734263,20267.556734297992,train
0.061802343,20272.210786603973,train
0.061734263,20267.556734297992,train
0.06173425,20267.556734297992,train
0.061734263,20267.556734297992,train
0.06173425,20267.556734297992,train
0.061734263,20267.556734297992,train
0.061930556,20276.450850360372,train
0.061636277,20294.181819390233,train
0.061663296,20297.740052674588,train
0.061786354,20291.29703042223,train
0.061639566,20304.053744056866,train
0.061509702,20226.63811909071,train
0.061441507,20296.81479731268,train
0.061565556,20292.568862675646,train
0.061757717,20231.994655706847,train
0.061465643,20290.55574799435,train
0.06180178,20234.250899733186,train
0.061729264,20296.49555631613,train
0.061524823,20228.748051853734,train
0.061770946,20238.072960218014,train
0.062004074,20295.38771542305,train
0.061820965,20300.092307036375,train
0.061996806,20307.65173355006,train
0.06183894,20299.27628206694,train
0.061775498,20299.425574502846,train
0.061403412,20292.291891448047,train
0.061764866,20304.810723516046,train
0.06159914,20232.897874972663,train
0.06209635,20305.97685819513,train
0.061527014,20287.603809185537,train
0.061267063,20290.27822855112,train
0.061756127,20226.57063769091,train
0.06165203,20286.62214878053,train
0.061845068,20294.402604517993,train
0.06153006,20297.57135089006,train
0.061826274,20229.371488500423,train
0.061641715,20299.057724672566,train
0.06193424,20301.226403971104,train
0.061737426,20293.428814637293,train
0.06196091,20259.622778183788,train
0.061643515,20231.116254774326,train
0.061745055,20292.249333565775,train
0.06179771,20290.786140901168,train
0.061560106,20297.627518696987,train
0.061476886,20294.066916480857,train
0.06185193,20299.35967715468,train
0.06156471,20296.52129215317,train
0.06166061,20293.438272643154,train
0.061790764,20306.097174090748,train
0.061377592,20292.76551545421,train
0.06171472,20296.09131331408,train
0.06167508,20296.708768751017,train
0.061745353,20293.345341804685,train
0.061768673,20257.5517881668,train
0.061621163,20300.14978107137,train
0.061749797,20302.911965815103,train
0.06173741,20293.426848149524,train
0.06158275,20296.287557360454,train
0.06195637,20290.53550631835,train
0.06215468,20271.041199709874,train
0.061824523,20310.629104076295,train
0.062143043,20291.38512392944,train
0.062315762,20259.741583199422,train
0.062496003,20306.945577509978,train
0.06225215,20291.10130543716,train
0.06238207,20278.920973941134,train
0.062015977,20280.975015005835,train
0.062016577,20292.004587584852,train
0.062352996,20297.850088526728,train
0.06143623,20252.95155131392,train
0.06213747,20253.454861282262,train
0.062249277,20284.296443718595,train
0.0623664,20282.551542534482,train
0.061494168,20292.997220305635,train
0.06189873,20262.103379028467,train
0.061856277,20302.209101355413,train
0.06239519,20283.691488627028,train
0.062100362,20252.1993268679,train
0.061861664,20271.346771329805,train
0.062396146,20294.377422041467,train
0.06228693,20283.54673797755,train
0.06230516,20273.626685237716,train
0.062167477,20290.183127144614,train
0.062441003,20306.320608260463,train
0.06210701,20285.389693158093,train
0.061971575,20301.94309729871,train
0.062401656,20272.786332413623,train
0.061770104,20295.444052439394,train
0.06196867,20291.439601357204,train
0.06193958,20271.591041695083,train
0.062072456,20276.67116387406,train
0.062199105,20292.346879362314,train
0.062245343,20294.189022794995,train
0.06245604,20272.79609053753,train
0.062350407,20283.1325796469,train
0.062234454,20269.042115118507,train
0.062278107,20275.035553106027,train
0.06181351,20260.273101977506,train
0.06212933,20300.76733597601,train
0.062083647,20287.752515105036,train
0.0620384,20253.87867712582,train
0.06210796,20281.005552731614,train
0.061436914,20300.357970959296,train
0.062260047,20288.537638777114,train
0.062124204,20284.57853467424,train
0.062092695,20293.217605276,train
0.062244523,20248.115001511393,train
0.06215818,20292.68954328615,train
0.062298596,20263.872625788495,train
0.062432773,20250.793867197288,train
0.06254711,20262.328799122173,train
0.06250457,20241.679914380176,train
0.062397044,20239.006155274295,train
0.062630214,20242.93223038578,train
0.062498614,20261.748542316673,train
0.06250421,20242.572504893924,train
0.06242626,20262.934696870234,train
0.062431555,20238.67638156346,train
0.062461782,20241.911340836377,train
0.062345833,20259.22997053678,train
0.062495183,20265.17831135753,train
0.062618926,20265.569001028616,train
0.06253965,20263.752341333813,train
0.0624652,20240.850060542823,train
0.062397055,20239.005700238173,train
0.06243402,20243.17437305702,train
0.06252698,20260.740681892054,train
0.06244809,20240.53392591097,train
0.06249861,20261.7494575338,train
0.062448416,20243.172675246362,train
0.062670805,20267.479036879904,train
0.062442888,20243.342855326635,train
0.06234879,20264.69641323974,train
0.0626024,20263.645338103066,train
0.062442742,20260.249059377904,train
0.0623195,20245.400744762166,train
0.062519856,20242.059378493024,train
0.0624652,20264.090497198762,train
0.062491857,20267.141404649483,train
0.06250421,20242.573429829165,train
0.06234617,20240.048696768692,train
0.06262497,20261.939080118595,train
0.06242627,20240.133186572737,train
0.06242625,20240.1342081174,train
0.06244274,20281.23396657428,train
0.06239705,20239.005906033406,train
0.06246521,20264.955802123055,train
0.062364254,20259.697446982056,train
0.062361065,20240.208152059127,train
0.06272272,20268.530502455862,train
0.062204305,20262.310203808025,train
0.062402938,20242.70949477655,train
0.062661804,20261.999267220726,train
0.06245152,20264.050981656004,train
0.06254708,20261.647337938233,train
0.062345833,20238.299970079886,train
0.062447548,20242.27964513113,train
0.06242625,20262.934244120723,train
0.06254515,20260.79974569521,train
0.06271019,20269.261493978847,train
0.061960768,20248.49684198751,train
0.061910875,20245.65942593855,train
0.061910883,20245.659484247193,train
0.061964042,20247.40455807064,train
0.061860953,20291.81356502083,train
0.06191087,20245.660762464246,train
0.061964054,20247.40416877466,train
0.061964042,20247.404294538414,train
0.062007766,20243.62423285881,train
0.062080078,20245.323237704666,train
0.061860956,20244.129603066085,train
0.061910883,20245.660055328965,train
0.062007762,20243.625171513726,train
0.061811075,20242.809929137828,train
0.061860953,20244.133797858893,train
0.06186095,20291.81037233647,train
0.061860956,20244.129603066085,train
0.06208009,20245.321900035662,train
0.06186095,20244.12994891641,train
0.061811075,20242.809929137828,train
0.06202079,20249.453541145864,train
0.06200777,20291.213619328195,train
0.061910875,20294.07133993503,train
0.06200775,20243.622316104887,train
0.061860953,20291.811636833838,train
0.062205166,20249.214412231464,train
0.06186095,20291.810645015154,train
0.062080093,20245.319617423545,train
0.061860956,20244.13242760564,train
0.062143184,20247.159680609435,train
0.06200776,20291.212082152142,train
0.06186095,20244.131368903505,train
0.062205162,20249.215908248465,train
0.061811063,20242.810527087306,train
0.061910883,20294.070484741515,train
0.06186096,20244.129467012568,train
0.061964057,20247.404267670707,train
0.062143188,20247.160684432845,train
0.061964042,20247.40284825526,train
0.06214318,20247.158920310383,train
0.06202079,20249.455479622622,train
0.06186095,20291.810645015154,train
0.06186095,20291.81037233647,train
0.061964057,20247.404143621912,train
0.062143188,20247.159680609435,train
0.061811075,20242.809929137828,train
0.061910875,20245.658020814437,train
0.061910875,20294.071774391636,train
0.061860953,20244.133797858893,train
0.06214318,20295.980245627507,train
0.061811056,20242.809678753627,train
0.061545335,20286.697159427542,train
0.061439704,20271.504015464805,train
0.061428864,20273.354646807493,train
0.061439704,20271.504015464805,train
0.06143969,20271.504015464805,train
0.061439704,20271.504015464805,train
0.06143969,20271.504015464805,train
0.06142765,20275.777520374704,train
0.06142766,20275.778740283105,train
0.061439704,20271.504015464805,train
0.061428864,20273.353783039172,train
0.061439704,20271.504015464805,train
0.06143969,20271.504015464805,train
0.061439704,20271.504015464805,train
0.06143969,20271.504015464805,train
0.061439704,20271.504015464805,train
0.06142889,20273.35324168338,train
0.06142887,20273.355102986923,train
0.06143969,20271.504015464805,train
0.061439704,20271.504015464805,train
0.06143969,20271.504015464805,train
0.061439704,20271.504015464805,train
0.06143969,20271.504015464805,train
0.061427638,20275.78075821968,train
0.06143969,20271.504015464805,train
0.061439704,20271.504015464805,train
0.06143969,20271.504015464805,train
0.06142887,20273.353783039172,train
0.06143969,20271.504015464805,train
0.06142887,20273.353783039172,train
0.061428864,20273.354646807493,train
0.061979204,20273.63252181915,train
0.06142889,20273.35324168338,train
0.06142888,20273.355225892406,train
0.06143969,20271.504015464805,train
0.061439704,20271.504015464805,train
0.06142886,20273.355102986923,train
0.061428864,20273.353048464523,train
0.06143969,20271.504015464805,train
0.06142887,20273.355102986923,train
0.06143969,20271.504015464805,train
0.061439704,20271.504015464805,train
0.06197921,20273.63252181915,train
0.061439704,20271.504015464805,train
0.06143969,20271.504015464805,train
0.061439704,20256.788619987678,train
0.06143969,20271.504015464805,train
0.061439704,20271.504015464805,train
0.061428856,20273.35527676956,train
0.061439704,20271.504015464805,train
0.06143969,20271.504015464805,train
0.061495587,20250.530599073852,train
0.06119659,20281.247471314713,train
0.06122075,20284.767930884278,train
0.06119754,20300.566224872404,train
0.061220743,20281.02261429963,train
0.06122075,20281.02233304615,train
0.06122075,20281.022250728056,train
0.061214805,20288.102557931234,train
0.061728835,20288.690345698906,train
0.061220765,20281.022250728056,train
0.061197538,20292.172160925526,train
0.061220746,20281.024398429963,train
0.061740942,20286.67909632273,train
0.06122074,20281.02207237219,train
0.06122075,20281.022250728056,train
0.061214782,20283.363829462196,train
0.061728824,20283.922612106915,train
0.06119659,20283.738176705265,train
0.061220743,20284.76751986547,train
0.061220746,20281.024398429963,train
0.061699938,20283.115518078885,train
0.06120696,20286.195438084054,train
0.061220746,20281.024983803065,train
0.061220746,20281.024983803065,train
0.061214786,20283.363829462196,train
0.061206963,20291.99636835196,train
0.06120698,20286.191982439115,train
0.06119659,20281.247471314713,train
0.061206963,20286.19337270024,train
0.061220765,20281.022250728056,train
0.061220743,20281.02261429963,train
0.06119659,20281.247471314713,train
0.06122075,20281.022250728056,train
0.061220765,20281.022250728056,train
0.061206963,20291.994902632585,train
0.061220746,20281.021740813205,train
0.061220743,20284.76751986547,train
0.061728816,20283.924540865555,train
0.061214797,20283.362721026213,train
0.061754126,20289.767814645704,train
0.06121479,20288.102557931234,train
0.061728816,20283.924540865555,train
0.061198622,20296.15280607263,train
0.06121479,20283.361750930355,train
0.061220743,20281.02233304615,train
0.061214786,20283.361490256393,train
0.061196588,20281.247471314713,train
0.061198622,20296.155046382388,train
0.06122075,20281.022250728056,train
0.061220765,20281.022250728056,train
0.061214786,20288.101965126636,train
0.061740965,20286.67827657172,train
0.061250858,20310.431654412852,train
0.061346546,20307.18567880685,train
0.060902487,20303.252215646546,train
0.061160654,20313.832336012667,train
0.060902487,20303.2535035817,train
0.06090249,20303.252108747354,train
0.061346553,20307.185027121952,train
0.061250847,20328.4545456939,train
0.06107959,20317.670373067325,train
0.061346572,20307.185901751684,train
0.060682908,20330.24181211308,train
0.06090249,20322.188711421113,train
0.06134656,20307.18612298156,train
0.060902484,20303.25421357525,train
0.060740434,20327.686038843476,train
0.061160646,20313.83286364877,train
0.061250847,20310.431664130963,train
0.061160658,20313.830248906022,train
0.06134656,20307.184281685888,train
0.061346546,20307.184867058993,train
0.06090251,20322.189760405145,train
0.060902502,20322.188425594406,train
0.061250843,20328.45738909802,train
0.061250858,20310.43068088708,train
0.061447114,20322.86993536888,train
0.060816552,20306.517618322425,train
0.06116064,20313.831117819227,train
0.061346572,20307.184767019644,train
0.060996573,20319.025877088734,train
0.060902484,20322.189865017717,train
0.061250843,20310.43216661432,train
0.061160646,20331.05263789465,train
0.061346564,20307.185596488758,train
0.061250847,20328.4545456939,train
0.060682908,20313.050877782327,train
0.061250847,20310.431078757858,train
0.061346564,20307.18569309819,train
0.061346572,20307.18545300375,train
0.06155314,20319.630181638713,train
0.06068292,20330.24181211308,train
0.06155312,20300.583350465604,train
0.06090249,20303.252108747354,train
0.060816564,20325.05031526965,train
0.061346557,20325.75629981371,train
0.06081655,20306.517395949242,train
0.061346564,20307.184276541004,train
0.061160646,20331.05506056185,train
0.061447136,20303.93624869922,train
0.061447117,20303.93577422688,train
0.06125084,20328.457374806687,train
0.061553117,20319.632840970426,train
0.062396605,20241.535570747943,train
0.06266131,20242.517685045765,train
0.06213506,20284.6926081145,train
0.061973322,20277.930507786823,train
0.06221759,20241.760420903185,train
0.061846815,20268.964386831125,train
0.062142972,20244.721395837627,train
0.062142957,20274.41359246847,train
0.062046707,20269.975297598412,train
0.062020317,20244.92980524047,train
0.062109243,20280.320120843015,train
0.06235842,20273.578708081008,train
0.06235061,20280.477231211116,train
0.062067095,20278.980046890752,train
0.062103692,20271.38634746783,train
0.06211016,20236.894928859572,train
0.062753566,20273.219290138695,train
0.06206874,20308.41721463893,train
0.061992165,20243.91934893766,train
0.06235843,20281.46999426887,train
0.06216237,20276.51727534464,train
0.06254516,20247.047938943477,train
0.06250073,20271.480071189588,train
0.062155932,20240.514646899333,train
0.06221716,20308.737784158027,train
0.06200917,20279.515228823962,train
0.06180661,20305.753971097736,train
0.0626613,20273.719332536086,train
0.062032733,20280.685459971468,train
0.062018525,20274.61212770176,train
0.062235888,20272.607245401392,train
0.062380664,20275.624489897073,train
0.06211743,20274.440585943037,train
0.062295616,20245.61852756616,train
0.06197554,20270.77187892002,train
0.061975457,20240.7164371272,train
0.062375057,20242.540397407854,train
0.062187076,20244.663451331868,train
0.0622588,20307.27487046029,train
0.062289223,20282.954700538347,train
0.062060077,20276.15034644802,train
0.06201386,20306.57125770627,train
0.062130794,20252.992183867464,train
0.062048983,20282.12221137872,train
0.0621431,20242.50511610199,train
0.06197554,20276.71060624518,train
0.06228822,20245.85864544098,train
0.061910857,20282.13745051563,train
0.062168542,20307.155873940756,train
0.062192738,20281.054346209403,train
0.062299754,20242.907879093334,train
0.062379993,20280.866678679315,train
0.062612854,20269.49442102528,train
0.06275739,20290.03195053903,train
0.062665455,20270.102095472183,train
0.062240694,20289.260866103326,train
0.062715575,20294.294802687422,train
0.06259037,20238.522757137926,train
0.06254024,20290.094308209205,train
0.0625572,20269.88662729289,train
0.062122226,20286.025558693476,train
0.062279478,20259.433760408316,train
0.06234838,20287.10774035108,train
0.062172737,20275.58210179587,train
0.062277205,20292.88719359994,train
0.06253786,20290.80410053671,train
0.06259375,20291.20414131446,train
0.06269467,20276.565035844702,train
0.062334944,20285.450184379853,train
0.06253786,20276.363170730234,train
0.06267848,20265.20061212916,train
0.06266617,20292.13197769157,train
0.062507644,20294.050762126823,train
0.06259036,20277.490795976573,train
0.062324528,20272.13199904281,train
0.062627204,20299.198976231448,train
0.06262276,20283.86927569938,train
0.062086042,20262.257850644368,train
0.062225133,20234.872659720393,train
0.06240157,20264.72375542289,train
0.062474392,20263.041754408052,train
0.06246665,20276.590781399846,train
0.062415097,20280.879480286036,train
0.06256463,20262.586514775914,train
0.06219241,20280.29607710011,train
0.06256641,20287.67324163846,train
0.062352166,20265.512497089476,train
0.06256125,20276.85093972866,train
0.06258816,20293.76204399306,train
0.062441144,20283.425988768635,train
0.062277745,20279.834954582613,train
0.06260625,20281.737534358323,train
0.06260555,20293.322349332422,train
0.06260625,20294.811835767807,train
0.06266087,20277.58533773439,train
0.062374793,20287.154687959977,train
0.0625533,20296.182657814297,train
0.06224441,20272.91327834563,train
0.06260626,20294.811000582155,train
0.062341586,20273.022882027784,train
0.06271241,20282.786465794667,train
0.062363017,20286.515515409552,train
0.062328935,20281.637180028527,train
0.06173425,20267.556734297992,train
0.061734263,20267.556734297992,train
0.061850905,20274.70407815461,train
0.06180235,20272.209902256127,train
0.06189489,20276.48988114103,train
0.062283937,20268.174015380642,train
0.061850905,20274.704724122974,train
0.061802343,20272.209418065682,train
0.06173425,20267.556734297992,train
0.061802343,20272.209418065682,train
0.06173425,20267.556734297992,train
0.061802346,20272.209339749163,train
0.061802343,20272.20914195708,train
0.061734263,20267.556734297992,train
0.06173425,20267.556734297992,train
0.061734263,20267.556734297992,train
0.06173425,20267.556734297992,train
0.061734263,20267.556734297992,train
0.061802343,20272.209339749163,train
0.061802346,20272.209339749163,train
0.06173425,20267.556734297992,train
0.061802343,20272.210786603973,train
0.06173425,20267.556734297992,train
0.061802343,20272.210786603973,train
0.061802343,20272.209418065682,train
0.061734263,20267.556734297992,train
0.06173425,20267.556734297992,train
0.061734263,20267.556734297992,train
0.061802343,20290.383328747623,train
0.061734263,20267.556734297992,train
0.06173425,20267.556734297992,train
0.061734263,20267.556734297992,train
0.06173425,20267.556734297992,train
0.061802346,20272.210473909552,train
0.06173425,20267.556734297992,train
0.061802343,20272.210786603973,train
0.06173425,20267.556734297992,train
0.061734263,20267.556734297992,train
0.06228392,20268.174015380642,train
0.062283937,20268.174015380642,train
0.06173425,20267.556734297992,train
0.061802343,20272.209418065682,train
0.061802343,20272.209418065682,train
0.061802346,20272.209339749163,train
0.06173425,20267.556734297992,train
0.061802346,20272.210473909552,train
0.061850913,20292.86546791166,train
0.06180235,20272.209902256127,train
0.061850913,20274.705459269273,train
0.062283937,20268.174015380642,train
0.061857183,20233.218283857146,train
0.061713725,20294.389605119188,train
0.061445694,20226.552463685337,train
0.061639443,20291.771148336957,train
0.061937697,20231.543752065914,train
0.06149357,20228.742293017163,train
0.061688226,20301.90306669622,train
0.06152483,20295.47719976304,train
0.06140183,20296.288044409168,train
0.06161872,20295.93967081096,train
0.06164356,20301.05380351024,train
0.061863318,20291.264822325153,train
0.06169783,20297.569832006917,train
0.06157094,20230.087398662843,train
0.06182364,20302.594137945816,train
0.06206993,20290.09479983115,train
0.061796848,20235.09078208651,train
0.061675157,20233.51197709063,train
0.06184334,20235.462334516007,train
0.061562043,20298.848518956514,train
0.061671305,20297.196912182444,train
0.061745062,20233.735810274437,train
0.061544735,20296.39540035007,train
0.06158685,20300.83021728072,train
0.061810683,20253.11096487365,train
0.061457217,20228.67349509954,train
0.061710946,20298.620249170504,train
0.0617153,20302.621045672367,train
0.061707698,20296.68560535438,train
0.061614748,20232.791653192147,train
0.06181895,20303.564621383124,train
0.06187279,20305.69079539151,train
0.061935104,20303.689148077854,train
0.061606027,20229.43982052051,train
0.06142433,20225.74639120197,train
0.061880264,20294.073226962977,train
0.061755132,20302.73678148078,train
0.06172537,20228.602511750883,train
0.061659466,20295.526253343138,train
0.06151598,20288.337963095248,train
0.061658267,20232.040894465496,train
0.061583836,20258.119922489834,train
0.061518718,20224.064538817023,train
0.061300844,20227.4374129078,train
0.061628465,20299.67434320889,train
0.06177051,20291.30439560491,train
0.06159756,20298.150853684692,train
0.061828643,20297.92277826085,train
0.061629158,20290.465696002513,train
0.06157968,20300.55534802275,train
0.061828844,20287.731179856037,train
0.06161676,20234.02131342935,train
0.061913945,20266.837360487494,train
0.062257573,20279.705200117347,train
0.06199367,20281.40670823354,train
0.061954904,20273.378216649715,train
0.062235907,20279.56575383997,train
0.062093325,20281.017979333694,train
0.062307384,20324.45255843796,train
0.06215117,20297.108124116323,train
0.062049683,20285.541139584093,train
0.06232064,20301.73710941977,train
0.062266286,20285.504795574518,train
0.062066965,20263.125171790274,train
0.061797976,20265.497925072108,train
0.062141225,20254.382714808977,train
0.061803978,20287.66503383863,train
0.06210283,20272.0782241771,train
0.061994907,20295.30820300535,train
0.06223565,20268.243833699624,train
0.06211848,20284.271326410562,train
0.06231524,20288.20648623823,train
0.062348887,20281.276347815645,train
0.06247097,20287.85531725478,train
0.062188078,20274.308626610524,train
0.062042702,20269.74545462219,train
0.06220326,20299.600013401112,train
0.062041517,20289.667064160083,train
0.062076256,20278.116276855904,train
0.062143315,20293.18526684194,train
0.062148806,20274.242788142663,train
0.062225737,20286.743843504206,train
0.062233232,20304.395525919466,train
0.06254814,20265.116443594336,train
0.06266566,20245.761394045956,train
0.062402956,20242.70874019403,train
0.06267081,20262.957282896914,train
0.062405687,20241.380955075376,train
0.062043585,20238.377410825586,train
0.06254736,20267.73048492554,train
0.062397055,20279.42977978548,train
0.062533416,20242.153486365885,train
0.06234106,20243.847888258395,train
0.062390856,20261.04842408002,train
0.062334117,20258.481948315064,train
0.062398165,20263.37093131271,train
0.062376704,20260.30384778513,train
0.062449005,20262.411555101386,train
0.06242997,20239.243911077177,train
0.062241636,20245.039754772948,train
0.06258484,20243.230074966417,train
0.06263021,20265.94637231829,train
0.06258732,20264.314856303718,train
0.06254129,20245.31301825645,train
0.0624986,20265.37865301563,train
0.06249872,20243.249220211157,train
0.062458023,20243.078658838047,train
0.062630214,20242.934982325354,train
0.062364258,20258.175014445023,train
0.06244273,20239.82470695185,train
0.06243402,20258.47303852483,train
0.06254736,20243.367638789074,train
0.06262607,20264.74532219152,train
0.06248671,20265.486715520165,train
0.06227448,20250.80524024211,train
0.06208009,20293.66437414773,train
0.062143188,20247.159680609435,train
0.062080108,20245.322174429304,train
0.061811067,20242.809929137828,train
0.061860956,20244.129603066085,train
0.061811067,20288.964141963403,train
0.061964035,20296.325017237512,train
0.062080078,20245.321287223192,train
0.062020782,20249.453674912766,train
0.061811067,20242.809929137828,train
0.062020786,20249.453601741126,train
0.061860956,20291.813662773566,train
0.06214318,20247.159301031563,train
0.06191087,20294.071774391636,train
0.06208009,20245.321444427882,train
0.06208007,20245.32057837295,train
0.06214318,20295.982418482163,train
0.061860953,20244.129749981017,train
0.06196404,20296.327263835457,train
0.0620208,20249.454989715636,train
0.062143188,20247.160684432845,train
0.0620208,20298.782530715453,train
0.062083222,20252.096205735535,train
0.06186095,20291.813821121566,train
0.061964042,20247.40242751834,train
0.061964057,20247.404267670707,train
0.061910864,20294.06872519228,train
0.061910883,20245.659492250343,train
0.062080078,20245.323237704666,train
0.061910883,20245.658001949872,train
0.062267777,20298.319596056608,train
0.061439704,20271.504015464805,train
0.06143969,20271.504015464805,train
0.06142888,20273.354646807493,train
0.06142765,20275.77806630372,train
0.061439704,20271.504015464805,train
0.06143969,20271.504015464805,train
0.061428864,20273.353048464523,train
0.06143969,20271.504015464805,train
0.061439704,20271.504015464805,train
0.06143969,20271.504015464805,train
0.061439704,20271.504015464805,train
0.06143969,20271.504015464805,train
0.061439704,20271.504015464805,train
0.06143969,20271.504015464805,train
0.061439704,20271.504015464805,train
0.06143969,20271.504015464805,train
0.061979182,20275.81360656859,train
0.06142886,20273.353048464523,train
0.061439704,20271.504015464805,train
0.06143969,20271.504015464805,train
0.061439704,20271.504015464805,train
0.06143969,20271.504015464805,train
0.061439704,20271.504015464805,train
0.06143969,20271.504015464805,train
0.061439704,20271.504015464805,train
0.06143969,20271.504015464805,train
0.061439704,20271.504015464805,train
0.06143969,20271.504015464805,train
0.061439704,20271.504015464805,train
0.06143969,20271.504015464805,train
0.061439704,20271.504015464805,train
0.061277397,20274.032165297773,train
0.06121479,20283.36289195059,train
0.061220746,20281.024983803065,train
0.06121479,20283.360917459668,train
0.06119659,20281.247471314713,train
0.06122075,20281.022250728056,train
0.06120696,20286.191587426605,train
0.061220743,20281.02261429963,train
0.061214797,20283.361993311406,train
0.061206963,20286.193338401034,train
0.06122075,20281.02261429963,train
0.06122075,20281.022250728056,train
0.061728824,20288.69078072716,train
0.061214805,20283.361513122534,train
0.061214805,20283.362721026213,train
0.06121479,20283.36324751901,train
0.061699934,20283.115518078885,train
0.06120696,20286.19315604359,train
0.06119659,20281.247471314713,train
0.06175414,20289.76833713693,train
0.0612148,20283.36391692517,train
0.06122075,20281.022250728056,train
0.06120698,20286.19262269095,train
0.061196588,20283.738176705265,train
0.061740957,20286.677307047517,train
0.061220743,20281.021740813205,train
0.061728816,20283.924540865555,train
0.061198626,20289.157875879602,train
0.061728824,20283.922612106915,train
0.061754137,20289.76983372559,train
0.06172883,20283.92406982314,train
0.061636247,20324.634519151943,train
0.061101686,20296.509198253385,train
0.06099657,20299.95526456164,train
0.061553113,20300.584376011844,train
0.061346546,20307.1856953848,train
0.060902484,20303.25396947924,train
0.060996566,20299.955090778996,train
0.061346557,20307.185004255814,train
0.060996573,20319.024678903166,train
0.061079606,20334.43661349487,train
0.060682908,20313.050877782327,train
0.06144712,20303.937969376017,train
0.061250854,20310.43068088708,train
0.061160646,20331.05263789465,train
0.060996573,20299.956888057353,train
0.061160654,20313.831117819227,train
0.060902487,20303.254246731154,train
0.061346572,20307.185031123525,train
0.061447117,20303.935670185954,train
0.06090249,20303.254383356314,train
0.061101705,20315.251588537034,train
0.06144713,20303.93442169488,train
0.060996562,20299.9551079286,train
0.061447114,20303.935962872507,train
0.06125085,20328.454638301755,train
0.06134656,20325.756485601076,train
0.06125084,20310.43491798224,train
0.060740415,20327.68545061211,train
0.060902487,20303.254289605156,train
0.061346564,20307.184276541004,train
0.060902484,20322.189391117034,train
0.061540015,20305.474053568403,train
0.062175274,20305.613579877256,train
0.062268328,20302.527712961546,train
0.062234167,20280.325519537928,train
0.06194467,20268.21087044838,train
0.062380336,20306.732550862456,train
0.062335208,20304.273460764376,train
0.062161632,20279.537727387677,train
0.06180662,20272.623721596305,train
0.06195652,20279.03793937606,train
0.0620687,20275.8890688218,train
0.062810056,20279.157440665556,train
0.062332302,20281.264381394572,train
0.061968,20280.804905238932,train
0.06194678,20241.30307301323,train
0.062648945,20275.48064074505,train
0.06233352,20274.889301866326,train
0.061902616,20280.671263530403,train
0.06184224,20309.444540434204,train
0.06209691,20277.67144245935,train
0.06217529,20282.954345541573,train
0.062471736,20279.02551906217,train
0.062115666,20243.03909013152,train
0.062375136,20272.8772773281,train
0.062142022,20275.455441690578,train
0.062459853,20304.272518679536,train
0.062196363,20281.487745250917,train
0.06246227,20247.23480844539,train
0.06203846,20281.25778222747,train
0.061845135,20243.10773713264,train
0.062060077,20276.14938549862,train
0.062240265,20281.932909491497,train
0.06267939,20268.562290387672,train
0.06229124,20256.599023127288,train
0.06232317,20284.30779789886,train
0.062607005,20276.469031797442,train
0.062122356,20268.249650844842,train
0.062595755,20271.82373722188,train
0.06276019,20293.102297636,train
0.062351163,20263.069951213067,train
0.06208604,20271.706692327134,train
0.06256082,20284.626153975903,train
0.06250346,20288.477542567874,train
0.062318213,20273.999668515728,train
0.062451698,20281.172503541708,train
0.062366176,20284.363538109028,train
0.0625778,20290.51838358341,train
0.062476296,20276.360401069403,train
0.062272303,20280.591193178956,train
0.06251878,20269.822450049876,train
0.06268367,20293.096820052913,train
0.062236477,20261.64380169017,train
0.06239498,20263.56928418856,train
0.062376857,20269.556929040304,train
0.062351145,20275.425684843372,train
0.062475093,20290.17905297068,train
0.062370665,20298.212627696725,train
0.06243595,20287.88888245708,train
0.0625394,20294.277815434347,train
0.062608585,20290.26440825801,train
0.062760204,20266.87351242152,train
0.06287694,20275.14884052283,train
0.06235115,20288.881453439288,train
0.06253381,20268.066623997223,train
0.061734263,20267.556734297992,train
0.06173425,20267.556734297992,train
0.061802346,20272.209339749163,train
0.06173425,20267.556734297992,train
0.061734263,20267.556734297992,train
0.06173425,20267.556734297992,train
0.061734263,20267.556734297992,train
0.06173425,20267.556734297992,train
0.061734263,20267.556734297992,train
0.06173425,20267.556734297992,train
0.06180235,20272.20914195708,train
0.061802343,20272.209418065682,train
0.061734263,20285.81918037524,train
0.06173425,20267.556734297992,train
0.061734263,20267.556734297992,train
0.06173425,20267.556734297992,train
0.06185092,20274.70389922709,train
0.06173425,20267.556734297992,train
0.061850887,20274.70395639243,train
0.062359136,20272.298011197985,train
0.061734263,20267.556734297992,train
0.06173425,20267.556734297992,train
0.061734263,20267.556734297992,train
0.061802343,20272.20914195708,train
0.061734263,20267.556734297992,train
0.0618509,20274.703707151537,train
0.062416416,20274.43931172756,train
0.06173425,20267.556734297992,train
0.061734263,20267.556734297992,train
0.06173425,20267.556734297992,train
0.061784483,20234.762697039885,train
0.061357982,20290.457653410525,train
0.06176377,20239.076103930256,train
0.06174471,20227.0663686782,train
0.06208025,20241.890182228286,train
0.061975025,20300.41240036817,train
0.061713465,20234.534213455496,train
0.061727367,20295.619941050736,train
0.061791196,20306.785190424464,train
0.06147148,20225.769538020657,train
0.062116448,20302.5759816615,train
0.06163374,20297.039571438014,train
0.061745808,20297.467410578345,train
0.061736837,20296.99045211777,train
0.06168493,20273.773778522907,train
0.061780147,20300.930126292504,train
0.061715692,20293.272229047037,train
0.06179997,20232.570042025196,train
0.06185549,20228.427229663823,train
0.061664943,20298.375398005355,train
0.061651826,20225.697326760455,train
0.0616549,20302.236967744757,train
0.061715875,20296.707011488397,train
0.061744027,20294.439955780897,train
0.061497718,20286.138242444267,train
0.06153693,20288.524462165748,train
0.061590835,20300.01759479245,train
0.061473556,20252.532330420563,train
0.061737314,20299.147818966754,train
0.06154637,20228.19746500412,train
0.061685696,20298.8774966401,train
0.0615042,20289.05850307873,train
0.063514434,21314.46618361491,holdout
0.06348643,21320.77396355608,holdout
0.06327078,21350.712067766515,holdout
0.063714765,21342.291896264534,holdout
0.06358216,21316.441775030387,holdout
0.06345302,21360.282192389244,holdout
0.06370041,21346.624499797002,holdout
0.06341763,21335.496748636477,holdout
0.06347664,21350.205866789198,holdout
0.063452594,21322.234504446355,holdout
0.06352822,21353.68134810384,holdout
0.06349066,21318.571238460827,holdout
0.06380408,21335.563701490915,holdout
0.06358699,21323.117340578305,holdout
0.06365805,21332.460593258485,holdout
0.06377655,21333.71197898693,holdout
0.06377453,21328.362129003122,holdout
0.063650645,21323.193612221246,holdout
0.06367058,21307.541828579113,holdout
0.06380755,21345.618078891723,holdout
0.06337396,21328.199214084845,holdout
0.06342609,21328.861811308674,holdout
0.063539386,21341.347267745918,holdout
0.06379303,21320.568693187786,holdout
0.063475035,21327.805614349272,holdout
0.063342184,21319.02597741899,holdout
0.06375428,21305.899889642104,holdout
0.06362152,21328.436935153386,holdout
0.06350056,21358.894070181275,holdout
0.06364777,21353.361987421205,holdout
0.063528895,21324.615760268807,holdout
0.06349612,21330.887085637554,holdout
0.06367214,21342.994477976375,holdout
0.06392971,21336.954760579214,holdout
0.06354915,21354.874356998545,holdout
0.06336373,21321.68568038681,holdout
0.06359468,21316.26665985611,holdout
0.06352521,21307.644398918455,holdout
0.06322118,21327.876559285927,holdout
0.06373957,21315.222367224585,holdout
0.063301034,21336.79683753221,holdout
0.06360456,21313.053998087948,holdout
0.063652374,21336.78217788947,holdout
0.06367008,21350.239702810355,holdout
0.06362299,21342.845443384147,holdout
0.06342239,21342.59526268037,holdout
0.0634899,21334.5227925794,holdout
0.06333718,21342.297742908282,holdout
0.063349836,21352.95105879476,holdout
0.06356239,21352.197674122828,holdout
0.06370467,21334.648359245883,holdout
0.06383355,21331.08091973959,holdout
0.063531935,21322.626684670122,holdout
0.06337126,21313.574543915936,holdout
0.06325395,21313.23557180517,holdout
0.06374865,21370.122186957648,holdout
0.063717015,21331.58862275847,holdout
0.06344536,21318.13785820363,holdout
0.06363019,21318.53163243069,holdout
0.06333419,21374.837932526552,holdout
0.06370613,21366.765491900496,holdout
0.06370389,21377.26106041045,holdout
0.06330097,21323.801243448263,holdout
0.06314702,21322.64868356621,holdout
0.063222736,21316.45668815738,holdout
0.063219324,21373.168751695932,holdout
0.06374863,21327.730585368667,holdout
0.06322261,21318.68663746131,holdout
0.0637292,21335.23329950586,holdout
0.06360172,21376.843300678167,holdout
0.063180424,21321.350103786022,holdout
0.06314599,21377.001738946645,holdout
0.06339886,21322.799531455094,holdout
0.063447244,21368.983854026614,holdout
0.06330095,21323.797554368153,holdout
0.063744456,21366.822664978794,holdout
0.063421965,21356.49624002574,holdout
0.06333797,21329.445922734096,holdout
0.063557595,21339.065884718762,holdout
0.06311236,21325.48138069356,holdout
0.063325346,21326.89582753585,holdout
0.063484296,21370.664864908325,holdout
0.06379509,21324.91067917457,holdout
0.063293375,21314.829688285292,holdout
0.06343725,21363.886469641835,holdout
0.06378716,21326.718359084516,holdout
0.063601725,21338.42400482181,holdout
0.06374273,21321.56792810927,holdout
0.06379384,21312.791050030854,holdout
0.06374274,21373.49291678939,holdout
0.06368038,21377.467303450874,holdout
0.063375756,21370.420265574085,holdout
0.06329339,21324.46880306845,holdout
0.06337208,21328.72785136596,holdout
0.063746266,21315.02453278735,holdout
0.06337758,21323.83977069658,holdout
0.0637487,21313.613953053653,holdout
0.06366965,21321.89170649187,holdout
0.06368662,21373.95546306252,holdout
0.06346821,21323.961097691572,holdout
0.0632193,21321.343512016476,holdout
0.063717276,21315.773418408557,holdout
0.06308907,21406.54300118107,holdout
0.062849894,21398.640597791276,holdout
0.062893525,21383.30189313832,holdout
0.062918924,21405.339165561323,holdout
0.062859364,21421.695634245083,holdout
0.0628321,21407.765464945856,holdout
0.062823325,21402.759047216663,holdout
0.06284036,21412.472971687075,holdout
0.062905796,21413.24281515044,holdout
0.06285937,21421.694416341677,holdout
0.06291097,21417.806812077117,holdout
0.062832095,21407.762778012788,holdout
0.06286803,21413.001300071097,holdout
0.0628321,21407.764574803485,holdout
0.062832095,21407.767293569465,holdout
0.062859386,21421.694020198847,holdout
0.06284036,21412.474993666106,holdout
0.06290581,21413.240757801508,holdout
0.06284036,21412.47408465979,holdout
0.062849894,21417.028908993532,holdout
0.06284036,21393.16558199981,holdout
0.06284037,21412.473785194674,holdout
0.06282332,21402.759233498113,holdout
0.0628233,21402.7600529007,holdout
0.06284036,21412.474993666106,holdout
0.06291097,21417.804999959462,holdout
0.06284036,21393.166882432968,holdout
0.06285937,21421.694416341677,holdout
0.06283211,21407.765306960322,holdout
0.062918924,21422.65626056749,holdout
0.06286803,21427.203279944268,holdout
0.062859364,21421.69502470388,holdout
0.062859364,21421.695634245083,holdout
0.06289352,21403.608373909494,holdout
0.06291096,21399.40575710146,holdout
0.062849894,21417.027646288258,holdout
0.062849894,21398.640771103765,holdout
0.06285937,21421.693837454386,holdout
0.062905796,21393.92186818218,holdout
0.06285937,21421.694416341677,holdout
0.062859364,21421.693837454386,holdout
0.06285937,21421.694416341677,holdout
0.06285937,21404.48240411643,holdout
0.0628321,21407.767293569465,holdout
0.062918924,21422.65626056749,holdout
0.06283211,21387.830613310092,holdout
0.062840365,21412.474814458637,holdout
0.062905826,21413.239078910465,holdout
0.06286803,21427.203279944268,holdout
0.0628321,21407.76600846325,holdout
0.06284036,21412.475585522356,holdout
0.06324603,21365.28589842644,holdout
0.06384695,21331.151199722204,holdout
0.06384695,21331.151199722204,holdout
0.06367222,21343.86169594141,holdout
0.06384695,21331.151199722204,holdout
0.06384695,21331.151199722204,holdout
0.06384695,21331.151199722204,holdout
0.06386407,21328.61984231567,holdout
0.06384695,21331.151199722204,holdout
0.06386406,21328.619467394776,holdout
0.06384695,21331.151199722204,holdout
0.06386406,21328.61975742792,holdout
0.06388682,21328.504689725454,holdout
0.06384695,21331.151199722204,holdout
0.06384695,21345.420736096035,holdout
0.06384695,21331.151199722204,holdout
0.06384695,21331.151199722204,holdout
0.06384695,21345.420736096035,holdout
0.06384695,21331.151199722204,holdout
0.06386406,21328.619915413456,holdout
0.06384695,21331.151199722204,holdout
0.06384695,21331.151199722204,holdout
0.06384695,21331.151199722204,holdout
0.06384695,21331.151199722204,holdout
0.06386406,21328.617372317953,holdout
0.06384695,21331.151199722204,holdout
0.06384695,21331.151199722204,holdout
0.06384695,21331.151199722204,holdout
0.06384695,21331.151199722204,holdout
0.06384695,21331.151199722204,holdout
0.06384695,21331.151199722204,holdout
0.06386406,21328.61892977236,holdout
0.06384695,21331.151199722204,holdout
0.06384695,21331.151199722204,holdout
0.06384695,21331.151199722204,holdout
0.06384695,21331.151199722204,holdout
0.06384695,21331.151199722204,holdout
0.06384695,21331.151199722204,holdout
0.06384695,21331.151199722204,holdout
0.06384695,21331.151199722204,holdout
0.06384695,21331.151199722204,holdout
0.06384695,21331.151199722204,holdout
0.063864045,21328.619915413456,holdout
0.06384695,21331.151199722204,holdout
0.06384695,21331.151199722204,holdout
0.06362629,21329.92962020481,holdout
0.06386406,21328.619467394776,holdout
0.06384695,21331.151199722204,holdout
0.06384695,21331.151199722204,holdout
0.06384695,21331.151199722204,holdout
0.06384695,21331.151199722204,holdout
0.063490145,21343.233980508656,holdout
0.06285151,21323.98847870677,holdout
0.062826976,21324.458010534294,holdout
0.06285151,21323.989726085092,holdout
0.06286158,21324.313424295935,holdout
0.06286003,21324.08053711313,holdout
0.06285304,21319.698681001,holdout
0.06286003,21324.079669371687,holdout
0.06286002,21320.552401813857,holdout
0.06286003,21320.552347580022,holdout
0.06286158,21324.313424295935,holdout
0.06283991,21324.127311442113,holdout
0.06286158,21324.313424295935,holdout
0.062861584,21324.313424295935,holdout
0.06286158,21324.313424295935,holdout
0.06285151,21323.98847870677,holdout
0.06286002,21324.079669371687,holdout
0.06286584,21323.295522322533,holdout
0.06286002,21324.08053711313,holdout
0.062861584,21324.313424295935,holdout
0.06286158,21322.895136282983,holdout
0.06285151,21320.2239333831,holdout
0.062826976,21324.45878513501,holdout
0.062849514,21323.902375411843,holdout
0.06285304,21319.698681001,holdout
0.06285151,21323.989726085092,holdout
0.06286158,21324.313424295935,holdout
0.06285151,21323.98847870677,holdout
0.06286158,21324.313424295935,holdout
0.06286003,21324.081485026338,holdout
0.06286002,21320.55057908524,holdout
0.06285151,21323.991910765646,holdout
0.06286158,21322.895136282983,holdout
0.06285152,21323.990550203664,holdout
0.06285151,21323.99034270028,holdout
0.06285151,21323.989764991984,holdout
0.06286158,21324.313424295935,holdout
0.06285303,21319.698681001,holdout
0.062860034,21324.0818693792,holdout
0.062861584,21324.313424295935,holdout
0.06286158,21324.313424295935,holdout
0.062861584,21324.313424295935,holdout
0.06286158,21324.313424295935,holdout
0.06286002,21324.081630042907,holdout
0.06283992,21324.128114338742,holdout
0.06286713,21323.16595060487,holdout
0.062851496,21323.98877227691,holdout
0.06286002,21324.080632611847,holdout
0.0628515,21320.22322716418,holdout
0.06283991,21324.12613244559,holdout
0.06285151,21323.99040400809,holdout
0.06283991,21324.126309295065,holdout
0.06324757,21369.67376388384,holdout
0.0632476,21346.447087937504,holdout
0.06354452,21370.617422088322,holdout
0.06324759,21369.676778577945,holdout
0.063280016,21369.63253909149,holdout
0.063531645,21347.295032846414,holdout
0.06323082,21369.19108624512,holdout
0.06328,21346.96823741171,holdout
0.06329514,21368.66588691786,holdout
0.06354451,21347.61346447979,holdout
0.06354453,21347.6115993073,holdout
0.06329513,21368.66335561233,holdout
0.06329514,21368.666092063257,holdout
0.06328001,21346.971663575598,holdout
0.06353164,21347.295013982468,holdout
0.063279994,21369.630473489582,holdout
0.06354452,21347.613655477227,holdout
0.063247584,21369.674397004976,holdout
0.06329514,21368.665277376662,holdout
0.06326348,21369.872868100334,holdout
0.063544534,21370.617712121464,holdout
0.06329513,21346.66044857992,holdout
0.063531645,21370.51282033798,holdout
0.063279994,21369.631551092407,holdout
0.06355755,21370.30277503378,holdout
0.063295126,21368.666046082388,holdout
0.06326349,21369.874242810274,holdout
0.06327998,21369.630280134155,holdout
0.063247584,21369.67471061805,holdout
0.063557535,21370.30339282795,holdout
0.063280016,21346.971663575598,holdout
0.06326349,21369.87499265206,holdout
0.06326349,21369.874010547963,holdout
0.063544534,21370.61814717118,holdout
0.06351877,21370.113364526682,holdout
0.06354452,21370.61847729021,holdout
0.06326348,21346.84650012593,holdout
0.06329513,21346.661431863024,holdout
0.06353165,21370.51378004115,holdout
0.06326349,21346.848041074383,holdout
0.063263476,21369.8729470931,holdout
0.063230835,21369.19078088502,holdout
0.06326349,21346.847130889066,holdout
0.063247584,21369.674971176282,holdout
0.06355755,21347.680400828278,holdout
0.06350504,21369.464884607198,holdout
0.063247584,21369.6747613149,holdout
0.06354452,21347.612528356556,holdout
0.06328001,21346.969974073585,holdout
0.06354452,21370.617755744333,holdout
0.06355755,21347.679646270506,holdout
0.06353717,21306.247413014644,holdout
0.06331692,21303.79140409677,holdout
0.06333423,21296.239306511296,holdout
0.06328958,21308.16854540182,holdout
0.063554004,21329.163989296012,holdout
0.06295927,21295.989941673117,holdout
0.063373454,21300.065534574966,holdout
0.06334128,21296.951748171043,holdout
0.063524015,21304.518943985968,holdout
0.06331942,21325.195607263813,holdout
0.06358838,21300.12561270069,holdout
0.06303867,21313.816010656425,holdout
0.06349341,21296.38816897004,holdout
0.06357063,21339.986043164583,holdout
0.063289,21319.967804641874,holdout
0.0633482,21313.89663633352,holdout
0.063293226,21290.776002871273,holdout
0.063312694,21303.221644596008,holdout
0.06353963,21329.321693049667,holdout
0.06353314,21316.03140171131,holdout
0.063312694,21295.846592202106,holdout
0.06297819,21312.853016908997,holdout
0.06352402,21328.76536349827,holdout
0.063037574,21301.70321143955,holdout
0.06337194,21307.516039209215,holdout
0.06331425,21301.322389668272,holdout
0.06358367,21316.555680242276,holdout
0.06356093,21310.761025524993,holdout
0.063319415,21301.67095763173,holdout
0.06326489,21302.389624393105,holdout
0.06357322,21330.56356663418,holdout
0.06358366,21309.321527364627,holdout
0.06358198,21313.461023056912,holdout
0.06331532,21310.85209357427,holdout
0.06297496,21307.610885942344,holdout
0.06352401,21297.36564904772,holdout
0.06334329,21309.14824317195,holdout
0.06334332,21333.511619139143,holdout
0.063289575,21301.065137343357,holdout
0.06357322,21299.129463213096,holdout
0.06331943,21301.671029550515,holdout
0.06331692,21296.518345512915,holdout
0.063046426,21311.861136567815,holdout
0.0635506,21310.10946960359,holdout
0.063524015,21304.51828256891,holdout
0.06331692,21303.791781375654,holdout
0.06327007,21290.282578679256,holdout
0.063312694,21295.848252229207,holdout
0.06301465,21313.137383795896,holdout
0.063566394,21312.914195038484,holdout
0.06334809,21314.40937838353,holdout
0.06311112,21314.50498085343,holdout
0.063175164,21334.03005692135,holdout
0.06314132,21333.73929044134,holdout
0.063079,21329.892702286746,holdout
0.063438825,21324.25485174877,holdout
0.06347956,21328.2314266278,holdout
0.063087426,21328.165132832415,holdout
0.06309832,21332.594929301085,holdout
0.06347956,21325.075324859736,holdout
0.06307733,21323.553609376977,holdout
0.063090056,21330.894962513303,holdout
0.06304884,21326.01113920036,holdout
0.063049294,21322.3567970395,holdout
0.06314514,21328.857385355732,holdout
0.06340982,21328.412144393544,holdout
0.06305669,21324.84713597807,holdout
0.063031636,21324.57700547417,holdout
0.063049294,21325.667813055443,holdout
0.063123584,21328.1442964269,holdout
0.06303334,21341.131845038584,holdout
0.06309901,21328.855779562473,holdout
0.06298904,21320.44980789459,holdout
0.063055776,21325.5366402605,holdout
0.06314871,21329.915173960442,holdout
0.06314514,21329.475807937906,holdout
0.06345877,21326.807763569705,holdout
0.06347957,21328.231965429204,holdout
0.063033335,21323.424300575534,holdout
0.06318835,21334.417303044673,holdout
0.063099004,21328.855116966428,holdout
0.06306807,21326.932785539793,holdout
0.06301007,21325.39940506545,holdout
0.06314514,21328.855983528872,holdout
0.06307441,21332.72036391996,holdout
0.06299491,21324.170631311285,holdout
0.06309901,21325.2229269712,holdout
0.06304883,21326.00972322554,holdout
0.0635374,21331.017095941916,holdout
0.06299328,21327.961811345376,holdout
0.063068055,21326.932785539793,holdout
0.06307732,21323.213986460127,holdout
0.063010074,21322.633723279352,holdout
0.06305669,21328.02106181554,holdout
0.063054934,21325.84797315583,holdout
0.06309832,21331.584631855247,holdout
0.063087426,21326.15842887774,holdout
0.06303306,21320.615406208948,holdout
0.063033074,21323.860169694388,holdout
0.063458785,21326.811081265914,holdout
0.06366344,21335.34518391771,holdout
0.06353643,21325.93309316766,holdout
0.06295345,21327.516071667647,holdout
0.063467294,21316.159662384838,holdout
0.06324811,21318.81162052451,holdout
0.06321634,21310.673989643816,holdout
0.06321634,21310.673989643816,holdout
0.06321634,21310.673989643816,holdout
0.06347035,21323.374041132836,holdout
0.06326298,21325.823692901475,holdout
0.0632481,21318.812168757893,holdout
0.06321634,21310.673989643816,holdout
0.06324811,21318.81162052451,holdout
0.06321634,21310.673989643816,holdout
0.0632481,21318.812168757893,holdout
0.06321634,21308.344070866882,holdout
0.063467264,21316.159662384838,holdout
0.06321634,21310.673989643816,holdout
0.06321634,21310.673989643816,holdout
0.0632481,21314.899377590653,holdout
0.06321634,21310.673989643816,holdout
0.06321634,21310.673989643816,holdout
0.06321634,21310.673989643816,holdout
0.063262984,21325.8226671745,holdout
0.063262984,21325.82270726038,holdout
0.063262984,21325.822296969593,holdout
0.06321634,21308.344070866882,holdout
0.06321634,21310.673989643816,holdout
0.06321634,21310.673989643816,holdout
0.06321634,21308.344070866882,holdout
0.06321634,21308.344070866882,holdout
0.06321634,21310.673989643816,holdout
0.063262984,21325.822636520592,holdout
0.06321634,21310.673989643816,holdout
0.06327411,21332.60538700023,holdout
0.06321634,21310.673989643816,holdout
0.06321634,21310.673989643816,holdout
0.063262984,21325.824166858074,holdout
0.063467264,21316.159662384838,holdout
0.0632481,21318.811671221363,holdout
0.06321634,21310.673989643816,holdout
0.0632481,21318.812801879027,holdout
0.06321634,21310.673989643816,holdout
0.063262984,21325.821778211124,holdout
0.06321634,21310.673989643816,holdout
0.063467294,21316.159662384838,holdout
0.06321634,21310.673989643816,holdout
0.06321634,21310.673989643816,holdout
0.06324811,21318.811690085306,holdout
0.06321634,21310.673989643816,holdout
0.06321634,21310.673989643816,holdout
0.06321634,21310.673989643816,holdout
0.06324811,21318.81162052451,holdout
0.06330812,21309.270736194503,holdout
0.06331529,21326.588486722743,holdout
0.06324299,21338.15846061437,holdout
0.06299355,21339.917736822143,holdout
0.06299288,21310.90682730877,holdout
0.06315091,21339.83732100643,holdout
0.06286196,21335.648952371357,holdout
0.06325152,21349.2372728083,holdout
0.06291362,21333.130119444864,holdout
0.06296899,21342.298495108065,holdout
0.062857434,21338.533822452762,holdout
0.06307219,21350.84588387165,holdout
0.06307969,21336.762536986425,holdout
0.063146435,21348.832654171238,holdout
0.06314403,21360.273845093874,holdout
0.06305501,21324.110461223827,holdout
0.062950455,21329.19346067205,holdout
0.06322414,21324.826726369298,holdout
0.06319715,21350.687558786834,holdout
0.063192114,21355.412803530708,holdout
0.06313696,21354.41643710776,holdout
0.06286618,21354.484811832,holdout
0.06292088,21351.70778692037,holdout
0.063189715,21341.19285810855,holdout
0.0630612,21346.05708296232,holdout
0.06313515,21359.038457169223,holdout
0.06307453,21327.42271518612,holdout
0.063216254,21344.54088164629,holdout
0.063081875,21349.996987512553,holdout
0.063175224,21357.318419144667,holdout
0.06286132,21337.62528891263,holdout
0.06302479,21331.680725966693,holdout
0.063181944,21340.136847430596,holdout
0.06352004,21357.74361598701,holdout
0.06296777,21348.79934634052,holdout
0.0632518,21336.687648306404,holdout
0.06303165,21347.558584549733,holdout
0.063024126,21334.608061144794,holdout
0.06319473,21353.35737518681,holdout
0.06297609,21342.76424943073,holdout
0.0628493,21332.884704245032,holdout
0.063000314,21344.786150650554,holdout
0.06324659,21332.149809775532,holdout
0.06319929,21365.359364057662,holdout
0.06307453,21351.525377294623,holdout
0.0630277,21356.89685361161,holdout
0.06318195,21350.23626131951,holdout
0.063178755,21353.629144495884,holdout
0.06294309,21343.49730348665,holdout
0.06326534,21357.213568626055,holdout
0.06312655,21343.329752754053,holdout
0.063005455,21350.785289345455,holdout
0.06370731,21332.264137068185,holdout
0.06353717,21339.14740053823,holdout
0.06343504,21317.063023667226,holdout
0.063303396,21337.655358039912,holdout
0.06372002,21316.896766293812,holdout
0.06357312,21335.416922319022,holdout
0.063877665,21329.352312768315,holdout
0.0638119,21334.05337747254,holdout
0.06348002,21333.426479084377,holdout
0.06376542,21335.37044509717,holdout
0.063576885,21323.091422697787,holdout
0.06317721,21350.292956904217,holdout
0.06328096,21324.562293955576,holdout
0.06341382,21338.095488052182,holdout
0.06368898,21341.57178169543,holdout
0.06340426,21310.024018293738,holdout
0.063469104,21339.97366134312,holdout
0.06362537,21333.576388492023,holdout
0.06373462,21320.174117243096,holdout
0.06348046,21333.505254915923,holdout
0.0636208,21316.57618063379,holdout
0.06356501,21343.173697237537,holdout
0.06348689,21331.789299756318,holdout
0.06370841,21353.711622376508,holdout
0.06355463,21320.21189700761,holdout
0.063509956,21335.044243876717,holdout
0.0632453,21330.444301704105,holdout
0.06379878,21321.398887125073,holdout
0.06382852,21333.971097663332,holdout
0.06372876,21363.52667645251,holdout
0.06347897,21354.36576619528,holdout
0.06336876,21325.828634075893,holdout
0.06350462,21324.907848403924,holdout
0.06376037,21346.911916747897,holdout
0.06331979,21326.267401168192,holdout
0.06332966,21317.535726995386,holdout
0.0639294,21331.676369574547,holdout
0.06369914,21354.647901241762,holdout
0.063590564,21335.849669455092,holdout
0.063664086,21330.681231665978,holdout
0.06352879,21357.94145042424,holdout
0.0637609,21331.95160867038,holdout
0.06354814,21312.667499448424,holdout
0.06356995,21322.346854561838,holdout
0.0636561,21340.376788549584,holdout
0.063455276,21316.547410760682,holdout
0.0635815,21326.336503333285,holdout
0.06375788,21341.633017595734,holdout
0.06354826,21328.816694648805,holdout
0.063280806,21325.24320924835,holdout
0.06355266,21326.713354244283,holdout
0.06386958,21311.789696452615,holdout
0.06350096,21322.578949458977,holdout
0.06379382,21322.03250579341,holdout
0.06331124,21317.870655148086,holdout
0.06367576,21336.12455603096,holdout
0.06321646,21368.85535165879,holdout
0.06321736,21366.057315850157,holdout
0.06318583,21321.9489715319,holdout
0.06318585,21321.947636907837,holdout
0.06377225,21318.282157945832,holdout
0.063680395,21326.03756404939,holdout
0.06345825,21356.905871755996,holdout
0.06337838,21360.590102657672,holdout
0.06371703,21331.590131874018,holdout
0.06368155,21316.632998834135,holdout
0.063699126,21369.01336313054,holdout
0.063408226,21318.67822532113,holdout
0.0636434,21326.288480446994,holdout
0.06337208,21319.955747044452,holdout
0.063216485,21368.855363448758,holdout
0.063185856,21331.27330367591,holdout
0.063686356,21331.7523665113,holdout
0.06367576,21325.699528061858,holdout
0.06342326,21312.7039705268,holdout
0.06368663,21373.955188356333,holdout
0.06318203,21324.914824526342,holdout
0.063260466,21346.758928980333,holdout
0.06340606,21325.435080321182,holdout
0.06344163,21312.104718428058,holdout
0.0633721,21319.956088953444,holdout
0.06379382,21312.79223963834,holdout
0.06370613,21326.073498684356,holdout
0.063434206,21318.946713482885,holdout
0.063337944,21371.344977304474,holdout
0.06368635,21373.173459429032,holdout
0.063372076,21328.728272267716,holdout
0.06318587,21321.948304219866,holdout
0.06374864,21370.11932553309,holdout
0.06333276,21316.000582742246,holdout
0.06367577,21377.424217023017,holdout
0.06368663,21332.566348067423,holdout
0.063328765,21314.51075675739,holdout
0.0637039,21325.182362416897,holdout
0.06374863,21318.925569359275,holdout
0.06371729,21315.77430265595,holdout
0.06350939,21316.176866302074,holdout
0.063222736,21312.371571321633,holdout
0.06329616,21350.872994896654,holdout
0.06371904,21370.41889675913,holdout
0.06341661,21333.619148337853,holdout
0.06337575,21318.960971087807,holdout
0.063022815,21406.710895001655,holdout
0.062840365,21412.475148114652,holdout
0.062840365,21393.165169351025,holdout
0.06291096,21399.407200193207,holdout
0.0628499,21398.642765965877,holdout
0.062905826,21413.24213722744,holdout
0.06286803,21413.001300071097,holdout
0.062849894,21398.640005935024,holdout
0.06286803,21413.001300071097,holdout
0.06289984,21388.604888621383,holdout
0.062840365,21393.16515402407,holdout
0.06285936,21421.69502234589,holdout
0.06286803,21427.203279944268,holdout
0.062859364,21421.69502470388,holdout
0.06283211,21387.83189134232,holdout
0.062859364,21404.482547954012,holdout
0.06284036,21393.165942772743,holdout
0.06286804,21413.001300071097,holdout
0.06288413,21398.30981852733,holdout
0.06285937,21421.693837454386,holdout
0.06283211,21407.768118867032,holdout
0.06291097,21399.40575710146,holdout
0.06283211,21407.76718981777,holdout
0.06284036,21412.4759097464,holdout
0.06291096,21417.806623437675,holdout
0.06285936,21421.69502234589,holdout
0.06286803,21413.001300071097,holdout
0.062849894,21417.0278361067,holdout
0.06289983,21388.60706504896,holdout
0.06284037,21412.475208243468,holdout
0.06289982,21408.534262639314,holdout
0.06286804,21427.203279944268,holdout
0.06289353,21403.610975954816,holdout
0.06284988,21417.025817664653,holdout
0.06284036,21393.165699899462,holdout
0.062859386,21404.48240411643,holdout
0.062905796,21413.240246117024,holdout
0.06284037,21393.16542401427,holdout
0.06284992,21398.642241312427,holdout
0.06284036,21412.474814458637,holdout
0.06283211,21387.83103067486,holdout
0.062849894,21417.030027861234,holdout
0.062849894,21398.639849128485,holdout
0.062893525,21383.30347653065,holdout
0.062840365,21393.166035913466,holdout
0.06291096,21399.405538987106,holdout
0.06289983,21408.533821694607,holdout
0.062840365,21393.165169351025,holdout
0.062849894,21398.640771103765,holdout
0.06291096,21399.40719547722,holdout
0.06283211,21407.76495090338,holdout
0.06325313,21370.411279262604,holdout
0.06386406,21328.61892977236,holdout
0.06384695,21331.151199722204,holdout
0.06388682,21328.504516412966,holdout
0.06384695,21331.151199722204,holdout
0.06386406,21328.61892977236,holdout
0.06386406,21328.61984231567,holdout
0.06384695,21331.151199722204,holdout
0.06384695,21331.151199722204,holdout
0.06384695,21331.151199722204,holdout
0.06384695,21331.151199722204,holdout
0.063905925,21328.325911408992,holdout
0.063864045,21328.619915413456,holdout
0.06384695,21331.151199722204,holdout
0.06384695,21331.151199722204,holdout
0.06384695,21331.151199722204,holdout
0.06384695,21331.151199722204,holdout
0.06384695,21331.151199722204,holdout
0.06384695,21331.151199722204,holdout
0.06384695,21331.151199722204,holdout
0.06384695,21331.151199722204,holdout
0.06384695,21331.151199722204,holdout
0.06384695,21331.151199722204,holdout
0.06384695,21331.151199722204,holdout
0.06384695,21331.151199722204,holdout
0.06384695,21331.151199722204,holdout
0.06384695,21331.151199722204,holdout
0.06384695,21331.151199722204,holdout
0.06384695,21331.151199722204,holdout
0.06384695,21331.151199722204,holdout
0.06384695,21331.151199722204,holdout
0.06384695,21331.151199722204,holdout
0.06384695,21345.420736096035,holdout
0.06384695,21331.151199722204,holdout
0.06384695,21331.151199722204,holdout
0.06384695,21331.151199722204,holdout
0.06384695,21331.151199722204,holdout
0.06384695,21331.151199722204,holdout
0.06367221,21328.456594920375,holdout
0.06384695,21331.151199722204,holdout
0.06386406,21328.617372317953,holdout
0.06386406,21328.617372317953,holdout
0.06386406,21328.61940372896,holdout
0.06384695,21331.151199722204,holdout
0.06384695,21331.151199722204,holdout
0.06384695,21331.151199722204,holdout
0.06386406,21328.617372317953,holdout
0.06384695,21331.151199722204,holdout
0.06384695,21331.151199722204,holdout
0.06384695,21331.151199722204,holdout
0.06384695,21331.151199722204,holdout
0.063490145,21343.233980508656,holdout
0.06282697,21324.458010534294,holdout
0.062867135,21323.167684908753,holdout
0.062861584,21322.895136282983,holdout
0.06286002,21324.079669371687,holdout
0.06285151,21323.98847870677,holdout
0.06286158,21324.313424295935,holdout
0.062851526,21323.99040400809,holdout
0.06286158,21324.313424295935,holdout
0.062861584,21324.313424295935,holdout
0.06283991,21320.3026573388,holdout
0.06286716,21323.16762477993,holdout
0.06285151,21323.99034270028,holdout
0.06286713,21323.168165939333,holdout
0.06283993,21324.126830411533,holdout
0.06286003,21320.552347580022,holdout
0.06286003,21324.08218888726,holdout
0.06283992,21324.127188826475,holdout
0.06285304,21319.698681001,holdout
0.06286002,21324.0818693792,holdout
0.062839895,21320.30487621025,holdout
0.062861584,21324.313424295935,holdout
0.06286003,21324.081485026338,holdout
0.06283992,21324.127188826475,holdout
0.062860034,21324.0818693792,holdout
0.0628399,21324.127219480382,holdout
0.06286158,21324.313424295935,holdout
0.06286002,21324.0818693792,holdout
0.06286002,21324.079669371687,holdout
0.06286002,21324.0818693792,holdout
0.06286158,21324.313424295935,holdout
0.062861584,21322.895136282983,holdout
0.06285151,21320.22267539381,holdout
0.06283991,21324.127312621113,holdout
0.06283992,21324.128114338742,holdout
0.0628515,21323.990341521276,holdout
0.06285151,21323.992151280938,holdout
0.0628399,21324.126240913265,holdout
0.06286158,21324.313424295935,holdout
0.06286004,21324.08218888726,holdout
0.06286002,21320.55137608689,holdout
0.06285303,21323.281263538604,holdout
0.06286002,21324.080632611847,holdout
0.06286713,21323.165736027502,holdout
0.06283991,21324.127153456575,holdout
0.06286002,21324.081630042907,holdout
0.062839895,21324.125986250023,holdout
0.062861584,21324.313424295935,holdout
0.06285151,21323.99040400809,holdout
0.06285151,21323.989764991984,holdout
0.06285909,21323.538401500857,holdout
0.0628591,21323.54060150836,holdout
0.06328001,21369.63149685857,holdout
0.063531645,21370.513192900882,holdout
0.06354452,21370.61623955481,holdout
0.063263476,21369.875129415654,holdout
0.063247584,21346.446817947304,holdout
0.06326348,21346.846102804102,holdout
0.06326348,21369.873161670464,holdout
0.0632476,21369.674384036014,holdout
0.06326348,21369.873331445964,holdout
0.06326348,21346.84606036023,holdout
0.06351877,21346.807371589388,holdout
0.06329513,21368.66335561233,holdout
0.063278586,21365.701357936512,holdout
0.06326348,21346.845843424868,holdout
0.06354453,21347.614954731394,holdout
0.06354452,21347.614153013757,holdout
0.06326349,21346.84606036023,holdout
0.063557535,21370.30339282795,holdout
0.0632635,21369.87568708101,holdout
0.0632476,21369.67593795343,holdout
0.06326348,21346.84702477938,holdout
0.063531645,21347.293888040793,holdout
0.063280016,21369.631301145142,holdout
0.0632476,21369.673966671242,holdout
0.063280016,21346.96944824114,holdout
0.06328,21369.63149685857,holdout
0.063247584,21346.447087937504,holdout
0.06326349,21346.84659326666,holdout
0.06324757,21369.67448307172,holdout
0.063531645,21347.295032846414,holdout
0.063280016,21369.63229386021,holdout
0.06327999,21369.63123040535,holdout
0.06351877,21370.112483816283,holdout
0.063564375,21347.09500783364,holdout
0.063247584,21346.444757061385,holdout
0.06326349,21369.87499265206,holdout
0.06323083,21345.88664133026,holdout
0.06329513,21346.661181915762,holdout
0.0632635,21369.875058675865,holdout
0.0632476,21369.67593795343,holdout
0.06324759,21369.6737450199,holdout
0.06354452,21370.617848885064,holdout
0.06328,21369.631126653658,holdout
0.063263476,21346.84673003025,holdout
0.063531645,21347.294936168695,holdout
0.06327999,21369.63123040535,holdout
0.06326349,21369.874010547963,holdout
0.06354453,21370.61623955481,holdout
0.063278586,21365.701357936512,holdout
0.06351877,21370.115182539317,holdout
0.06324757,21369.674971176282,holdout
0.06300269,21316.005951892406,holdout
0.06353411,21309.490782926194,holdout
0.06331268,21328.69520848928,holdout
0.06334328,21309.149794731373,holdout
0.06356953,21301.422148100908,holdout
0.06338926,21307.88892633391,holdout
0.0635609,21335.071971516896,holdout
0.06331907,21306.287964599982,holdout
0.06355815,21314.837759695474,holdout
0.063265376,21304.457627913893,holdout
0.063515335,21299.351442320094,holdout
0.06336614,21340.2157069709,holdout
0.0633393,21354.277974577333,holdout
0.06354765,21310.06363021885,holdout
0.06351112,21313.146964321633,holdout
0.06328958,21308.169101888176,holdout
0.06338243,21329.646026739636,holdout
0.06349341,21303.61786288285,holdout
0.063429624,21301.17516719369,holdout
0.06334265,21306.93614859134,holdout
0.063317105,21322.807288073203,holdout
0.06353431,21299.811414843818,holdout
0.06336305,21304.65849473018,holdout
0.06339654,21302.576432854876,holdout
0.06299476,21305.857507075165,holdout
0.063547656,21302.926830620923,holdout
0.06353963,21297.811783689274,holdout
0.06335359,21309.529237076724,holdout
0.06336305,21304.657744888395,holdout
0.06349923,21308.483082809686,holdout
0.06335867,21306.726598465673,holdout
0.06351534,21299.35120416279,holdout
0.06338243,21329.64809469953,holdout
0.06331691,21296.517099313598,holdout
0.06355815,21339.244725522043,holdout
0.0632907,21294.615105576944,holdout
0.063304946,21301.096057706123,holdout
0.063521944,21308.969456602506,holdout
0.06297817,21305.58225854737,holdout
0.06352401,21304.51809039248,holdout
0.06298354,21312.957986506262,holdout
0.06360747,21321.690094549787,holdout
0.06326489,21302.39046148063,holdout
0.06354763,21334.385800257638,holdout
0.06294538,21311.89634022494,holdout
0.06351598,21334.282589723185,holdout
0.063532665,21320.51766739735,holdout
0.06355816,21314.839162701337,holdout
0.063325346,21337.785545193758,holdout
0.06356094,21303.482400898567,holdout
0.06303756,21301.705048316137,holdout
0.06308769,21315.594028192896,holdout
0.06311766,21326.810554254473,holdout
0.06303951,21327.205199759963,holdout
0.063077345,21323.55427433101,holdout
0.06304885,21327.894683999446,holdout
0.06308384,21328.78409775299,holdout
0.063011974,21325.444685605842,holdout
0.06304271,21327.107469201335,holdout
0.06349562,21328.123436441452,holdout
0.06309903,21328.853484056246,holdout
0.0630465,21322.814044902265,holdout
0.06309006,21329.324364655782,holdout
0.06310565,21328.71405239068,holdout
0.06311764,21326.415788491333,holdout
0.063074976,21327.684039765016,holdout
0.06313064,21330.75467961225,holdout
0.063123584,21330.505363112923,holdout
0.06310162,21324.99841891667,holdout
0.06304883,21327.894686357442,holdout
0.063016444,21324.274650637344,holdout
0.06303162,21326.63267787034,holdout
0.062989034,21324.078872370043,holdout
0.063514054,21330.92116688998,holdout
0.063033335,21323.979271922944,holdout
0.063034594,21326.120397986964,holdout
0.06319321,21335.101920386525,holdout
0.06298903,21324.078642465724,holdout
0.06297655,21319.425333015584,holdout
0.063098334,21332.5959420591,holdout
0.0634341,21324.185328681917,holdout
0.0631161,21330.662526886175,holdout
0.06305847,21325.609930221235,holdout
0.06307791,21330.43640360641,holdout
0.06303977,21323.97437555039,holdout
0.06303308,21324.385965593883,holdout
0.06302895,21322.959199416946,holdout
0.06298904,21320.73190992917,holdout
0.06307212,21329.77930758035,holdout
0.063102186,21331.901665198755,holdout
0.062976524,21322.26903607546,holdout
0.0630493,21325.674204395582,holdout
0.063151985,21328.777774794646,holdout
0.063479334,21324.63947460483,holdout
0.06310218,21330.268193814758,holdout
0.06305667,21324.846840049944,holdout
0.063034594,21326.12273711606,holdout
0.06314132,21333.737536094515,holdout
0.06362036,21338.85185676431,holdout
0.06311764,21329.94628060465,holdout
0.063078985,21329.89168245476,holdout
0.06305575,21328.72481780791,holdout
0.06295345,21321.577145504078,holdout
0.0632481,21318.812168757893,holdout
0.06321634,21310.673989643816,holdout
0.06321634,21308.344070866882,holdout
0.06324808,21318.812801879027,holdout
0.0632481,21318.811671221363,holdout
0.063263,21325.82318357498,holdout
0.0632481,21318.812168757893,holdout
0.06321634,21310.673989643816,holdout
0.0632481,21318.811690085306,holdout
0.0632481,21318.812168757893,holdout
0.0632481,21318.812801879027,holdout
0.06321634,21310.673989643816,holdout
0.06321634,21310.673989643816,holdout
0.06321634,21308.344070866882,holdout
0.06324808,21318.811621703513,holdout
0.06324811,21318.813096628153,holdout
0.06321634,21310.673989643816,holdout
0.06321634,21308.344070866882,holdout
0.06321634,21310.673989643816,holdout
0.06321634,21310.673989643816,holdout
0.06321634,21310.673989643816,holdout
0.0632481,21314.899377590653,holdout
0.0632481,21318.812801879027,holdout
0.06321634,21310.673989643816,holdout
0.06321634,21310.673989643816,holdout
0.06321634,21310.673989643816,holdout
0.06321634,21310.673989643816,holdout
0.06326298,21325.823692901475,holdout
0.06321634,21310.673989643816,holdout
0.06321634,21310.673989643816,holdout
0.06321634,21310.673989643816,holdout
0.06324808,21318.812801879027,holdout
0.0632481,21318.812168757893,holdout
0.06321634,21308.344070866882,holdout
0.06321634,21310.673989643816,holdout
0.06321634,21310.673989643816,holdout
0.0632481,21318.811690085306,holdout
0.06321634,21310.673989643816,holdout
0.06321634,21310.673989643816,holdout
0.06321634,21310.673989643816,holdout
0.063262984,21325.822636520592,holdout
0.06321634,21310.673989643816,holdout
0.06321634,21310.673989643816,holdout
0.06324808,21318.811621703513,holdout
0.06321634,21310.673989643816,holdout
0.06324808,21318.811621703513,holdout
0.063262984,21325.821693323378,holdout
0.06321634,21310.673989643816,holdout
0.06321634,21310.673989643816,holdout
0.06324808,21318.812801879027,holdout
0.06344201,21323.56210286792,holdout
0.06314888,21322.477877624216,holdout
0.063289545,21364.139153355227,holdout
0.06323499,21364.97712749055,holdout
0.063006416,21340.253074086635,holdout
0.06288996,21310.2823010616,holdout
0.063311115,21355.123681750843,holdout
0.06296949,21346.40699380281,holdout
0.06303999,21350.89322176097,holdout
0.06306831,21347.979672589194,holdout
0.06351834,21339.28358053139,holdout
0.06314686,21354.622664821232,holdout
0.063485816,21318.36732158054,holdout
0.06326023,21331.298442239728,holdout
0.063068174,21344.845004977888,holdout
0.06327253,21333.908515348998,holdout
0.06312986,21347.088978445434,holdout
0.06327109,21333.727146777168,holdout
0.06290453,21343.387930337387,holdout
0.063237645,21342.319843198067,holdout
0.062933035,21352.819114936097,holdout
0.0631048,21324.80656434979,holdout
0.0629735,21355.362222221964,holdout
0.06320046,21336.5772046283,holdout
0.06321711,21357.22072277695,holdout
0.062861964,21347.395880671836,holdout
0.063210025,21326.32325494938,holdout
0.063205644,21354.405981766613,holdout
0.063155405,21348.98143174223,holdout
0.063262485,21332.631426317395,holdout
0.06327014,21353.250292827786,holdout
0.06314645,21333.758278180307,holdout
0.06292845,21335.950632822165,holdout
0.06311359,21345.55522540819,holdout
0.06317465,21355.199762396347,holdout
0.062953666,21335.75881008819,holdout
0.06332396,21334.913398842815,holdout
0.063424855,21329.608091347574,holdout
0.06333131,21336.575564644132,holdout
0.06311766,21328.12848962054,holdout
0.06321504,21347.687898067154,holdout
0.063190706,21350.349186785294,holdout
0.06311332,21331.361177823608,holdout
0.062951475,21355.121393318594,holdout
0.06291244,21326.9016388097,holdout
0.06335585,21344.06710661029,holdout
0.063034534,21361.445863134515,holdout
0.063243896,21353.902447679426,holdout
0.06339202,21353.193755228618,holdout
0.063235514,21339.759253751792,holdout
0.06297481,21342.8304099995,holdout
0.063000314,21344.786920535284,holdout
0.06369847,21340.229254819926,holdout
0.063569434,21309.688850804738,holdout
0.06361754,21343.96982289135,holdout
0.06305386,21349.8951351821,holdout
0.063722536,21321.59192658346,holdout
0.06350202,21331.86173022859,holdout
0.06346238,21338.048546305698,holdout
0.06351004,21321.808555404234,holdout
0.06376479,21342.50048668703,holdout
0.063587695,21320.88175213402,holdout
0.06342293,21324.528882373164,holdout
0.063538335,21306.200972341678,holdout
0.06363738,21345.85929568495,holdout
0.06378772,21320.93581973548,holdout
0.063479476,21335.52880673088,holdout
0.06386168,21340.958098679268,holdout
0.063428335,21363.285848728137,holdout
0.06345564,21318.21560595022,holdout
0.06346524,21353.658180822204,holdout
0.06361053,21345.234764721794,holdout
0.063457906,21324.9112792838,holdout
0.063778006,21332.89080673102,holdout
0.06364442,21334.7372107817,holdout
0.063354015,21339.05036676655,holdout
0.06352993,21332.090882350418,holdout
0.06351498,21332.920648311963,holdout
0.06315271,21313.04582056808,holdout
0.06344703,21320.514058489,holdout
0.063471064,21333.966532588798,holdout
0.06363671,21353.068154371238,holdout
0.06369151,21329.550447849662,holdout
0.06370628,21311.813931905108,holdout
0.06375613,21359.00841515887,holdout
0.06360173,21326.56689104346,holdout
0.06377226,21318.282572952612,holdout
0.063704036,21373.229346222128,holdout
0.06318585,21331.273059623625,holdout
0.063654624,21322.302353338153,holdout
0.06330734,21313.228587429778,holdout
0.06337207,21371.155602167273,holdout
0.06314703,21322.65035302528,holdout
0.063791096,21328.083446058452,holdout
0.06371702,21322.1931122365,holdout
0.06369019,21318.96319467525,holdout
0.06374769,21401.44663780729,holdout
0.063744456,21366.821864440157,holdout
0.063717015,21322.193779548525,holdout
0.06322274,21316.457229316784,holdout
0.06314602,21325.325091735733,holdout
0.06326002,21362.82468305993,holdout
0.063334204,21374.842713357448,holdout
0.06329339,21365.824008944597,holdout
0.06377333,21315.82210624889,holdout
0.063686624,21322.94925458129,holdout
0.063183516,21315.490724517727,holdout
0.06377335,21315.823183851713,holdout
0.06367577,21325.69843159509,holdout
0.06369331,21329.9244043242,holdout
0.0636902,21318.963214718187,holdout
0.06324768,21368.70320451574,holdout
0.06372747,21314.59063966667,holdout
0.063300945,21333.40419958712,holdout
0.06338538,21358.569122234127,holdout
0.06285937,21404.483731666518,holdout
0.062899835,21408.53178910461,holdout
0.062849894,21398.640597791276,holdout
0.062840365,21393.166152634127,holdout
0.06285936,21404.48263755774,holdout
0.06283211,21407.767738051156,holdout
0.062905796,21413.239557583052,holdout
0.062859364,21421.695634245083,holdout
0.06285937,21421.693837454386,holdout
0.0628499,21417.030027861234,holdout
0.06288413,21398.308719702574,holdout
0.06286803,21427.203279944268,holdout
0.062859386,21421.694020198847,holdout
0.062849894,21417.02880170485,holdout
0.062849894,21417.028254650464,holdout
0.062905796,21413.240246117024,holdout
0.06284991,21417.025472218673,holdout
0.062859364,21404.483731666518,holdout
0.062918924,21422.65626056749,holdout
0.062859364,21421.694416341677,holdout
0.062840365,21412.47543343181,holdout
0.06284037,21393.165411045316,holdout
0.062859364,21421.695022345888,holdout
0.06286803,21427.203279944268,holdout
0.062905796,21393.92186818218,holdout
0.06291097,21399.407200193207,holdout
0.06286804,21427.203279944268,holdout
0.062905796,21393.92186818218,holdout
0.06285938,21404.48294527583,holdout
0.062849894,21417.027646288258,holdout
0.062849894,21417.02774178698,holdout
0.06368709,21331.91553727182,holdout
0.06384695,21331.151199722204,holdout
0.06384695,21331.151199722204,holdout
0.06384695,21331.151199722204,holdout
0.06384695,21331.151199722204,holdout
0.06384695,21331.151199722204,holdout
0.06384695,21331.151199722204,holdout
0.063864045,21328.619915413456,holdout
0.06384695,21331.151199722204,holdout
0.06384695,21331.151199722204,holdout
0.06384695,21331.151199722204,holdout
0.06384695,21331.151199722204,holdout
0.06388681,21328.50491845078,holdout
0.06362629,21329.92962020481,holdout
0.06384695,21331.151199722204,holdout
0.06384695,21331.151199722204,holdout
0.06384695,21331.151199722204,holdout
0.06386406,21328.61975742792,holdout
0.06384695,21331.151199722204,holdout
0.06384695,21331.151199722204,holdout
0.06384695,21331.151199722204,holdout
0.06384695,21331.151199722204,holdout
0.06384695,21331.151199722204,holdout
0.06384695,21331.151199722204,holdout
0.06384695,21331.151199722204,holdout
0.06384695,21331.151199722204,holdout
0.06386406,21328.619915413456,holdout
0.06384695,21331.151199722204,holdout
0.06384695,21331.151199722204,holdout
0.06384695,21345.420736096035,holdout
0.06384695,21331.151199722204,holdout
0.063371494,21332.784596829424,holdout
0.06285151,21323.988492854736,holdout
0.06286002,21324.081630042907,holdout
0.06286002,21324.08053711313,holdout
0.062861584,21322.895136282983,holdout
0.06286158,21324.313424295935,holdout
0.06286003,21320.552347580022,holdout
0.06285304,21323.281263538604,holdout
0.062861584,21322.895136282983,holdout
0.06286158,21324.313424295935,holdout
0.06282699,21324.459091674104,holdout
0.06285151,21323.991111406005,holdout
0.06286003,21324.079669371687,holdout
0.062839895,21324.125478102524,holdout
0.062861584,21324.313424295935,holdout
0.06285909,21323.54016999564,holdout
0.062861584,21322.895136282983,holdout
0.06285151,21320.22267539381,holdout
0.06282697,21324.457685131252,holdout
0.06285151,21323.988079026953,holdout
0.06286002,21324.0818693792,holdout
0.06286713,21323.165736027502,holdout
0.06286002,21324.080632611847,holdout
0.062867135,21323.167727352626,holdout
0.06286002,21324.081630042907,holdout
0.06283991,21324.1254179737,holdout
0.06286584,21319.48580021016,holdout
0.06286003,21324.08218888726,holdout
0.06282698,21324.45741042506,holdout
0.06286002,21324.08053711313,holdout
0.06286003,21324.079669371687,holdout
0.06285151,21323.989362954162,holdout
0.063247584,21369.67376388384,holdout
0.063278586,21365.701357936512,holdout
0.06353164,21370.51271422829,holdout
0.06351877,21346.807254868734,holdout
0.06323082,21369.191465881995,holdout
0.06326348,21369.874636595112,holdout
0.06355755,21347.67956374075,holdout
0.0632635,21346.848296916625,holdout
0.06328,21369.631126653658,holdout
0.063247584,21346.44724592304,holdout
0.06351876,21346.808936117766,holdout
0.063278586,21345.20099590344,holdout
0.063263476,21346.846237209706,holdout
0.063531645,21370.51240061522,holdout
0.063557535,21347.68038903831,holdout
0.063278586,21365.701357936512,holdout
0.06355755,21370.302999043117,holdout
0.0632635,21369.874537559404,holdout
0.063280016,21369.629987743017,holdout
0.06328,21346.96823741171,holdout
0.063247584,21369.6734054689,holdout
0.063278586,21365.701357936512,holdout
0.06355755,21370.304402048972,holdout
0.06355755,21370.302999043117,holdout
0.06329513,21368.665277376662,holdout
0.06326349,21346.846701734332,holdout
0.063544504,21370.618261533844,holdout
0.063295126,21346.660059511072,holdout
0.06324759,21369.6747613149,holdout
0.06329515,21368.665921108757,holdout
0.063280016,21369.63253909149,holdout
0.06304782,21319.287877348186,holdout
0.06334328,21302.044291596107,holdout
0.0634794,21300.60986547877,holdout
0.06301465,21313.137568898353,holdout
0.06339473,21306.435639809228,holdout
0.06356638,21320.1706922582,holdout
0.0634872,21295.85410948393,holdout
0.06298657,21307.74322004885,holdout
0.062994726,21323.304553435883,holdout
0.0632932,21322.41545093742,holdout
0.06326491,21302.389745829743,holdout
0.06338245,21329.646900376054,holdout
0.063509315,21296.900820237315,holdout
0.06334875,21312.17903057878,holdout
0.06327355,21327.057956063447,holdout
0.0632932,21298.29152326867,holdout
0.063521944,21302.02143085356,holdout
0.06336305,21304.657593976837,holdout
0.06326825,21303.605142689383,holdout
0.063366115,21314.87303880838,holdout
0.063568875,21322.49260800675,holdout
0.06356093,21310.76015188857,holdout
0.06326072,21302.561372353317,holdout
0.06327355,21327.060907091738,holdout
0.06334129,21296.950672926218,holdout
0.06353411,21302.458477789936,holdout
0.06300973,21332.614276633994,holdout
0.063534304,21292.52609941213,holdout
0.06334328,21302.043985057007,holdout
0.06355059,21321.51740928734,holdout
0.06295562,21306.820977137188,holdout
0.06309022,21307.193316028497,holdout
0.06301006,21325.40068309768,holdout
0.06305847,21321.448033595054,holdout
0.063537404,21328.631133565355,holdout
0.063031636,21326.63166511233,holdout
0.06309902,21328.85471610761,holdout
0.06314514,21331.8495287936,holdout
0.063010074,21325.39818834104,holdout
0.06357252,21333.021895817208,holdout
0.06305495,21322.929766947796,holdout
0.063078985,21329.891160159295,holdout
0.06304931,21325.674713722077,holdout
0.063019216,21318.8723871842,holdout
0.06307732,21323.212746155787,holdout
0.06304019,21321.14631423736,holdout
0.06307733,21327.19992728752,holdout
0.06301921,21318.99247623285,holdout
0.06298904,21324.079603347887,holdout
0.06309147,21329.11755098105,holdout
0.06303334,21327.105289236773,holdout
0.063126214,21332.837083396545,holdout
0.06350733,21327.642402323876,holdout
0.06349838,21329.53615133785,holdout
0.063006714,21317.260551565363,holdout
0.063011974,21321.75834783739,holdout
0.06309901,21328.85545180144,holdout
0.06305576,21328.724517163795,holdout
0.06303332,21323.97977653345,holdout
0.063068055,21326.93301780211,holdout
0.063039474,21325.17895157996,holdout
0.06307733,21323.553568112096,holdout
0.06307791,21328.802880346568,holdout
0.06312447,21315.29947949204,holdout
0.06321634,21310.673989643816,holdout
0.06321634,21310.673989643816,holdout
0.063262984,21321.019686474006,holdout
0.063262984,21325.824166858074,holdout
0.0632481,21318.811671221363,holdout
0.0632481,21318.812168757893,holdout
0.06321634,21310.673989643816,holdout
0.06321634,21310.673989643816,holdout
0.06347036,21323.373149811476,holdout
0.06321634,21310.673989643816,holdout
0.0632481,21318.812168757893,holdout
0.06321634,21310.673989643816,holdout
0.06321634,21310.673989643816,holdout
0.06321634,21310.673989643816,holdout
0.06321634,21310.673989643816,holdout
0.0632481,21318.811671221363,holdout
0.06321634,21310.673989643816,holdout
0.06324811,21318.811690085306,holdout
0.06321634,21310.673989643816,holdout
0.06324811,21318.81162052451,holdout
0.0632481,21318.81162052451,holdout
0.06321634,21310.673989643816,holdout
0.06321634,21310.673989643816,holdout
0.0632481,21318.812168757893,holdout
0.063467294,21316.159662384838,holdout
0.06321634,21310.673989643816,holdout
0.063262984,21325.823136415118,holdout
0.06321634,21310.673989643816,holdout
0.06321634,21310.673989643816,holdout
0.06321634,21310.673989643816,holdout
0.06350491,21314.736904796075,holdout
0.0633619,21358.931743836114,holdout
0.0632249,21347.209998901326,holdout
0.06312216,21349.47906259384,holdout
0.06312309,21337.987020372253,holdout
0.063184164,21365.33382463502,holdout
0.06311131,21349.664482197706,holdout
0.06324793,21337.011169667763,holdout
0.063248016,21332.75394881486,holdout
0.062955365,21358.10174443325,holdout
0.06337098,21364.395956482454,holdout
0.063093975,21351.362635688834,holdout
0.06299775,21353.326398232213,holdout
0.063478835,21321.927438339437,holdout
0.06325432,21354.643333809236,holdout
0.0631302,21338.776514170626,holdout
0.063154414,21329.65969956229,holdout
0.06298243,21349.88488734433,holdout
0.063571885,21336.089821614452,holdout
0.06317099,21341.574966165033,holdout
0.062916204,21321.233491598116,holdout
0.062947094,21329.816905779408,holdout
0.06311105,21335.706193831447,holdout
0.06309712,21339.699629539722,holdout
0.06321963,21334.5312660274,holdout
0.06305131,21349.004836002172,holdout
0.06299352,21349.037648654346,holdout
0.06290777,21347.263559534284,holdout
0.063182145,21330.101632260245,holdout
0.0632536,21340.020863647835,holdout
0.06316437,21356.77048640649,holdout
0.06325878,21316.30950341069,holdout
